DAY;N10D;GPRD;GPRD_ACT;GPRD_THREAT;date;GPRD_MA30;GPRD_MA7;
20000101;942;123,08;112,18;122,81;01.01.00;93,99;117,09;
20000102;790;50,32;75,24;27,89;02.01.00;94,00;107,84;
20000103;787;101,02;92,32;98,00;03.01.00;94,99;105,17;
20000104;848;93,75;116,83;71,46;04.01.00;95,87;91,81;
20000105;975;47,57;47,42;56,50;05.01.00;95,57;81,18;
20000106;1019;52,01;51,85;59,47;06.01.00;94,74;76,64;
20000107;1113;41,67;41,54;54,45;07.01.00;93,94;72,77;
20000108;1020;77,94;123,03;54,01;08.01.00;93,86;66,33;
20000109;862;57,64;53,63;57,52;09.01.00;92,51;67,37;
20000110;909;65,60;58,13;72,73;10.01.00;91,09;62,31;
20000111;1074;55,52;49,20;61,55;11.01.00;90,61;56,85;
20000112;1175;50,75;33,73;65,64;12.01.00;89,56;57,30;
20000113;1210;65,70;60,04;72,85;13.01.00;88,01;59,26;
20000114;1174;59,25;61,88;56,31;14.01.00;86,54;61,77;
20000115;1131;52,72;40,88;73,06;15.01.00;85,75;58,17;
20000116;837;51,45;71,02;46,07;16.01.00;85,41;57,28;
20000117;918;54,13;57,56;48,01;17.01.00;82,07;55,65;
20000118;949;66,32;48,72;87,08;18.01.00;81,78;57,19;
20000119;1123;82,59;47,05;112,83;19.01.00;80,70;61,74;
20000120;1193;61,09;49,83;69,27;20.01.00;79,69;61,08;
20000121;1147;75,09;69,10;81,65;21.01.00;79,20;63,34;
20000122;1072;74,16;86,26;87,36;22.01.00;79,32;66,40;
20000123;844;54,95;54,78;45,69;23.01.00;78,38;66,90;
20000124;949;90,76;104,40;69,66;24.01.00;76,72;72,14;
20000125;1039;60,58;69,93;53,02;25.01.00;74,90;71,32;
20000126;1158;74,38;74,15;71,36;26.01.00;73,39;70,14;
20000127;1189;66,86;61,10;69,50;27.01.00;69,38;70,97;
20000128;1226;48,63;43,10;44,93;28.01.00;66,93;67,19;
20000129;1175;45,11;61,83;32,82;29.01.00;65,64;63,04;
20000130;829;59,94;55,77;59,81;30.01.00;65,35;63,75;
20000131;919;79,30;71,87;83,92;31.01.00;63,89;62,11;
20000201;1053;84,94;94,08;78,48;01.02.00;65,05;65,59;
20000202;1293;64,05;66,40;59,65;02.02.00;63,81;64,12;
20000203;1172;53,70;61,99;51,71;03.02.00;62,48;62,24;
20000204;1185;61,50;66,88;69,73;04.02.00;62,94;64,08;
20000205;1120;62,11;64,87;49,19;05.02.00;63,28;66,51;
20000206;839;59,22;55,11;65,66;06.02.00;63,87;66,40;
20000207;912;79,91;101,39;54,37;07.02.00;63,93;66,49;
20000208;986;124,31;160,76;89,40;08.02.00;66,15;72,11;
20000209;1162;76,97;85,26;75,86;09.02.00;66,53;73,96;
20000210;1240;61,44;58,59;66,64;10.02.00;66,73;75,07;
20000211;1186;92,17;122,52;65,03;11.02.00;68,11;79,45;
20000212;1148;80,79;92,05;62,38;12.02.00;68,61;82,12;
20000213;844;62,80;62,60;52,22;13.02.00;68,73;82,63;
20000214;912;76,28;137,60;18,12;14.02.00;69,52;82,11;
20000215;997;79,74;66,25;93,93;15.02.00;70,46;75,74;
20000216;1272;65,11;57,12;69,30;16.02.00;70,83;74,05;
20000217;1223;65,01;48,60;72,07;17.02.00;70,78;74,56;
20000218;1154;48,80;68,68;28,64;18.02.00;69,66;68,36;
20000219;1143;55,06;52,01;48,20;19.02.00;69,46;64,68;
20000220;876;45,38;60,32;31,44;20.02.00;68,46;62,20;
20000221;805;41,15;24,61;47,90;21.02.00;67,36;57,18;
20000222;1051;63,04;62,84;73,38;22.02.00;67,63;54,79;
20000223;1224;54,13;32,38;67,51;23.02.00;66,41;53,22;
20000224;1235;34,87;21,39;40,15;24.02.00;65,56;48,92;
20000225;1181;64,51;67,11;60,64;25.02.00;65,23;51,16;
20000226;1159;48,59;62,69;28,52;26.02.00;64,62;50,24;
20000227;850;35,07;31,08;38,89;27.02.00;64,17;48,77;
20000228;914;65,24;108,39;36,16;28.02.00;64,84;52,21;
20000229;1058;46,96;31,21;52,07;29.02.00;64,40;49,91;
20000301;1243;58,63;63,76;53,18;01.03.00;63,72;50,55;
20000302;1240;29,39;26,63;31,10;02.03.00;61,86;49,77;
20000303;1216;51,76;65,18;36,24;03.03.00;61,45;47,95;
20000304;1095;45,38;72,38;20,12;04.03.00;61,18;47,49;
20000305;894;33,35;29,55;36,97;05.03.00;60,24;47,24;
20000306;949;55,85;55,68;58,05;06.03.00;60,03;45,90;
20000307;1047;44,29;44,16;52,62;07.03.00;59,53;45,52;
20000308;1197;47,05;27,59;55,23;08.03.00;58,44;43,87;
20000309;1276;64,90;46,59;73,40;09.03.00;56,46;48,94;
20000310;1177;39,40;44,89;28,08;10.03.00;55,20;47,17;
20000311;1127;55,85;41,02;68,43;11.03.00;55,02;48,67;
20000312;867;45,85;30,47;50,83;12.03.00;53,47;50,46;
20000313;977;40,69;33,80;39,47;13.03.00;52,14;48,29;
20000314;1009;55,81;85,10;32,76;14.03.00;51,90;49,93;
20000315;1268;41,80;15,63;56,48;15.03.00;50,75;49,19;
20000316;1254;68,68;47,40;87,86;16.03.00;50,39;49,73;
20000317;1223;73,13;54,00;81,08;17.03.00;50,65;54,54;
20000318;1152;43,13;22,93;52,60;18.03.00;49,92;52,73;
20000319;917;50,57;28,81;66,08;19.03.00;49,98;53,40;
20000320;934;67,39;42,43;94,37;20.03.00;50,39;57,22;
20000321;1008;59,15;39,31;71,05;21.03.00;50,85;57,69;
20000322;1258;63,20;47,25;74,45;22.03.00;51,59;60,75;
20000323;1237;48,20;37,38;57,90;23.03.00;51,09;57,83;
20000324;1211;54,71;43,63;68,24;24.03.00;51,11;55,19;
20000325;1162;42,76;34,10;47,41;25.03.00;51,38;55,14;
20000326;856;38,70;30,86;38,61;26.03.00;50,52;53,44;
20000327;927;57,17;57,00;47,54;27.03.00;50,80;51,98;
20000328;1028;77,34;64,25;85,74;28.03.00;52,21;54,58;
20000329;1273;20,82;15,56;21,64;29.03.00;50,73;48,53;
20000330;1222;48,79;21,62;67,62;30.03.00;50,79;48,61;
20000331;1265;47,14;26,11;56,61;31.03.00;50,41;47,53;
20000401;1078;33,80;12,25;45,99;01.04.00;50,56;46,25;
20000402;870;49,50;22,77;63,32;02.04.00;50,48;47,79;
20000403;976;33,94;33,84;28,22;03.04.00;50,10;44,47;
20000404;1084;36,67;42,65;30,49;04.04.00;50,21;38,67;
20000405;1234;24,16;26,76;17,86;05.04.00;49,15;39,14;
20000406;1242;26,67;37,22;22,18;06.04.00;48,57;35,98;
20000407;1180;44,92;50,38;42,02;07.04.00;48,49;35,67;
20000408;1128;23,49;29,28;19,54;08.04.00;47,11;34,19;
20000409;869;57,18;53,20;50,72;09.04.00;47,71;35,29;
20000410;915;36,20;43,31;24,08;10.04.00;47,05;35,61;
20000411;859;65,56;23,07;102,61;11.04.00;47,71;39,74;
20000412;1163;51,27;34,07;56,84;12.04.00;48,06;43,61;
20000413;1274;44,20;31,11;47,57;13.04.00;47,67;46,12;
20000414;1181;53,29;44,74;60,64;14.04.00;48,06;47,31;
20000415;1141;60,97;46,31;77,25;15.04.00;47,80;52,67;
20000416;903;55,03;29,26;67,11;16.04.00;47,20;52,36;
20000417;1030;51,46;32,06;58,83;17.04.00;47,47;54,54;
20000418;1054;44,00;31,33;47,04;18.04.00;47,26;51,46;
20000419;1142;63,81;52,05;72,36;19.04.00;47,14;53,25;
20000420;1226;37,83;43,10;26,96;20.04.00;46,43;52,34;
20000421;1007;32,90;26,24;38,29;21.04.00;45,42;49,43;
20000422;1030;51,46;25,65;69,53;22.04.00;45,52;48,07;
20000423;794;54,24;58,23;62,44;23.04.00;45,51;47,96;
20000424;870;106,61;83,51;120,31;24.04.00;47,64;55,83;
20000425;911;76,36;50,75;102,80;25.04.00;48,89;60,46;
20000426;1178;42,18;44,85;32,74;26.04.00;48,39;57,37;
20000427;1215;51,80;27,18;68,01;27.04.00;47,54;59,36;
20000428;1202;66,14;71,43;64,16;28.04.00;49,05;64,11;
20000429;1049;63,16;75,55;68,27;29.04.00;49,53;65,78;
20000430;848;50,78;62,31;45,48;30.04.00;49,65;65,29;
20000501;924;64,53;50,04;89,43;01.05.00;50,68;59,28;
20000502;936;42,47;63,51;35,31;02.05.00;50,44;54,44;
20000503;1258;76,36;73,50;83,20;03.05.00;51,86;59,32;
20000504;1267;75,82;93,83;52,18;04.05.00;53,16;62,75;
20000505;1202;90,94;115,39;77,91;05.05.00;55,39;66,30;
20000506;1073;86,44;123,11;56,48;06.05.00;57,38;69,62;
20000507;838;43,48;47,29;46,02;07.05.00;57,33;68,58;
20000508;932;95,96;99,21;100,49;08.05.00;59,75;73,07;
20000509;1030;102,91;115,42;85,58;09.05.00;61,27;81,70;
20000510;1209;93,16;109,26;95,69;10.05.00;63,17;84,10;
20000511;1311;93,49;100,76;92,45;11.05.00;64,10;86,63;
20000512;1194;97,10;105,10;78,44;12.05.00;65,63;87,51;
20000513;1113;89,29;100,88;69,30;13.05.00;67,13;87,91;
20000514;866;30,60;38,13;25,45;14.05.00;66,38;86,07;
20000515;949;76,79;62,64;92,88;15.05.00;66,90;83,34;
20000516;1074;117,20;110,69;138,49;16.05.00;68,98;85,38;
20000517;1265;31,42;36,55;39,19;17.05.00;68,31;76,56;
20000518;1250;98,05;105,68;88,14;18.05.00;70,11;77,21;
20000519;1207;104,29;82,08;114,11;19.05.00;71,46;78,24;
20000520;1155;65,96;80,06;52,47;20.05.00;72,40;74,90;
20000521;948;73,38;62,70;75,55;21.05.00;73,75;81,02;
20000522;939;116,42;140,68;111,47;22.05.00;75,91;86,68;
20000523;992;86,82;93,21;77,75;23.05.00;77,00;82,34;
20000524;1107;89,77;107,39;69,67;24.05.00;76,44;90,67;
20000525;1269;46,99;67,66;34,73;25.05.00;75,46;83,38;
20000526;1279;75,11;77,46;64,61;26.05.00;76,56;79,21;
20000527;1131;61,51;40,88;73,06;27.05.00;76,88;78,57;
20000528;856;69,66;23,15;102,97;28.05.00;77,00;78,04;
20000529;764;112,73;95,09;144,21;29.05.00;78,65;77,51;
20000530;883;78,78;97,24;68,63;30.05.00;79,58;76,36;
20000531;1122;82,67;52,98;98,20;31.05.00;80,19;75,35;
20000601;1245;114,41;74,27;146,02;01.06.00;82,58;84,98;
20000602;1177;64,73;50,50;74,89;02.06.00;82,20;83,50;
20000603;1109;74,67;53,60;79,48;03.06.00;82,16;85,38;
20000604;841;74,84;47,12;124,46;04.06.00;81,62;86,12;
20000605;916;108,49;100,95;132,31;05.06.00;82,36;85,51;
20000606;1037;89,44;76,43;100,94;06.06.00;83,89;87,04;
20000607;1320;67,76;65,05;83,47;07.06.00;82,95;84,91;
20000608;1284;49,02;30,86;55,78;08.06.00;81,15;75,56;
20000609;1247;50,47;52,97;53,01;09.06.00;79,73;73,53;
20000610;1117;91,93;106,43;69,05;10.06.00;79,68;75,99;
20000611;875;60,57;75,48;50,37;11.06.00;78,46;73,96;
20000612;939;52,92;35,17;58,67;12.06.00;77,25;66,02;
20000613;1060;71,88;99,69;57,17;13.06.00;78,62;63,51;
20000614;1217;40,83;43,42;31,69;14.06.00;77,42;59,66;
20000615;1275;67,55;46,62;77,77;15.06.00;75,77;62,31;
20000616;1116;77,17;82,86;69,11;16.06.00;77,29;66,12;
20000617;1094;57,53;72,45;55,39;17.06.00;75,94;61,21;
20000618;861;57,71;38,36;70,38;18.06.00;74,39;60,80;
20000619;937;67,17;28,20;94,07;19.06.00;74,43;62,83;
20000620;1075;49,30;30,72;61,50;20.06.00;73,63;59,61;
20000621;1244;71,90;63,71;79,71;21.06.00;72,14;64,05;
20000622;1264;44,55;10,45;65,38;22.06.00;70,74;60,76;
20000623;1188;36,25;27,80;46,37;23.06.00;68,95;54,92;
20000624;1075;55,47;49,15;51,25;24.06.00;69,23;54,62;
20000625;852;62,21;31,01;77,59;25.06.00;68,80;55,26;
20000626;935;42,51;28,26;47,14;26.06.00;68,17;51,74;
20000627;1075;46,22;49,15;46,12;27.06.00;67,39;51,30;
20000628;1183;61,60;16,75;88,48;28.06.00;65,69;49,83;
20000629;1271;49,52;36,38;56,35;29.06.00;64,71;50,54;
20000630;1220;65,17;37,90;85,80;30.06.00;64,13;54,67;
20000701;1040;63,70;57,16;58,27;01.07.00;62,44;55,85;
20000702;801;37,22;24,74;41,27;02.07.00;61,52;52,28;
20000703;911;32,73;14,50;42,33;03.07.00;60,12;50,88;
20000704;879;67,83;90,17;43,87;04.07.00;59,89;53,97;
20000705;1020;77,94;51,80;97,22;05.07.00;58,87;56,30;
20000706;1214;73,67;48,96;81,68;06.07.00;58,34;59,75;
20000707;1144;66,60;63,51;77,05;07.07.00;58,31;59,96;
20000708;1067;31,05;30,95;30,98;08.07.00;57,71;55,29;
20000709;833;47,72;23,79;66,13;09.07.00;57,61;56,79;
20000710;927;64,32;57,00;77,26;10.07.00;56,69;61,31;
20000711;1017;45,60;32,47;48,75;11.07.00;56,19;58,13;
20000712;1167;34,06;33,96;33,04;12.07.00;55,57;51,86;
20000713;1169;62,34;28,25;80,11;13.07.00;55,25;50,24;
20000714;1175;64,84;28,11;84,39;14.07.00;56,05;49,99;
20000715;1016;48,91;32,50;59,64;15.07.00;55,43;52,54;
20000716;837;23,75;23,67;19,75;16.07.00;53,65;49,12;
20000717;934;56,75;56,57;53,08;17.07.00;53,62;48,03;
20000718;1036;31,97;25,50;31,91;18.07.00;52,76;46,09;
20000719;1156;63,04;22,85;95,31;19.07.00;52,62;50,23;
20000720;1263;65,57;31,38;91,60;20.07.00;53,17;50,69;
20000721;1161;22,83;17,07;28,47;21.07.00;51,53;44,69;
20000722;1059;62,56;37,42;72,83;22.07.00;52,13;46,64;
20000723;874;26,53;45,34;18,91;23.07.00;51,81;47,04;
20000724;918;57,74;43,17;60,01;24.07.00;51,88;47,18;
20000725;1051;50,43;87,98;26,21;25.07.00;51,49;49,81;
20000726;1189;39,00;33,33;37,07;26.07.00;51,37;46,38;
20000727;1253;74,02;57,98;79,14;27.07.00;52,30;47,59;
20000728;1109;38,83;23,82;49,68;28.07.00;51,54;49,87;
20000729;1060;68,75;74,77;67,56;29.07.00;52,18;50,76;
20000730;896;36,97;29,49;43,04;30.07.00;51,24;52,25;
20000731;901;47,80;36,65;55,03;31.07.00;50,71;50,83;
20000801;1012;55,65;58,74;54,44;01.08.00;51,33;51,57;
20000802;1142;55,11;40,48;62,71;02.08.00;52,07;53,88;
20000803;1165;45,49;73,70;23,64;03.08.00;51,33;49,80;
20000804;1128;55,80;40,99;73,26;04.08.00;50,59;52,22;
20000805;969;34,19;27,26;39,80;05.08.00;49,27;47,29;
20000806;875;11,36;7,55;12,59;06.08.00;47,43;43,63;
20000807;839;35,53;23,62;39,40;07.08.00;47,58;41,88;
20000808;952;73,07;62,44;86,80;08.08.00;48,43;44,36;
20000809;1063;59,21;80,77;36,28;09.08.00;48,26;44,95;
20000810;1223;56,88;59,40;54,05;10.08.00;48,63;46,58;
20000811;1124;38,31;29,38;39,21;11.08.00;48,77;44,08;
20000812;1023;38,86;38,74;48,47;12.08.00;47,99;44,75;
20000813;864;34,51;30,58;38,26;13.08.00;46,98;48,05;
20000814;952;41,76;48,56;52,08;14.08.00;46,74;48,94;
20000815;988;67,06;66,85;61,34;15.08.00;48,19;48,08;
20000816;1160;57,11;45,55;61,74;16.08.00;48,20;47,78;
20000817;1259;39,47;41,97;43,76;17.08.00;48,45;45,30;
20000818;1225;32,45;21,57;40,47;18.08.00;47,43;44,46;
20000819;980;33,80;33,70;28,11;19.08.00;46,37;43,74;
20000820;838;27,67;31,53;19,72;20.08.00;46,53;42,76;
20000821;922;46,71;7,16;71,70;21.08.00;46,00;43,47;
20000822;917;46,96;14,41;66,08;22.08.00;46,68;40,60;
20000823;1082;45,92;30,52;56,01;23.08.00;46,29;39,00;
20000824;1173;45,18;33,78;46,97;24.08.00;46,11;39,81;
20000825;1106;50,92;41,80;54,79;25.08.00;46,51;42,45;
20000826;1019;45,51;19,44;64,88;26.08.00;45,56;44,12;
20000827;839;47,38;55,11;45,96;27.08.00;45,85;46,94;
20000828;824;100,50;112,22;93,60;28.08.00;46,90;54,63;
20000829;919;50,46;21,56;65,94;29.08.00;47,35;55,13;
20000830;1085;58,01;48,70;60,93;30.08.00;47,69;56,85;
20000831;1181;42,07;50,33;32,65;31.08.00;47,24;56,41;
20000901;1096;45,34;30,13;55,29;01.09.00;46,92;55,61;
20000902;1039;63,76;38,14;84,84;02.09.00;47,53;58,22;
20000903;859;38,56;38,44;38,48;03.09.00;46,95;56,96;
20000904;821;52,45;40,22;60,39;04.09.00;47,56;50,09;
20000905;938;52,97;77,45;29,37;05.09.00;48,95;50,45;
20000906;1210;54,75;32,75;72,85;06.09.00;49,59;49,99;
20000907;1245;39,91;26,53;44,25;07.09.00;48,48;49,68;
20000908;1259;36,84;31,48;35,01;08.09.00;47,74;48,46;
20000909;1115;59,42;29,62;74,11;09.09.00;47,82;47,84;
20000910;945;38,56;48,92;34,98;10.09.00;47,83;47,84;
20000911;998;59,75;52,94;66,24;11.09.00;48,53;48,88;
20000912;1047;69,61;37,85;84,19;12.09.00;49,70;51,26;
20000913;1251;60,90;15,84;88,07;13.09.00;50,33;52,14;
20000914;1297;53,63;10,18;80,70;14.09.00;49,89;54,10;
20000915;1262;60,37;36,63;74,21;15.09.00;49,99;57,46;
20000916;1113;74,41;65,28;84,14;16.09.00;51,16;59,60;
20000917;935;56,69;63,58;53,03;17.09.00;51,97;62,19;
20000918;1041;95,46;63,45;116,42;18.09.00;54,02;67,30;
20000919;1135;64,21;58,19;63,10;19.09.00;55,24;66,52;
20000920;1319;60,27;50,07;71,00;20.09.00;55,69;66,43;
20000921;1364;51,00;19,37;72,70;21.09.00;55,83;66,06;
20000922;1337;59,46;39,52;82,41;22.09.00;56,28;65,93;
20000923;1103;51,05;23,95;64,93;23.09.00;56,47;62,59;
20000924;942;38,68;21,03;52,63;24.09.00;56,07;60,02;
20000925;1045;44,38;25,28;63,26;25.09.00;56,03;52,72;
20000926;1139;55,26;23,19;72,55;26.09.00;56,29;51,44;
20000927;1245;45,23;31,83;57,52;27.09.00;54,45;49,30;
20000928;1370;21,76;14,46;28,15;28.09.00;53,49;45,12;
20000929;1318;32,67;25,06;37,62;29.09.00;52,65;41,29;
20000930;1168;45,38;28,27;56,60;30.09.00;52,76;40,48;
20001001;967;37,68;13,66;51,27;01.10.00;52,50;40,34;
20001002;1013;39,24;32,60;43,51;02.10.00;51,69;39,60;
20001003;1049;66,31;81,85;42,01;03.10.00;52,61;41,18;
20001004;1212;71,06;49,05;86,36;04.10.00;53,23;44,87;
20001005;1253;42,30;42,17;39,57;05.10.00;52,88;47,81;
20001006;1168;82,25;28,27;117,92;06.10.00;53,79;54,89;
20001007;1131;90,80;35,04;136,39;07.10.00;55,49;61,38;
20001008;914;65,24;57,81;72,33;08.10.00;56,43;65,31;
20001009;922;114,97;93,13;167,30;09.10.00;58,29;76,13;
20001010;991;103,62;39,99;138,98;10.10.00;60,45;81,46;
20001011;1209;82,20;65,56;91,13;11.10.00;61,20;83,05;
20001012;1272;28,65;31,15;25,99;12.10.00;59,84;81,10;
20001013;1217;195,98;287,63;176,54;13.10.00;64,34;97,35;
20001014;1128;117,47;140,53;136,75;14.10.00;66,47;101,16;
20001015;944;80,71;104,95;70,03;15.10.00;67,15;103,37;
20001016;993;110,09;99,77;138,70;16.10.00;68,34;102,67;
20001017;1062;96,69;124,38;83,00;17.10.00;69,67;101,68;
20001018;1237;77,66;90,77;71,26;18.10.00;69,08;101,03;
20001019;1374;72,33;62,49;84,20;19.10.00;69,35;107,27;
20001020;1205;57,73;60,29;59,43;20.10.00;69,26;87,52;
20001021;1125;97,17;105,68;78,35;21.10.00;70,80;84,62;
20001022;885;48,66;44,78;62,25;22.10.00;70,44;80,05;
20001023;1091;85,02;121,08;65,64;23.10.00;71,57;76,46;
20001024;1068;65,13;68,03;77,37;24.10.00;72,45;71,96;
20001025;1304;45,73;40,52;50,70;25.10.00;72,50;67,39;
20001026;1381;64,76;52,61;79,78;26.10.00;72,82;66,31;
20001027;1219;35,33;32,51;31,63;27.10.00;72,49;63,11;
20001028;1176;59,15;89,86;32,79;28.10.00;73,73;57,68;
20001029;910;40,04;36,29;54,48;29.10.00;73,98;56,45;
20001030;998;59,75;79,42;38,64;30.10.00;74,46;52,84;
20001031;1110;86,54;101,15;84,37;31.10.00;76,09;55,90;
20001101;1237;50,88;58,73;48,99;01.11.00;76,47;56,64;
20001102;1321;42,63;55,00;29,19;02.11.00;75,68;53,47;
20001103;1234;75,16;64,23;89,29;03.11.00;75,82;59,17;
20001104;1152;23,00;17,20;23,91;04.11.00;75,18;54,00;
20001105;970;20,49;27,24;17,04;05.11.00;73,12;51,21;
20001106;1036;54,36;38,25;63,81;06.11.00;71,90;50,44;
20001107;1029;45,07;51,35;37,48;07.11.00;71,23;44,51;
20001108;1207;60,38;71,14;50,21;08.11.00;69,41;45,87;
20001109;1347;44,27;53,94;36,81;09.11.00;67,43;46,10;
20001110;1275;33,78;56,98;21,60;10.11.00;65,82;40,19;
20001111;1111;35,78;47,56;24,79;11.11.00;66,06;42,02;
20001112;923;25,12;28,62;17,91;12.11.00;60,36;42,68;
20001113;1000;43,06;52,84;38,56;13.11.00;57,88;41,06;
20001114;1177;47,85;50,50;42,12;14.11.00;56,79;41,46;
20001115;1326;32,48;14,94;45,70;15.11.00;54,20;37,48;
20001116;1404;23,59;14,11;31,39;16.11.00;51,76;34,52;
20001117;1226;29,72;10,77;44,93;17.11.00;50,17;33,94;
20001118;1099;39,18;42,07;35,09;18.11.00;49,06;34,43;
20001119;957;48,46;55,21;40,30;19.11.00;48,75;37,76;
20001120;1007;59,21;59,03;54,71;20.11.00;47,49;40,07;
20001121;1103;54,06;59,88;49,95;21.11.00;47,67;40,96;
20001122;1139;69,80;52,19;77,39;22.11.00;47,16;46,29;
20001123;1173;56,48;73,20;46,97;23.11.00;46,87;50,99;
20001124;1109;80,65;65,51;99,35;24.11.00;48,03;58,26;
20001125;1056;47,05;50,04;46,95;25.11.00;47,44;59,39;
20001126;885;29,94;29,85;31,12;26.11.00;47,26;56,74;
20001127;966;37,72;61,53;22,81;27.11.00;46,55;53,67;
20001128;1063;59,21;49,71;62,19;28.11.00;47,19;54,41;
20001129;1320;47,68;55,04;54,26;29.11.00;46,79;51,25;
20001130;1292;46,15;46,01;51,17;30.11.00;45,44;49,77;
20001201;1179;25,29;28,01;23,36;01.12.00;44,59;41,86;
20001202;1085;45,80;36,52;50,77;02.12.00;44,69;41,68;
20001203;908;47,43;29,10;66,74;03.12.00;43,77;44,18;
20001204;973;44,26;33,94;50,96;04.12.00;44,48;45,12;
20001205;1073;27,78;24,62;25,67;05.12.00;44,72;40,63;
20001206;1201;49,65;54,99;45,87;06.12.00;44,56;40,91;
20001207;1377;26,46;19,19;28,01;07.12.00;43,94;38,09;
20001208;1204;49,52;49,37;45,76;08.12.00;43,58;41,56;
20001209;1086;30,50;54,74;15,22;09.12.00;43,12;39,37;
20001210;927;60,75;49,87;65,37;10.12.00;44,02;41,28;
20001211;1002;59,51;65,92;49,48;11.12.00;44,81;43,45;
20001212;1049;37,89;31,48;36,76;12.12.00;45,24;44,90;
20001213;1189;50,15;61,10;50,97;13.12.00;45,47;44,97;
20001214;1327;42,44;54,75;29,06;14.12.00;45,29;47,25;
20001215;1191;58,41;61,00;64,76;15.12.00;46,16;48,52;
20001216;1068;34,12;43,29;30,95;16.12.00;46,51;49,04;
20001217;839;39,48;47,23;26,26;17.12.00;46,83;46,00;
20001218;909;58,31;43,60;72,73;18.12.00;47,47;45,83;
20001219;999;46,42;26,45;60,66;19.12.00;47,40;47,05;
20001220;1062;71,74;49,75;88,19;20.12.00;47,82;50,13;
20001221;1227;75,59;53,83;89,80;21.12.00;48,54;54,87;
20001222;1114;38,66;47,43;44,51;22.12.00;47,50;52,05;
20001223;924;21,51;21,44;23,85;23.12.00;46,34;50,24;
20001224;781;55,14;67,65;42,32;24.12.00;45,49;52,48;
20001225;386;34,33;51,33;28,54;25.12.00;45,06;49,06;
20001226;573;40,47;46,11;28,84;26.12.00;45,41;48,20;
20001227;816;60,89;72,85;40,51;27.12.00;46,18;46,66;
20001228;884;56,21;22,41;74,78;28.12.00;46,08;43,89;
20001229;934;53,20;49,50;58,98;29.12.00;46,27;45,96;
20001230;825;36,14;48,03;26,71;30.12.00;45,93;48,05;
20001231;754;48,33;35,04;58,45;31.12.00;46,70;47,08;
20010101;627;47,55;42,14;52,72;01.01.01;46,76;48,97;
20010102;759;48,01;43,51;58,07;02.01.01;46,78;50,05;
20010103;937;31,82;35,24;23,52;03.01.01;46,37;45,89;
20010104;1196;55,39;38,66;59,88;04.01.01;47,29;45,78;
20010105;1090;66,86;60,59;75,81;05.01.01;47,86;47,73;
20010106;1057;53,28;56,24;52,12;06.01.01;48,75;50,18;
20010107;938;42,38;49,29;41,11;07.01.01;48,52;49,33;
20010108;920;57,61;35,90;77,84;08.01.01;49,42;50,76;
20010109;1060;59,38;43,62;67,56;09.01.01;49,37;52,39;
20010110;1104;45,01;53,84;54,89;10.01.01;48,89;54,27;
20010111;1260;60,47;52,42;61,21;11.01.01;49,64;55,00;
20010112;1188;55,77;27,80;69,56;12.01.01;49,83;53,41;
20010113;1116;47,49;35,51;59,24;13.01.01;50,00;52,59;
20010114;918;57,74;35,97;66,01;14.01.01;49,98;54,78;
20010115;854;50,43;46,40;51,61;15.01.01;50,52;53,75;
20010116;971;64,82;61,22;73,76;16.01.01;51,36;54,53;
20010117;1204;44,02;49,37;41,18;17.01.01;50,89;54,39;
20010118;1334;44,70;34,66;53,69;18.01.01;50,83;52,14;
20010119;1216;43,59;32,59;49,83;19.01.01;49,89;50,40;
20010120;1212;71,06;54,49;77,27;20.01.01;49,74;53,76;
20010121;988;16,76;13,37;16,73;21.01.01;49,01;47,91;
20010122;932;28,43;21,26;35,47;22.01.01;49,24;44,77;
20010123;1059;62,56;68,60;62,43;23.01.01;49,49;44,45;
20010124;1126;52,95;46,93;63,60;24.01.01;50,11;45,72;
20010125;1401;37,83;14,14;51,12;25.01.01;50,02;44,74;
20010126;1179;36,53;28,01;37,38;26.01.01;49,21;43,73;
20010127;1150;48,97;28,72;67,07;27.01.01;48,97;40,58;
20010128;984;37,03;26,85;50,39;28.01.01;48,43;43,47;
20010129;916;36,16;43,26;30,07;29.01.01;48,43;44,58;
20010130;1083;15,29;18,30;15,26;30.01.01;47,33;37,82;
20010131;1108;47,83;17,88;64,64;31.01.01;47,34;37,09;
20010201;1315;45,34;50,23;41,89;01.02.01;47,25;38,17;
20010202;1120;59,15;47,18;73,78;02.02.01;48,16;41,40;
20010203;1110;23,87;29,75;14,89;03.02.01;47,11;37,81;
20010204;924;50,19;57,18;41,73;04.02.01;46,55;39,69;
20010205;891;44,61;37,06;43,28;05.02.01;46,27;40,90;
20010206;933;71,01;56,63;94,47;06.02.01;47,22;48,86;
20010207;1043;28,58;6,33;47,54;07.02.01;46,25;46,11;
20010208;1298;33,18;45,80;29,71;08.02.01;45,38;44,37;
20010209;1174;36,68;39,38;42,23;09.02.01;45,10;41,16;
20010210;1161;25,68;22,76;23,73;10.02.01;43,94;41,42;
20010211;881;41,36;22,49;56,28;11.02.01;43,46;40,16;
20010212;936;56,63;21,17;82,40;12.02.01;43,77;41,87;
20010213;1035;48,01;51,05;58,55;13.02.01;43,44;38,59;
20010214;1093;39,40;36,26;40,32;14.02.01;43,07;40,13;
20010215;1320;55,21;35,03;66,78;15.02.01;42,75;43,28;
20010216;1158;34,33;22,81;38,06;16.02.01;42,43;42,94;
20010217;1119;121,37;94,44;152,62;17.02.01;44,99;56,61;
20010218;995;43,28;19,91;66,44;18.02.01;44,98;56,89;
20010219;799;153,40;148,79;172,37;19.02.01;47,72;70,71;
20010220;960;93,17;82,56;109,03;20.02.01;50,27;77,16;
20010221;1151;80,58;45,91;95,73;21.02.01;52,01;83,05;
20010222;1306;60,87;55,63;71,71;22.02.01;51,95;83,86;
20010223;1199;69,07;44,07;82,70;23.02.01;52,49;88,82;
20010224;1158;71,51;74,15;66,60;24.02.01;53,61;81,70;
20010225;956;34,65;27,63;46,10;25.02.01;53,55;80,47;
20010226;893;33,39;44,38;30,85;26.02.01;53,03;63,32;
20010227;1066;52,83;12,39;77,52;27.02.01;53,55;57,56;
20010228;1182;70,06;55,88;74,57;28.02.01;54,68;56,05;
20010301;1371;43,49;38,54;48,22;01.03.01;55,62;53,57;
20010302;1158;85,82;74,15;85,63;02.03.01;56,89;55,96;
20010303;1151;51,80;51,64;43,08;03.03.01;57,11;53,15;
20010304;974;51,01;47,47;62,22;04.03.01;56,83;55,49;
20010305;855;61,99;61,80;57,99;05.03.01;58,11;59,57;
20010306;1074;52,43;43,05;56,42;06.03.01;58,18;59,52;
20010307;1164;62,61;51,07;66,26;07.03.01;58,78;58,45;
20010308;1342;49,37;24,61;61,58;08.03.01;58,06;59,29;
20010309;1230;48,48;21,48;71,66;09.03.01;58,72;53,96;
20010310;1128;58,73;46,84;68,37;10.03.01;59,57;54,95;
20010311;957;45,00;62,11;34,54;11.03.01;59,85;54,09;
20010312;920;57,61;57,43;53,89;12.03.01;60,92;53,46;
20010313;998;82,98;72,80;88,32;13.03.01;62,30;57,82;
20010314;1086;67,11;60,82;76,09;14.03.01;62,65;58,47;
20010315;1370;55,61;53,03;60,32;15.03.01;62,91;59,36;
20010316;1138;90,24;98,66;101,66;16.03.01;64,60;65,33;
20010317;1211;79,33;81,81;77,34;17.03.01;65,40;68,27;
20010318;952;24,36;34,69;11,57;18.03.01;65,07;65,32;
20010319;947;59,47;34,87;75,63;19.03.01;63,01;65,58;
20010320;1168;51,05;39,58;61,32;20.03.01;63,27;61,02;
20010321;1288;66,87;41,02;94,10;21.03.01;60,38;60,99;
20010322;1357;63,47;68,14;73,07;22.03.01;59,39;62,11;
20010323;1170;62,29;45,16;84,75;23.03.01;58,78;58,12;
20010324;1137;58,27;58,09;58,14;24.03.01;58,70;55,11;
20010325;952;69,59;104,07;52,08;25.03.01;58,71;61,57;
20010326;921;86,32;78,88;83,74;26.03.01;59,21;65,41;
20010327;1039;79,71;69,93;90,14;27.03.01;60,71;69,50;
20010328;1135;55,45;40,73;67,95;28.03.01;61,44;67,87;
20010329;1326;62,45;69,73;54,01;29.03.01;61,77;67,73;
20010330;1228;70,14;91,43;67,29;30.03.01;61,77;68,85;
20010331;1153;60,33;57,28;52,56;31.03.01;62,33;69,14;
20010401;945;38,56;48,92;29,15;01.04.01;60,75;64,71;
20010402;945;42,06;41,93;40,81;02.04.01;60,43;58,39;
20010403;1002;56,20;65,92;54,98;03.04.01;60,60;55,03;
20010404;1114;56,50;53,36;59,34;04.04.01;60,42;55,18;
20010405;1341;54,34;24,63;69,84;05.04.01;60,48;54,02;
20010406;1175;50,75;56,21;46,89;06.04.01;60,09;51,25;
20010407;1074;37,01;30,75;35,91;07.04.01;59,68;47,92;
20010408;916;32,55;14,42;42,10;08.04.01;59,14;47,06;
20010409;942;31,65;28,05;35,09;09.04.01;58,24;45,57;
20010410;1011;45,87;45,73;54,49;10.04.01;58,27;44,10;
20010411;1100;33,13;36,03;40,07;11.04.01;57,45;40,76;
20010412;1324;45,03;44,90;41,61;12.04.01;56,19;39,43;
20010413;951;38,32;41,67;34,76;13.04.01;55,23;37,65;
20010414;1013;42,51;45,64;43,51;14.04.01;54,79;38,44;
20010415;826;52,13;79,96;20,01;15.04.01;53,52;41,23;
20010416;856;81,27;108,02;57,92;16.04.01;53,59;48,32;
20010417;963;72,24;75,44;74,37;17.04.01;55,18;52,09;
20010418;1134;61,34;58,24;72,87;18.04.01;55,25;56,12;
20010419;1277;33,72;25,86;38,83;19.04.01;54,67;54,50;
20010420;1127;47,03;23,44;58,66;20.04.01;54,01;55,75;
20010421;1134;43,82;23,30;58,30;21.04.01;53,35;55,94;
20010422;944;35,09;34,98;46,69;22.04.01;52,45;53,50;
20010423;952;48,71;41,63;57,87;23.04.01;52,13;48,85;
20010424;1024;45,29;25,80;64,56;24.04.01;51,32;45,00;
20010425;1096;81,61;42,18;110,58;25.04.01;51,16;47,90;
20010426;1292;56,41;71,57;38,38;26.04.01;50,38;51,14;
20010427;1201;60,68;43,99;64,22;27.04.01;50,56;53,09;
20010428;1166;42,61;45,32;33,07;28.04.01;49,90;52,91;
20010429;907;65,74;72,82;66,81;29.04.01;49,75;57,29;
20010430;943;38,64;63,04;29,21;30.04.01;49,03;55,85;
20010501;1000;43,06;52,84;49,58;01.05.01;49,18;55,54;
20010502;1135;84,64;46,55;116,49;02.05.01;50,60;55,97;
20010503;1308;68,38;50,49;80,02;03.05.01;51,00;57,68;
20010504;1107;86,78;71,60;94,55;04.05.01;52,01;61,41;
20010505;1095;48,40;48,25;50,31;05.05.01;51,81;62,23;
20010506;948;48,92;69,67;29,06;06.05.01;51,75;59,83;
20010507;899;70,01;51,43;79,66;07.05.01;52,85;64,31;
20010508;970;85,38;102,14;68,15;08.05.01;54,61;70,36;
20010509;1140;90,08;110,08;77,32;09.05.01;56,56;71,13;
20010510;1313;42,89;65,39;16,78;10.05.01;56,46;67,49;
20010511;1186;58,65;55,69;55,74;11.05.01;57,31;63,48;
20010512;1121;47,28;17,68;63,89;12.05.01;57,39;63,32;
20010513;905;51,24;51,09;42,61;13.05.01;57,82;63,65;
20010514;932;49,76;42,52;47,29;14.05.01;58,06;60,75;
20010515;1059;37,54;31,18;36,41;15.05.01;57,57;53,92;
20010516;1141;52,26;34,73;57,94;16.05.01;56,61;48,52;
20010517;1353;71,00;63,46;81,43;17.05.01;56,57;52,53;
20010518;1179;64,62;67,22;70,09;18.05.01;56,67;53,39;
20010519;1205;49,48;65,77;45,72;19.05.01;57,20;53,70;
20010520;945;56,09;27,96;75,79;20.05.01;57,50;54,39;
20010521;1079;52,19;61,21;35,74;21.05.01;57,78;54,74;
20010522;1065;59,10;74,42;36,21;22.05.01;58,58;57,82;
20010523;1096;48,36;36,16;55,29;23.05.01;58,57;57,26;
20010524;1241;50,72;63,87;31,07;24.05.01;58,75;54,36;
20010525;1141;49,35;40,52;53,11;25.05.01;57,68;52,18;
20010526;1080;70,55;85,62;61,21;26.05.01;58,15;55,19;
20010527;871;45,64;45,50;63,25;27.05.01;57,65;53,70;
20010528;795;83,34;66,46;83,15;28.05.01;59,00;58,15;
20010529;890;74,44;59,37;80,47;29.05.01;59,29;60,34;
20010530;1093;60,61;42,30;80,64;30.05.01;60,02;62,09;
20010531;1262;57,75;52,34;61,11;31.05.01;60,51;63,10;
20010601;1090;72,94;48,48;96,03;01.06.01;60,12;66,47;
20010602;1152;86,26;103,20;76,51;02.06.01;60,72;68,71;
20010603;911;69,09;87,00;72,57;03.06.01;60,13;72,06;
20010604;903;80,70;87,77;73,21;04.06.01;61,21;71,69;
20010605;1036;83,13;76,50;90,40;05.06.01;62,35;72,93;
20010606;1127;58,79;46,88;68,43;06.06.01;61,97;72,67;
20010607;1307;63,36;65,69;67,44;07.06.01;61,24;73,47;
20010608;1199;69,07;66,10;82,70;08.06.01;60,54;72,92;
20010609;1102;63,13;35,96;84,98;09.06.01;61,21;69,61;
20010610;933;74,56;49,55;82,66;10.06.01;61,74;70,39;
20010611;894;96,34;103,43;104,76;11.06.01;63,38;72,62;
20010612;1047;98,08;88,32;99,97;12.06.01;64,94;74,76;
20010613;1113;89,29;71,21;98,99;13.06.01;66,26;79,12;
20010614;1284;64,50;46,29;81,52;14.06.01;67,16;79,28;
20010615;1136;64,15;63,95;67,89;15.06.01;67,55;78,58;
20010616;1094;75,70;60,37;85,61;16.06.01;67,71;80,37;
20010617;861;42,32;69,04;19,20;17.06.01;66,97;75,77;
20010618;920;75,61;43,07;107,78;18.06.01;67,84;72,81;
20010619;995;83,23;73,02;105,20;19.06.01;68,74;70,69;
20010620;1119;94,73;64,93;103,39;20.06.01;70,16;71,46;
20010621;1225;86,53;43,13;116,93;21.06.01;71,08;74,61;
20010622;1118;47,41;29,54;54,20;22.06.01;71,04;72,22;
20010623;1129;102,69;128,70;92,71;23.06.01;72,78;76,08;
20010624;910;47,32;43,55;60,54;24.06.01;72,71;76,79;
20010625;905;62,23;58,38;73,05;25.06.01;72,43;74,88;
20010626;1012;68,74;58,74;70,77;26.06.01;73,20;72,81;
20010627;1079;70,61;55,09;81,69;27.06.01;72,78;69,36;
20010628;1255;65,99;68,42;57,07;28.06.01;72,50;66,43;
20010629;1110;41,78;17,85;54,59;29.06.01;71,87;65,62;
20010630;1105;29,98;23,91;34,90;30.06.01;70,94;55,23;
20010701;849;35,12;38,90;38,93;01.07.01;69,68;53,49;
20010702;869;91,49;83,60;95,09;02.07.01;69,86;57,67;
20010703;945;77,12;41,93;93,27;03.07.01;70,12;58,87;
20010704;975;74,75;74,52;79,10;04.07.01;69,92;59,46;
20010705;1117;86,00;47,30;108,50;05.07.01;70,02;62,32;
20010706;1050;75,72;62,90;94,44;06.07.01;70,58;67,17;
20010707;1071;49,49;43,17;51,44;07.07.01;70,12;69,95;
20010708;825;48,18;40,03;46,74;08.07.01;69,43;71,82;
20010709;885;26,20;29,85;24,90;09.07.01;68,19;62,49;
20010710;981;43,90;47,13;33,69;10.07.01;67,17;57,75;
20010711;987;50,34;40,15;50,23;11.07.01;65,64;54,26;
20010712;1221;37,98;37,87;31,58;12.07.01;63,64;47,40;
20010713;1123;61,94;64,69;58,87;13.07.01;62,72;45,43;
20010714;1014;62,07;65,14;54,33;14.07.01;62,64;47,23;
20010715;830;59,87;71,62;46,46;15.07.01;62,50;48,90;
20010716;854;96,97;54,14;122,57;16.07.01;63,21;59,01;
20010717;959;58,72;55,10;68,93;17.07.01;63,76;61,13;
20010718;1040;66,89;63,51;63,57;18.07.01;63,47;63,49;
20010719;1211;62,91;38,18;86,43;19.07.01;62,79;67,05;
20010720;1077;52,29;55,19;56,27;20.07.01;61,37;65,67;
20010721;1065;43,55;24,81;51,73;21.07.01;59,94;63,03;
20010722;868;61,06;68,48;50,77;22.07.01;60,40;63,20;
20010723;872;60,78;60,59;63,18;23.07.01;59,00;58,03;
20010724;971;85,29;81,62;79,43;24.07.01;60,26;61,82;
20010725;926;78,70;78,46;65,44;25.07.01;60,81;63,51;
20010726;1220;59,73;48,72;81,28;26.07.01;60,51;63,06;
20010727;1104;63,01;35,90;79,84;27.07.01;60,26;64,59;
20010728;1077;55,36;67,46;40,92;28.07.01;59,91;66,28;
20010729;827;36,05;23,96;46,63;29.07.01;59,72;62,70;
20010730;796;49,94;49,78;41,53;30.07.01;60,38;61,15;
20010731;895;48,12;59,04;43,09;31.07.01;60,81;55,84;
20010801;1016;52,17;52,01;48,80;01.08.01;59,50;52,05;
20010802;1180;70,18;39,18;88,70;02.08.01;59,27;53,55;
20010803;1039;38,26;38,14;42,42;03.08.01;58,06;50,01;
20010804;1004;52,79;59,21;49,38;04.08.01;56,95;49,64;
20010805;845;58,80;62,53;52,16;05.08.01;56,38;52,89;
20010806;834;51,63;63,35;46,24;06.08.01;56,46;53,14;
20010807;893;25,97;7,40;37,01;07.08.01;55,72;49,97;
20010808;1001;56,26;72,58;38,52;08.08.01;56,72;50,56;
20010809;1147;51,98;57,58;52,83;09.08.01;56,99;47,96;
20010810;1049;85,26;138,52;42,01;10.08.01;58,15;54,67;
20010811;989;87,08;86,82;83,55;11.08.01;59,79;59,57;
20010812;884;67,45;67,24;56,09;12.08.01;59,97;60,81;
20010813;861;103,88;99,72;108,77;13.08.01;61,37;68,27;
20010814;917;101,15;115,24;90,11;14.08.01;62,74;79,01;
20010815;1000;92,75;125,49;93,65;15.08.01;62,60;84,22;
20010816;1201;66,20;76,99;55,04;16.08.01;62,85;86,25;
20010817;1039;57,39;50,85;63,63;17.08.01;62,53;82,27;
20010818;1007;46,05;65,59;32,82;18.08.01;61,97;76,41;
20010819;818;60,74;88,82;47,14;19.08.01;62,25;75,45;
20010820;850;42,87;38,85;51,85;20.08.01;62,23;66,74;
20010821;897;62,78;44,18;67,56;21.08.01;62,29;61,25;
20010822;1044;66,63;94,90;42,21;22.08.01;62,48;57,52;
20010823;1167;65,29;79,23;51,93;23.08.01;61,82;57,39;
20010824;1032;86,67;115,20;58,72;24.08.01;62,08;61,58;
20010825;983;64,03;94,07;44,83;25.08.01;62,22;64,14;
20010826;878;52,82;82,75;25,10;26.08.01;61,88;63,01;
20010827;816;56,83;48,56;54,01;27.08.01;61,93;65,01;
20010828;879;79,14;97,68;81,48;28.08.01;63,37;67,34;
20010829;976;57,70;60,90;45,16;29.08.01;63,63;66,07;
20010830;1188;55,77;77,83;37,10;30.08.01;63,88;64,71;
20010831;1109;71,69;71,47;74,51;31.08.01;64,53;62,57;
20010901;1068;46,52;37,11;46,42;01.09.01;63,75;60,07;
20010902;832;47,78;7,94;72,84;02.09.01;64,06;59,35;
20010903;757;78,77;26,17;116,44;03.09.01;64,93;62,48;
20010904;891;59,48;51,89;61,83;04.09.01;64,95;59,67;
20010905;1100;39,15;6,00;65,11;05.09.01;64,54;57,02;
20010906;1229;37,73;21,50;44,83;06.09.01;64,93;54,45;
20010907;1181;70,12;44,74;83,96;07.09.01;65,39;54,22;
20010908;1047;41,13;50,47;31,57;08.09.01;65,03;53,45;
20010909;965;20,60;13,69;22,84;09.09.01;62,87;49,57;
20010910;953;38,24;41,58;28,90;10.09.01;61,24;43,78;
20010911;1118;154,07;218,58;98,55;11.09.01;64,13;57,29;
20010912;936;725,51;1.319,54;294,28;12.09.01;84,85;155,34;
20010913;1255;633,48;1.178,85;206,31;13.09.01;102,60;240,45;
20010914;1126;667,81;1.231,79;210,38;14.09.01;121,77;325,83;
20010915;1072;577,85;1.035,07;272,37;15.09.01;138,82;402,51;
20010916;860;327,40;568,32;204,99;16.09.01;147,82;446,34;
20010917;894;744,77;1.388,92;277,30;17.09.01;171,11;547,27;
20010918;1082;851,10;1.544,36;336,04;18.09.01;197,46;646,85;
20010919;1153;755,60;1.386,25;258,01;19.09.01;221,22;651,14;
20010920;1276;771,03;1.444,14;276,31;20.09.01;244,82;670,79;
20010921;1160;870,98;1.446,21;493,91;21.09.01;271,63;699,82;
20010922;1064;768,99;1.272,53;450,45;22.09.01;295,09;727,12;
20010923;906;482,63;882,09;170,26;23.09.01;308,29;749,30;
20010924;961;789,36;1.278,34;510,20;24.09.01;332,47;755,67;
20010925;1112;1.045,60;1.627,43;703,49;25.09.01;365,56;783,46;
20010926;1189;930,53;1.477,60;625,50;26.09.01;394,68;808,44;
20010927;1335;786,58;1.226,95;474,56;27.09.01;418,27;810,67;
20010928;1152;776,38;1.186,79;502,12;28.09.01;442,22;797,15;
20010929;1100;614,33;978,70;370,61;29.09.01;460,84;775,06;
20010930;928;421,21;761,54;172,16;30.09.01;472,49;766,29;
20011001;998;617,37;893,43;419,52;01.10.01;491,52;741,72;
20011002;1059;769,49;1.234,88;462,99;02.10.01;515,58;702,27;
20011003;1173;818,96;1.328,83;450,87;03.10.01;540,25;686,33; U.S. Invades Afghanistan
20011004;1306;702,59;1.062,02;417,60;04.10.01;561,69;674,33;
20011005;1223;687,97;1.042,29;423,42;05.10.01;583,31;661,70;
20011006;1138;588,00;922,81;343,71;06.10.01;601,66;657,94;
20011007;966;339,49;601,67;176,79;07.10.01;610,63;646,27;
20011008;1016;616,22;1.046,62;336,18;08.10.01;629,80;646,10;
20011009;1102;706,40;1.198,68;354,94;09.10.01;652,66;637,09;
20011010;1146;566,55;962,47;288,43;10.10.01;670,27;601,03;
20011011;1334;496,64;886,24;210,61;11.10.01;681,69;571,61;
20011012;1199;588,47;1.041,11;211,35;12.10.01;677,13;557,39;
20011013;1121;478,71;818,96;275,20;13.10.01;671,97;541,78;
20011014;936;290,20;472,78;176,57;14.10.01;659,38;534,74;
20011015;980;449,56;741,35;207,99;15.10.01;655,10;510,93;
20011016;1092;630,97;1.076,60;338,01;16.10.01;665,22;500,16;
20011017;1135;618,74;1.024,17;305,79;17.10.01;661,02;507,61;
20011018;1305;530,52;946,43;185,74;18.10.01;650,34;512,45;
20011019;1163;455,73;749,64;208,42;19.10.01;640,34;493,49;
20011020;1103;414,45;712,57;194,79;20.10.01;628,45;484,31;
20011021;911;229,08;384,25;102,80;21.10.01;607,06;475,58;
20011022;995;422,81;710,26;238,08;22.10.01;595,52;471,75;
20011023;1068;524,18;909,08;237,28;23.10.01;596,90;456,50;
20011024;1113;505,96;860,46;217,79;24.10.01;587,46;440,39;
20011025;1307;405,52;722,63;172,82;25.10.01;566,12;422,53;
20011026;1221;434,08;757,30;180,48;26.10.01;549,57;419,44;
20011027;1160;314,12;512,44;151,97;27.10.01;533,82;405,11;
20011028;965;226,56;403,81;102,76;28.10.01;515,50;404,75;
20011029;978;335,32;560,53;174,62;29.10.01;506,20;392,25;
20011030;1078;381,04;673,95;168,64;30.10.01;504,86;371,80;
20011031;1118;480,00;803,44;256,23;31.10.01;500,28;368,09;
20011101;1344;399,28;697,82;151,66;01.11.01;487,94;367,20;
20011102;1202;385,82;664,87;178,74;02.11.01;473,50;360,31;
20011103;1179;303,44;515,38;163,54;03.11.01;460,19;358,78;
20011104;939;225,78;365,76;146,67;04.11.01;444,79;358,67;
20011105;997;279,09;463,72;132,61;05.11.01;434,49;350,64;
20011106;1084;430,88;761,62;172,79;06.11.01;437,54;357,76;
20011107;1090;419,39;690,77;222,38;07.11.01;430,98;349,10;
20011108;1305;269,07;430,19;143,53;08.11.01;416,40;330,50;
20011109;1171;325,32;564,03;131,73;09.11.01;408,36;321,85;
20011110;1122;274,57;470,93;93,29;10.11.01;400,95;317,73;
20011111;923;290,70;479,43;161,15;11.11.01;391,03;327,00;
20011112;1029;289,73;404,37;235,56;12.11.01;384,73;328,52;
20011113;1055;445,86;795,07;219,32;13.11.01;389,92;330,66;
20011114;1164;381,34;641,18;170,38;14.11.01;387,64;325,23;
20011115;1346;273,18;441,62;139,16;15.11.01;375,72;325,81;
20011116;1187;293,02;472,96;181,00;16.11.01;364,86;321,20;
20011117;1145;263,27;432,63;101,04;17.11.01;355,95;319,59;
20011118;937;190,91;331,29;76,43;18.11.01;347,13;305,33;
20011119;915;257,04;411,44;108,37;19.11.01;341,88;300,66;
20011120;1015;332,89;611,67;108,55;20.11.01;345,34;284,52;
20011121;1042;282,94;481,73;121,60;21.11.01;340,68;270,46;
20011122;1144;260,60;456,10;86,68;22.11.01;331,89;268,67;
20011123;1035;294,45;497,75;111,78;23.11.01;324,84;268,87;
20011124;1038;191,48;305,42;90,22;24.11.01;317,71;258,61;
20011125;835;214,23;308,48;131,95;25.11.01;310,38;261,95;
20011126;930;206,59;347,99;88,85;26.11.01;306,79;254,74;
20011127;1014;297,28;501,54;152,12;27.11.01;309,15;249,65;
20011128;1092;360,98;544,35;206,84;28.11.01;310,01;260,80;
20011129;1257;208,19;367,81;65,74;29.11.01;304,24;253,31;
20011130;1183;238,01;368,48;149,02;30.11.01;296,18;245,25;
20011201;1086;192,17;304,09;111,60;01.12.01;289,27;245,35;
20011202;900;172,99;286,21;91,82;02.12.01;282,18;239,46;
20011203;953;212,03;311,87;132,96;03.12.01;279,13;240,24;
20011204;1051;280,51;477,60;141,53;04.12.01;280,96;237,84;
20011205;1155;269,59;480,34;100,16;05.12.01;280,64;224,78;
20011206;1301;231,70;375,67;118,56;06.12.01;274,00;228,14;
20011207;1168;252,41;418,45;103,77;07.12.01;268,44;230,20;
20011208;1029;218,91;372,28;91,01;08.12.01;266,76;234,02;
20011209;886;220,59;387,64;80,83;09.12.01;263,27;240,82;
20011210;927;246,57;356,24;160,46;10.12.01;262,34;245,75;
20011211;1063;239,95;372,80;145,11;11.12.01;260,65;239,96;
20011212;1137;279,69;470,52;155,05;12.12.01;260,31;241,40;
20011213;1214;261,95;418,92;131,60;13.12.01;254,18;245,72;
20011214;1143;301,41;502,72;139,77;14.12.01;251,52;252,72;
20011215;1044;193,55;316,32;89,71;15.12.01;248,86;249,10;
20011216;881;221,84;389,84;93,80;16.12.01;246,49;249,28;
20011217;953;253,74;408,90;121,39;17.12.01;246,17;250,30;
20011218;955;215,06;331,97;132,68;18.12.01;246,98;246,75;
20011219;1061;199,82;311,25;119,42;19.12.01;245,07;235,34;
20011220;1189;245,17;394,40;125,10;20.12.01;242,15;232,94;
20011221;1111;229,58;404,25;123,97;21.12.01;240,37;222,68;
20011222;907;222,79;393,23;97,18;22.12.01;239,11;226,86;
20011223;820;177,75;314,13;60,46;23.12.01;235,22;220,56;
20011224;838;213,46;354,67;118,33;24.12.01;235,95;214,80;
20011225;371;285,72;498,47;148,49;25.12.01;238,33;224,90;
20011226;598;188,34;254,03;138,19;26.12.01;237,72;223,26;
20011227;893;263,37;451,16;117,21;27.12.01;236,59;225,86;
20011228;892;263,67;407,24;172,93;28.12.01;233,35;230,73;
20011229;844;235,49;367,80;143,60;29.12.01;234,26;232,54;
20011230;788;180,76;284,98;90,88;30.12.01;232,35;232,97;
20011231;789;197,33;259,50;167,57;31.12.01;232,52;230,67;
20020101;641;289,40;463,67;189,08;01.01.02;236,40;231,19;
20020102;768;232,91;361,20;150,64;02.01.02;237,10;237,56;
20020103;1028;196,56;308,39;123,26;03.01.02;234,30;228,02;
20020104;1005;187,88;282,59;93,19;04.01.02;231,58;217,19;
20020105;970;150,26;258,74;62,47;05.01.02;228,86;205,01;
20020106;845;109,77;156,33;71,71;06.01.02;224,11;194,87;
20020107;927;175,10;242,25;124,80;07.01.02;222,65;191,70;
20020108;1018;172,46;298,45;92,00;08.01.02;221,04;174,99;
20020109;1030;183,32;320,62;69,53;09.01.02;218,94;167,91;
20020110;1232;215,10;316,30;129,68;10.01.02;218,11;170,55;
20020111;1126;211,82;322,61;132,10;11.01.02;215,85;173,97;
20020112;1086;106,76;158,12;81,16;12.01.02;210,67;167,76;
20020113;897;118,17;191,44;98,27;13.01.02;204,56;168,96;
20020114;907;197,22;276,71;151,85;14.01.02;204,69;172,12;
20020115;1031;186,35;281,87;117,55;15.01.02;203,50;174,11;
20020116;1104;159,03;227,34;89,82;16.01.02;200,35;170,64;
20020117;1207;208,58;295,49;132,36;17.01.02;200,13;169,70;
20020118;1143;179,68;271,59;139,77;18.01.02;199,46;165,11;
20020119;1063;146,46;260,96;62,19;19.01.02;196,17;170,79;
20020120;899;114,23;191,02;55,15;20.01.02;192,32;170,22;
20020121;850;148,09;209,80;90,74;21.01.02;189,83;163,20;
20020122;902;183,62;322,18;91,61;22.01.02;190,03;162,81;
20020123;1071;163,93;265,18;92,59;23.01.02;188,38;163,51;
20020124;1212;144,86;196,18;86,36;24.01.02;183,68;154,41;
20020125;1100;138,53;162,12;105,17;25.01.02;182,02;148,53;
20020126;1089;155,13;218,34;111,29;26.01.02;178,42;149,77;
20020127;879;113,06;195,36;50,14;27.01.02;173,40;149,60;
20020128;848;152,35;210,29;103,94;28.01.02;170,62;150,21;
20020129;1043;181,03;259,63;132,05;29.01.02;170,63;149,84;
20020130;1097;144,94;228,79;60,26;30.01.02;168,89;147,13;
20020131;1224;202,98;280,59;135,02;31.01.02;166,01;155,43;
20020201;1181;165,49;234,88;125,95;01.02.02;163,76;159,28;
20020202;1088;130,92;218,54;65,82;02.02.02;161,57;155,82;
20020203;917;108,37;172,86;66,08;03.02.02;158,92;155,15;
20020204;906;106,03;153,09;85,13;04.02.02;157,45;148,54;
20020205;1076;150,85;196,42;112,64;05.02.02;158,82;144,23;
20020206;1105;176,87;280,93;104,70;06.02.02;158,87;148,79;
20020207;1265;178,07;219,29;139,36;07.02.02;159,06;145,23;
20020208;1196;116,33;176,72;69,09;08.02.02;156,83;138,21;
20020209;1095;139,16;229,21;75,47;09.02.02;154,30;139,38;
20020210;968;123,19;163,75;91,06;10.02.02;151,34;141,50;
20020211;927;153,66;228,00;95,09;11.02.02;152,91;148,30;
20020212;1059;175,17;243,23;104,04;12.02.02;154,81;151,78;
20020213;1126;211,82;305,01;136,99;13.02.02;155,29;156,77;
20020214;1266;154,38;219,11;108,79;14.02.02;154,23;153,39;
20020215;1265;154,50;240,17;108,87;15.02.02;154,08;158,84;
20020216;1087;85,33;139,75;45,61;16.02.02;149,97;151,15;
20020217;948;80,37;125,41;52,30;17.02.02;146,66;145,03;
20020218;821;100,87;136,76;67,10;18.02.02;145,14;137,49;
20020219;975;180,07;250,64;135,61;19.02.02;147,33;138,19;
20020220;1148;152,93;195,61;110,37;20.02.02;147,49;129,78;
20020221;1220;179,20;254,45;99,34;21.02.02;147,35;133,32;
20020222;1156;160,47;257,11;100,08;22.02.02;147,23;134,18;
20020223;1128;140,96;210,79;92,79;23.02.02;147,10;142,12;
20020224;939;98,78;140,68;52,80;24.02.02;145,78;144,75;
20020225;892;159,69;236,94;80,29;25.02.02;145,93;153,16;
20020226;996;146,34;212,20;88,50;26.02.02;147,04;148,34;
20020227;1073;142,01;215,44;97,55;27.02.02;146,69;146,78;
20020228;1220;143,91;205,72;94,83;28.02.02;145,45;141,74;
20020301;1190;130,83;210,91;60,18;01.03.02;144,98;137,50;
20020302;1113;127,98;189,89;103,94;02.03.02;142,48;135,65;
20020303;948;139,77;229,91;69,73;03.03.02;141,63;141,50;
20020304;872;227,93;348,42;132,67;04.03.02;144,86;151,25;
20020305;1026;164,66;244,62;107,39;05.03.02;146,74;153,87;
20020306;1132;137,54;198,38;73,00;06.03.02;147,79;153,23;
20020307;1248;140,68;190,52;88,29;07.03.02;147,45;152,77;
20020308;1163;145,26;198,77;90,00;08.03.02;146,39;154,83;
20020309;1076;163,17;202,56;133,12;09.03.02;145,90;159,86;
20020310;901;132,36;153,94;116,17;10.03.02;146,43;158,80;
20020311;943;228,33;308,17;204,47;11.03.02;149,40;158,86;
20020312;1044;218,93;272,03;163,58;12.03.02;152,60;166,61;
20020313;1112;190,65;225,70;178,35;13.03.02;153,83;174,20;
20020314;1269;151,40;223,80;104,19;14.03.02;153,04;175,73;
20020315;1147;158,84;230,33;115,27;15.03.02;151,27;177,67;
20020316;1092;118,31;157,26;70,63;16.03.02;150,07;171,26;
20020317;933;120,72;169,90;100,38;17.03.02;148,94;169,60;
20020318;900;184,03;300,88;85,70;18.03.02;152,23;163,27;
20020319;1002;132,24;204,34;71,47;19.03.02;153,96;150,88;
20020320;1128;176,20;257,63;117,21;20.03.02;156,47;148,82;
20020321;1362;136,20;213,37;72,81;21.03.02;155,01;146,65;
20020322;1159;160,06;245,04;95,06;22.03.02;155,25;146,82;
20020323;1160;102,80;148,04;66,49;23.03.02;152,70;144,61;
20020324;911;145,45;217,50;90,71;24.03.02;152,20;148,14;
20020325;921;115,09;157,77;83,74;25.03.02;151,34;138,29;
20020326;1009;124,75;170,19;87,36;26.03.02;152,20;137,22;
20020327;1121;135,93;223,89;49,14;27.03.02;151,41;131,47;
20020328;1204;82,54;148,11;36,60;28.03.02;149,29;123,80;
20020329;1005;161,51;230,02;109,63;29.03.02;149,94;124,01;
20020330;1037;175,69;286,61;79,69;30.03.02;150,99;134,42;
20020331;850;128,61;194,26;71,29;31.03.02;150,92;132,02;
20020401;847;156,44;272,92;52,03;01.04.02;151,87;137,92;
20020402;905;194,00;291,92;115,66;02.04.02;153,68;147,82;
20020403;1038;175,52;222,70;127,38;03.04.02;151,93;153,47;
20020404;1180;238,62;335,83;177,41;04.04.02;154,40;175,77;
20020405;1150;201,63;315,88;124,55;05.04.02;156,53;181,50;
20020406;1099;135,64;168,27;95,24;06.04.02;156,36;175,78;
20020407;901;150,74;219,91;103,94;07.04.02;156,55;178,94;
20020408;911;185,45;275,50;102,80;08.04.02;157,29;183,08;
20020409;1024;200,57;225,75;182,92;09.04.02;159,56;184,02;
20020410;1059;172,04;205,81;145,66;10.04.02;157,69;183,53;
20020411;1202;195,67;296,72;110,00;11.04.02;156,91;177,39;
20020412;1137;151,50;203,31;106,59;12.04.02;155,61;170,23;
20020413;1056;181,94;281,45;99,12;13.04.02;156,62;176,84;
20020414;900;139,86;198,14;97,94;14.04.02;155,99;175,29;
20020415;918;187,64;266,20;120,02;15.04.02;158,30;175,60;
20020416;1008;203,75;294,85;142,10;16.04.02;161,07;176,06;
20020417;1132;96,57;169,20;24,33;17.04.02;158,15;165,28;
20020418;1327;147,28;214,02;83,03;18.04.02;158,66;158,36;
20020419;1112;193,63;273,22;133,76;19.04.02;159,24;164,38;
20020420;1086;140,31;212,86;86,24;20.04.02;159,37;158,43;
20020421;890;104,22;141,00;68,09;21.04.02;157,51;153,34;
20020422;891;118,97;163,08;86,56;22.04.02;158,05;143,53;
20020423;996;129,71;192,31;71,90;23.04.02;157,53;132,95;
20020424;1103;114,12;161,68;79,91;24.04.02;157,49;135,46;
20020425;1278;106,27;144,70;68,97;25.04.02;156,88;129,60;
20020426;1122;126,95;182,48;78,56;26.04.02;156,58;120,08;
20020427;1099;84,40;120,20;45,11;27.04.02;156,64;112,09;
20020428;843;113,96;180,20;65,35;28.04.02;155,06;113,48;
20020429;880;120,46;157,61;81,38;29.04.02;153,21;113,69;
20020430;1039;156,22;190,70;111,35;30.04.02;154,14;117,48;
20020501;1098;123,69;156,40;85,29;01.05.02;153,04;118,85;
20020502;1206;120,86;169,77;68,52;02.05.02;150,61;120,93;
20020503;1098;135,76;198,50;75,26;03.05.02;149,28;122,19;
20020504;1050;135,66;169,84;94,44;04.05.02;145,85;129,51;
20020505;924;146,99;221,59;89,43;05.05.02;144,03;134,23;
20020506;871;155,93;174,41;151,80;06.05.02;144,70;139,30;
20020507;981;178,97;201,98;134,78;07.05.02;145,64;142,55;
20020508;1056;163,12;243,93;93,90;08.05.02;144,90;148,18;
20020509;1127;196,93;316,47;127,09;09.05.02;144,78;159,05;
20020510;1124;117,88;182,16;58,82;10.05.02;142,97;156,50;
20020511;1081;125,64;201,62;56,06;11.05.02;140,64;155,07;
20020512;890;119,10;155,84;105,23;12.05.02;139,56;151,08;
20020513;875;162,79;211,35;119,62;13.05.02;138,92;152,06;
20020514;1030;189,75;205,20;187,20;14.05.02;140,58;153,60;
20020515;1106;167,72;203,04;169,35;15.05.02;139,92;154,26;
20020516;1205;186,93;186,36;201,16;16.05.02;139,36;152,83;
20020517;1091;139,67;181,62;121,19;17.05.02;140,80;155,94;
20020518;1087;170,66;255,20;121,63;18.05.02;141,58;162,37;
20020519;917;111,98;151,25;84,11;19.05.02;138,85;161,36;
20020520;858;154,43;223,24;121,99;20.05.02;139,32;160,16;
20020521;988;187,76;274,08;195,16;21.05.02;142,11;159,88;
20020522;1106;209,66;280,67;244,07;22.05.02;145,13;165,87;
20020523;1234;209,38;230,15;245,54;23.05.02;147,79;169,08;
20020524;1132;166,80;186,71;165,46;24.05.02;149,54;172,95;
20020525;1079;150,43;153,03;183,80;25.05.02;151,02;170,06;
20020526;901;95,59;131,95;73,37;26.05.02;149,97;167,72;
20020527;837;217,67;228,84;250,11;27.05.02;154,41;176,76;
20020528;959;193,43;254,82;172,34;28.05.02;157,06;177,57;
20020529;1038;178,71;184,53;185,76;29.05.02;159,00;173,15;
20020530;1213;188,43;250,47;177,12;30.05.02;160,08;170,15;
20020531;1106;131,78;179,15;114,56;31.05.02;160,35;165,15;
20020601;1096;148,10;180,79;175,93;01.06.02;161,26;164,82;
20020602;885;116,03;119,41;118,27;02.06.02;160,60;167,74;
20020603;843;196,47;227,21;202,59;03.06.02;162,63;164,71;
20020604;956;155,93;165,81;184,40;04.06.02;162,92;159,35;
20020605;1077;175,32;220,77;138,11;05.06.02;163,57;158,87;
20020606;1228;151,06;204,38;121,13;06.06.02;162,64;153,53;
20020607;1123;209,43;270,54;191,32;07.06.02;164,18;164,62;
20020608;1107;125,68;143,19;109,48;08.06.02;161,81;161,42;
20020609;927;114,35;128,25;112,91;09.06.02;161,69;161,18;
20020610;890;148,88;178,11;167,13;10.06.02;162,46;154,38;
20020611;1001;188,63;191,35;225,64;11.06.02;164,78;159,05;
20020612;1133;154,96;198,20;111,83;12.06.02;164,52;156,14;
20020613;1224;165,09;215,84;135,02;13.06.02;163,70;158,14;
20020614;1144;141,88;190,52;115,57;14.06.02;162,84;148,50;
20020615;1012;225,86;280,64;212,30;15.06.02;164,14;162,81;
20020616;922;93,41;114,62;71,70;16.06.02;162,59;159,82;
20020617;879;177,12;187,85;162,95;17.06.02;162,81;163,85;
20020618;1013;130,80;130,40;125,08;18.06.02;163,44;155,59;
20020619;1100;192,73;282,20;115,19;19.06.02;164,71;160,99;
20020620;1190;153,10;205,36;97,22;20.06.02;163,56;159,27;
20020621;1124;147,36;176,28;122,53;21.06.02;161,48;160,05;
20020622;1087;103,61;133,67;86,16;22.06.02;157,96;142,59;
20020623;881;90,24;89,96;100,05;23.06.02;155,40;142,14;
20020624;862;161,40;206,88;134,21;24.06.02;155,77;139,89;
20020625;1022;191,23;297,28;113,20;25.06.02;158,96;148,53;
20020626;1085;161,81;243,49;111,70;26.06.02;157,10;144,11;
20020627;1255;131,97;199,98;87,79;27.06.02;155,05;141,09;
20020628;1162;99,78;113,68;71,11;28.06.02;152,42;134,29;
20020629;1101;105,30;155,97;70,05;29.06.02;149,64;134,53;
20020630;824;76,38;112,22;46,80;30.06.02;147,80;132,55;
20020701;847;121,24;155,96;104,07;01.07.02;146,90;126,82;
20020702;978;138,87;162,08;123,92;02.07.02;147,66;119,34;
20020703;1064;102,74;142,77;82,84;03.07.02;144,54;110,90;
20020704;1054;154,00;238,12;109,76;04.07.02;144,47;114,04;
20020705;962;148,07;205,97;103,08;05.07.02;143,57;120,94;
20020706;970;174,17;258,74;113,59;06.07.02;144,34;130,78;
20020707;867;87,88;121,89;50,83;07.07.02;140,28;132,42;
20020708;850;105,22;147,64;84,26;08.07.02;139,60;130,13;
20020709;951;107,98;131,96;81,10;09.07.02;139,39;125,72;
20020710;1022;100,48;142,18;64,69;10.07.02;137,78;125,40;
20020711;1190;111,35;172,06;69,44;11.07.02;135,20;119,31;
20020712;1033;141,10;159,84;122,66;12.07.02;134,74;118,31;
20020713;1026;103,32;115,87;85,91;13.07.02;132,68;108,19;
20020714;858;111,96;169,35;70,63;14.07.02;131,68;111,63;
20020715;849;113,15;155,59;97,33;15.07.02;127,93;112,76;
20020716;1022;103,72;174,49;53,90;16.07.02;128,27;112,15;
20020717;1089;109,51;133,43;96,12;17.07.02;126,02;113,44;
20020718;1175;121,23;157,39;117,21;18.07.02;125,70;114,85;
20020719;1037;118,19;165,60;90,31;19.07.02;123,21;111,58;
20020720;1047;113,90;157,71;73,66;20.07.02;121,91;113,09;
20020721;861;134,66;230,13;70,38;21.07.02;121,48;116,34;
20020722;874;94,75;128,47;100,85;22.07.02;121,19;113,71;
20020723;907;87,65;123,79;54,66;23.07.02;121,10;111,41;
20020724;1024;129,40;206,40;91,46;24.07.02;120,03;114,25;
20020725;1149;126,85;155,20;95,89;25.07.02;117,89;115,06;
20020726;1059;100,10;130,97;62,43;26.07.02;115,83;112,47;
20020727;996;126,38;172,41;121,68;27.07.02;115,64;114,26;
20020728;849;85,84;147,81;58,40;28.07.02;115,18;107,28;
20020729;813;114,09;89,36;149,08;29.07.02;115,47;110,04;
20020730;866;164,48;190,67;146,31;30.07.02;118,41;121,02;
20020731;1004;148,47;177,62;131,69;31.07.02;119,32;123,74;
20020801;1122;132,86;147,16;108,02;01.08.02;119,12;124,60;
20020802;1025;132,50;148,20;107,49;02.08.02;120,11;129,23;
20020803;974;183,65;223,77;152,71;03.08.02;121,10;137,41;
20020804;840;106,48;149,39;65,58;04.08.02;119,71;140,36;
20020805;804;127,72;172,51;102,78;05.08.02;118,16;142,31;
20020806;852;171,07;178,30;168,12;06.08.02;120,94;143,25;
20020807;1040;172,00;196,87;169,51;07.08.02;123,16;146,61;
20020808;1086;173,86;206,78;147,11;08.08.02;125,36;152,47;
20020809;994;106,64;132,89;72,05;09.08.02;125,56;148,78;
20020810;978;162,58;229,61;107,03;10.08.02;127,27;145,77;
20020811;846;93,97;124,91;58,61;11.08.02;125,70;143,98;
20020812;847;156,44;194,95;117,07;12.08.02;127,47;148,08;
20020813;895;118,44;162,35;80,02;13.08.02;127,69;140,56;
20020814;947;101,44;174,36;52,36;14.08.02;127,30;130,48;
20020815;1153;86,19;126,02;47,78;15.08.02;126,71;117,96;
20020816;995;119,85;146,03;105,20;16.08.02;127,06;119,84;
20020817;992;93,50;99,87;72,19;17.08.02;126,13;109,98;
20020818;829;91,90;103,57;86,39;18.08.02;125,26;109,68;
20020819;853;66,02;92,92;38,75;19.08.02;123,66;96,76;
20020820;873;151,78;181,57;107,28;20.08.02;124,23;101,53;
20020821;959;155,44;254,82;80,42;21.08.02;126,25;109,24;
20020822;1142;142,13;173,50;110,95;22.08.02;128,07;117,23;
20020823;1065;130,64;148,84;108,63;23.08.02;128,11;118,77;
20020824;871;121,70;144,08;113,85;24.08.02;127,94;122,80;
20020825;881;116,56;164,93;75,04;25.08.02;128,49;126,32;
20020826;797;137,16;140,88;124,42;26.08.02;128,85;136,49;
20020827;824;128,64;152,29;106,97;27.08.02;130,27;133,18;
20020828;1004;122,08;144,73;109,74;28.08.02;130,54;128,42;
20020829;1157;105,93;125,59;104,75;29.08.02;128,59;123,24;
20020830;1019;113,78;136,11;97,31;30.08.02;127,43;120,84;
20020831;1045;114,12;101,13;137,07;31.08.02;126,81;119,75;
20020901;909;80,17;101,72;66,67;01.09.02;125,06;114,55;
20020902;769;146,46;231,90;78,80;02.09.02;123,82;115,88;
20020903;867;114,62;106,65;127,08;03.09.02;124,09;113,88;
20020904;1036;188,65;210,38;180,80;04.09.02;126,13;123,39;
20020905;1215;185,39;179,39;181,37;05.09.02;126,60;134,74;
20020906;1088;152,23;163,90;141,78;06.09.02;125,94;140,24;
20020907;1024;174,69;212,85;145,26;07.09.02;125,97;148,89;
20020908;974;119,03;142,40;113,12;08.09.02;126,38;154,44;
20020909;904;157,57;160,73;164,54;09.09.02;126,22;156,03;
20020910;1029;225,34;256,74;230,21;10.09.02;130,60;171,84;
20020911;1171;198,02;304,57;136,43;11.09.02;131,98;173,18;
20020912;1239;189,82;261,20;124,50;12.09.02;134,36;173,82;
20020913;1122;301,14;306,10;319,15;13.09.02;141,02;195,09;" Bush Seeks UN Approval for Iraq War; Putin Threatens War with Georgia"
20020914;964;195,87;205,54;182,87;14.09.02;144,67;198,11;
20020915;962;127,41;123,58;125,99;15.09.02;144,93;199,31;
20020916;939;151,69;133,64;170,14;16.09.02;146,87;198,47;
20020917;1078;205,88;183,81;240,19;17.09.02;150,67;195,69;
20020918;1080;236,17;207,93;265,25;18.09.02;156,34;201,14;
20020919;1276;186,92;217,40;189,97;19.09.02;157,51;200,73;
20020920;1105;191,86;191,27;209,39;20.09.02;158,72;185,11;
20020921;1115;133,69;195,48;113,64;21.09.02;158,44;176,23;
20020922;890;93,05;111,32;99,04;22.09.02;157,19;171,32;
20020923;981;128,32;121,19;140,39;23.09.02;157,41;167,98;
20020924;996;216,18;185,68;248,90;24.09.02;160,73;169,46;
20020925;1117;237,25;195,13;290,99;25.09.02;164,07;169,61;
20020926;1301;140,04;152,30;131,27;26.09.02;164,45;162,91;
20020927;1156;255,03;308,53;247,81;27.09.02;168,88;171,94;
20020928;1174;132,62;151,90;122,01;28.09.02;169,77;171,78;
20020929;920;82,81;71,79;95,81;29.09.02;168,74;170,32;
20020930;934;159,60;162,64;153,36;30.09.02;170,25;174,79;
20021001;1087;155,42;121,52;162,18;01.10.02;172,76;166,11;
20021002;1111;134,17;148,62;128,92;02.10.02;172,35;151,38;
20021003;1244;138,47;159,28;124,00;03.10.02;173,14;151,16;
20021004;1139;168,68;191,36;145,10;04.10.02;172,48;138,82;
20021005;1141;148,06;138,93;154,50;05.10.02;171,23;141,03;
20021006;946;80,54;76,80;81,53;06.10.02;168,84;140,71;
20021007;961;203,37;233,67;154,78;07.10.02;169,80;146,96;
20021008;1061;187,33;224,10;197,31;08.10.02;172,08;151,52;
20021009;1141;209,03;272,06;183,47;09.10.02;173,79;162,21;
20021010;1321;178,04;199,99;179,32;10.10.02;172,22;167,87;
20021011;1185;178,91;217,37;172,01;11.10.02;171,58;169,33;
20021012;1121;200,94;229,78;176,92;12.10.02;171,95;176,88;
20021013;973;136,18;224,00;90,59;13.10.02;166,45;184,83;
20021014;904;183,22;263,02;146,26;14.10.02;166,03;181,95;
20021015;1019;195,05;265,75;194,63;15.10.02;168,28;183,05;
20021016;1126;158,86;217,03;136,99;16.10.02;168,52;175,89;
20021017;1291;187,31;225,10;166,42;17.10.02;167,90;177,21;
20021018;1149;271,00;339,15;249,32;18.10.02;169,06;190,37;
20021019;1141;168,39;173,66;159,33;19.10.02;168,45;185,72;
20021020;957;169,61;207,05;172,70;20.10.02;167,71;190,49;
20021021;934;166,69;127,29;188,75;21.10.02;168,81;188,13;
20021022;1028;135,34;96,37;155,41;22.10.02;170,22;179,60;
20021023;1169;161,52;146,90;193,22;23.10.02;171,32;179,98;
20021024;1311;144,02;166,25;126,06;24.10.02;168,92;173,80;
20021025;1199;201,68;242,38;206,76;25.10.02;167,73;163,89;
20021026;1176;191,54;258,35;178,01;26.10.02;169,45;167,20;
20021027;982;118,07;121,06;140,25;27.10.02;164,88;159,84;
20021028;817;174,35;218,27;182,06;28.10.02;166,27;160,93;
20021029;1105;176,87;209,20;169,51;29.10.02;169,41;166,86;
20021030;1139;154,14;214,55;130,59;30.10.02;169,23;165,81;
20021031;1345;140,38;142,41;147,45;31.10.02;168,73;165,29;
20021101;1175;169,15;202,36;159,41;01.11.02;169,89;160,64;
20021102;1163;99,69;107,90;85,26;02.11.02;168,60;147,52;
20021103;980;67,60;101,09;44,97;03.11.02;165,23;140,31;
20021104;908;94,85;109,11;91,01;04.11.02;163,46;128,96;
20021105;1018;143,18;136,25;162,35;05.11.02;165,54;124,14;
20021106;1177;182,94;213,24;159,14;06.11.02;164,86;128,26;
20021107;1324;155,12;129,70;166,44;07.11.02;163,79;130,36;
20021108;1154;160,75;160,25;181,41;08.11.02;162,18;129,16;
20021109;1118;168,89;124,06;206,96;09.11.02;161,87;139,05;
20021110;982;91,08;94,16;78,54;10.11.02;158,95;142,40;
20021111;905;164,71;197,05;164,36;11.11.02;157,74;152,38;
20021112;1014;156,81;136,78;195,59;12.11.02;158,43;154,33;
20021113;1084;192,52;243,72;188,04;13.11.02;158,74;155,70;
20021114;1298;216,92;239,15;224,94;14.11.02;159,47;164,53;
20021115;1173;194,86;219,60;197,25;15.11.02;160,67;169,40;
20021116;1129;196,58;228,15;195,18;16.11.02;160,98;173,35;
20021117;954;142,36;138,46;161,69;17.11.02;156,69;180,68;
20021118;984;181,79;241,64;179,15;18.11.02;157,13;183,12;
20021119;1085;216,77;255,67;203,10;19.11.02;158,71;191,69;
20021120;1152;123,65;126,13;129,12;20.11.02;157,27;181,85;
20021121;1323;142,72;154,76;137,41;21.11.02;157,52;171,25;
20021122;1212;147,59;196,18;118,18;22.11.02;157,05;164,49;
20021123;1149;178,75;212,69;139,04;23.11.02;158,21;161,95;
20021124;962;123,96;178,51;85,90;24.11.02;155,62;159,32;
20021125;916;130,19;115,37;132,31;25.11.02;153,57;151,95;
20021126;1003;168,44;158,04;159,28;26.11.02;155,25;145,04;
20021127;1068;142,68;179,34;118,64;27.11.02;154,20;147,76;
20021128;1120;147,88;129,74;177,08;28.11.02;153,23;148,50;
20021129;1066;198,88;278,81;160,21;29.11.02;154,72;155,82;
20021130;1140;180,16;243,33;154,64;30.11.02;156,05;156,03;
20021201;902;117,52;161,09;91,61;01.12.02;154,33;155,11;
20021202;884;176,12;261,50;124,64;02.12.02;156,88;161,67;
20021203;1026;174,35;180,25;187,93;03.12.02;160,43;162,51;
20021204;1154;172,23;194,59;152,76;04.12.02;163,01;166,73;
20021205;1239;200,52;223,89;191,19;05.12.02;164,92;174,25;
20021206;1145;216,98;265,34;182,83;06.12.02;166,06;176,84;
20021207;1099;102,48;138,22;85,22;07.12.02;164,30;165,74;
20021208;972;88,61;108,72;79,35;08.12.02;161,90;161,61;
20021209;951;135,85;152,79;110,06;09.12.02;160,80;155,86;
20021210;1038;175,52;146,35;206,99;10.12.02;163,61;156,03;
20021211;1137;177,72;168,46;184,12;11.12.02;164,05;156,81;
20021212;1312;171,69;191,30;176,36;12.12.02;164,54;152,69;
20021213;1162;165,34;130,73;189,64;13.12.02;163,64;145,32;
20021214;1094;157,45;126,78;176,25;14.12.02;161,65;153,17;
20021215;939;84,67;77,37;88,00;15.12.02;157,98;152,61;
20021216;932;152,83;141,73;171,42;16.12.02;156,52;155,03;
20021217;1030;176,88;160,31;181,85;17.12.02;157,67;155,23;
20021218;1068;201,61;204,08;196,01;18.12.02;158,33;158,64;
20021219;1226;175,63;167,00;193,22;19.12.02;156,96;159,20;
20021220;1104;276,05;215,37;314,37;20.12.02;162,04;175,02;
20021221;1011;183,49;182,92;207,06;21.12.02;163,40;178,74;
20021222;856;150,92;185,18;128,72;22.12.02;163,51;188,20;
20021223;803;189,76;197,40;192,09;23.12.02;163,88;193,48;
20021224;764;273,16;164,25;353,33;24.12.02;168,85;207,23;
20021225;393;193,87;201,67;266,34;25.12.02;170,98;206,12;
20021226;721;206,75;201,53;236,86;26.12.02;172,25;210,57;
20021227;829;203,79;199,18;212,65;27.12.02;174,29;200,25;
20021228;867;194,86;159,98;216,04;28.12.02;175,86;201,87;
20021229;859;138,83;138,40;147,51;29.12.02;173,85;200,14;
20021230;774;162,63;145,07;213,53;30.12.02;173,27;196,27;
20021231;739;228,61;223,44;238,55;31.12.02;176,97;189,90;
20030101;669;282,24;276,43;337,62;01.01.03;180,51;202,53;
20030102;922;183,23;179,09;179,25;02.01.03;180,81;199,17;
20030103;945;171,76;132,79;215,70;03.01.03;180,79;194,59;
20030104;956;162,86;151,99;190,16;04.01.03;179,53;190,02;
20030105;901;161,77;153,94;201,77;05.01.03;177,69;193,30;
20030106;843;117,88;109,69;124,17;06.01.03;178,21;186,91;
20030107;996;209,53;152,52;254,43;07.01.03;182,24;184,18;
20030108;1080;202,43;189,58;275,45;08.01.03;184,46;172,78;
20030109;1211;175,07;158,16;204,71;09.01.03;184,44;171,61;
20030110;1121;245,27;164,97;309,61;10.01.03;186,69;182,12;
20030111;1140;209,21;220,16;227,13;11.01.03;187,95;188,74;
20030112;958;110,65;89,63;143,76;12.01.03;186,12;181,44;
20030113;851;202,41;162,98;220,10;13.01.03;187,62;193,51;
20030114;1047;193,00;157,71;220,99;14.01.03;191,23;191,15;
20030115;1136;242,03;186,05;286,12;15.01.03;194,21;196,80;
20030116;1247;177,98;153,60;189,97;16.01.03;194,24;197,22;
20030117;1126;241,23;211,16;269,09;17.01.03;195,56;196,65;
20030118;1156;166,20;159,98;171,56;18.01.03;195,25;190,50;
20030119;927;96,48;85,50;112,91;19.01.03;189,26;188,48;
20030120;899;210,03;176,32;232,86;20.01.03;190,15;189,56;
20030121;983;229,15;194,85;285,82;21.01.03;192,76;194,73;
20030122;1125;226,73;135,03;288,92;22.01.03;193,99;192,54;
20030123;1293;184,46;127,70;217,29;23.01.03;191,03;193,47;
20030124;1176;247,88;247,12;267,02;24.01.03;192,83;194,42;
20030125;1171;246,11;293,29;254,04;25.01.03;194,14;205,83;
20030126;947;171,40;160,41;197,79;26.01.03;193,06;216,54;
20030127;884;258,56;201,73;348,99;27.01.03;195,19;223,47;
20030128;1044;285,57;183,47;390,49;28.01.03;200,08;231,53;
20030129;1093;257,61;211,50;352,82;29.01.03;203,24;235,94;
20030130;1253;264,37;263,56;320,96;30.01.03;204,44;247,36;
20030131;1136;230,36;180,24;281,27;31.01.03;202,71;244,85;
20030201;1114;202,20;130,43;262,10;01.02.03;203,34;238,58;
20030202;993;113,42;133,03;122,05;02.02.03;201,40;230,30;
20030203;929;167,59;213,29;166,04;03.02.03;201,55;217,30;
20030204;1043;206,44;170,98;264,09;04.02.03;203,04;206,00;
20030205;1129;196,58;140,40;243,98;05.02.03;205,67;197,28;
20030206;1300;211,49;121,93;292,40;06.02.03;205,73;189,73;
20030207;1147;257,03;172,75;345,81;07.02.03;207,55;193,54;
20030208;1101;201,58;179,97;260,19;08.02.03;208,43;193,45;
20030209;926;110,90;135,52;113,04;09.02.03;203,96;193,09;
20030210;899;180,55;117,55;238,99;10.02.03;203,00;194,94;
20030211;1040;213,41;190,52;248,96;11.02.03;206,43;195,94;
20030212;1129;296,34;298,35;336,69;12.02.03;209,56;210,19;
20030213;1267;334,66;375,33;382,63;13.02.03;214,28;227,78;
20030214;1154;344,46;331,95;448,74;14.02.03;217,69;240,27;" War Fears U.S./Iraq; Terrorism in UK; Tension with North Korea"
20030215;1167;317,92;209,40;453,18;15.02.03;222,36;256,89;
20030216;982;172,04;208,50;201,96;16.02.03;220,05;265,62;
20030217;843;290,78;274,22;385,57;17.02.03;224,20;281,37;
20030218;957;342,68;303,67;431,74;18.02.03;232,41;299,84;
20030219;1148;242,38;212,87;278,33;19.02.03;233,49;292,13;
20030220;1231;239,50;209,25;304,32;20.02.03;233,83;278,54;
20030221;1166;227,28;198,26;259,86;21.02.03;233,85;261,80;
20030222;1104;267,05;287,16;279,44;22.02.03;236,60;254,53;
20030223;955;197,71;207,48;224,98;23.02.03;234,93;258,20;
20030224;872;186,14;166,63;240,07;24.02.03;232,93;243,25;
20030225;1007;338,82;295,15;415,77;25.02.03;238,51;242,70;
20030226;1106;284,53;197,07;353,65;26.02.03;239,38;248,72;
20030227;1273;228,99;212,72;285,62;27.02.03;237,49;247,22;
20030228;1169;240,86;203,40;315,74;28.02.03;236,94;249,16;
20030301;1153;189,62;194,76;215,01;01.03.03;234,44;238,10;
20030302;947;139,92;160,41;145,43;02.03.03;231,43;229,84;
20030303;925;247,10;199,93;303,74;03.03.03;232,93;238,55;
20030304;1026;326,09;289,68;397,34;04.03.03;240,01;236,73;
20030305;1146;338,19;270,88;384,57;05.03.03;245,70;244,40;
20030306;1254;285,29;273,88;316,31;06.03.03;248,33;252,44;
20030307;1238;313,06;224,07;422,74;07.03.03;252,21;262,75;
20030308;1139;299,56;249,34;367,59;08.03.03;255,15;278,46;
20030309;972;184,03;176,67;198,37;09.03.03;252,71;284,76;
20030310;910;327,62;297,58;387,45;10.03.03;256,92;296,26;
20030311;1061;309,09;255,23;379,04;11.03.03;263,52;293,83;
20030312;1192;347,37;288,13;425,19;12.03.03;269,08;295,15;
20030313;1238;262,22;202,73;333,74;13.03.03;270,71;291,85;
20030314;1181;336,59;307,59;433,82;14.03.03;272,05;295,21;
20030315;1122;268,67;211,92;338,79;15.03.03;269,85;290,80;
20030316;994;216,62;292,36;232,77;16.03.03;265,59;295,45;
20030317;951;344,84;312,53;417,09;17.03.03;266,49;297,91;
20030318;1111;554,58;653,93;689,25;18.03.03;279,24;332,98;
20030319;1147;540,06;575,83;658,01;19.03.03;287,55;360,51;
20030320;1404;478,95;700,93;498,32;20.03.03;292,09;391,47;
20030321;1286;595,03;924,46;479,79;21.03.03;303,85;428,39; Beginning of the Iraq War
20030322;1156;441,29;651,33;338,36;22.03.03;310,57;453,05;
20030323;1052;255,06;339,03;251,36;23.03.03;311,50;458,54;
20030324;983;441,45;678,62;285,82;24.03.03;317,31;472,35;
20030325;1122;516,67;753,48;353,52;25.03.03;327,94;466,93;
20030326;1205;417,85;624,85;278,88;26.03.03;335,67;449,47;
20030327;1324;482,87;713,35;370,32;27.03.03;340,47;450,03;
20030328;1277;373,54;486,18;323,55;28.03.03;343,44;418,39;
20030329;1164;347,19;487,98;279,24;29.03.03;347,38;404,95;
20030330;1040;207,04;342,94;132,43;30.03.03;346,25;398,09;
20030331;996;439,02;676,39;298,68;31.03.03;354,56;397,74;
20030401;1112;512,38;706,80;401,29;01.04.03;366,98;397,13;
20030402;1182;428,78;648,18;288,97;02.04.03;373,03;398,69;
20030403;1281;356,86;510,44;245,13;03.04.03;374,06;380,69;
20030404;1126;394,21;621,76;229,95;04.04.03;375,93;383,64;
20030405;1180;261,08;380,61;191,41;05.04.03;375,12;371,34;
20030406;1027;206,43;347,28;112,65;06.04.03;371,56;371,25;
20030407;979;277,46;357,56;225,09;07.04.03;370,83;348,17;
20030408;1101;339,98;527,90;230,17;08.04.03;376,03;323,54;
20030409;1141;354,19;549,91;217,27;09.04.03;376,91;312,89;
20030410;1416;287,74;359,16;237,32;10.04.03;376,20;303,01;
20030411;1225;319,09;452,90;229,35;11.04.03;375,26;292,28;
20030412;1173;240,04;315,32;192,56;12.04.03;374,52;289,28;
20030413;1014;199,28;286,60;173,85;13.04.03;369,94;288,25;
20030414;931;263,30;368,90;213,02;14.04.03;369,76;286,23;
20030415;1015;280,67;357,89;217,10;15.04.03;371,90;277,76;
20030416;1206;280,17;328,59;242,10;16.04.03;369,74;267,18;
20030417;1226;229,66;199,33;260,62;17.04.03;358,91;258,89;
20030418;989;234,46;273,81;239,52;18.04.03;348,72;246,80;
20030419;1061;193,57;205,43;207,69;19.04.03;339,21;240,16;
20030420;878;166,01;233,20;125,49;20.04.03;324,91;235,41;
20030421;815;199,16;226,91;189,27;21.04.03;316,84;226,24;
20030422;985;174,88;207,86;184,57;22.04.03;314,17;211,13;
20030423;1114;184,36;136,36;252,21;23.04.03;305,60;197,44;
20030424;1268;172,42;187,52;178,13;24.04.03;294,12;189,27;
20030425;1141;214,84;219,97;207,61;25.04.03;287,36;186,46;
20030426;1204;167,83;164,57;164,72;26.04.03;276,85;182,78;
20030427;1019;120,28;155,56;102,72;27.04.03;268,41;176,25;
20030428;913;141,50;159,15;126,71;28.04.03;261,56;168,02;
20030429;1080;159,49;134,54;163,23;29.04.03;259,97;165,82;
20030430;1145;225,66;178,82;274,25;30.04.03;252,86;171,72;
20030501;1265;201,63;240,17;187,26;01.05.03;242,50;175,89;
20030502;1204;154,07;208,46;114,39;02.05.03;233,34;167,21;
20030503;1202;140,55;186,82;151,25;03.05.03;226,13;163,31;
20030504;957;100,38;124,23;92,10;04.05.03;216,34;160,47;
20030505;888;175,33;171,07;186,12;05.05.03;213,48;165,30;
20030506;992;160,29;153,13;172,16;06.05.03;211,94;165,42;
20030507;1131;155,23;151,83;165,61;07.05.03;207,87;155,35;
20030508;1230;145,43;161,09;147,80;08.05.03;201,38;147,33;
20030509;1155;192,16;211,58;186,02;09.05.03;195,98;152,77;
20030510;1186;131,27;167,07;106,84;10.05.03;190,77;151,44;
20030511;987;104,04;113,76;89,31;11.05.03;183,60;151,96;
20030512;928;182,05;177,93;172,16;12.05.03;181,67;152,92;
20030513;1029;167,40;237,49;117,78;13.05.03;180,60;153,94;
20030514;1159;222,93;302,03;161,61;14.05.03;179,26;163,61;
20030515;1270;224,32;239,23;221,23;15.05.03;177,38;174,88;
20030516;1167;210,05;266,00;207,71;16.05.03;175,04;177,44;
20030517;1193;152,72;182,70;170,86;17.05.03;172,48;180,50;
20030518;979;111,66;155,17;90,03;18.05.03;168,38;181,59;
20030519;920;144,02;222,55;101,80;19.05.03;166,73;176,16;
20030520;1002;195,05;283,44;137,45;20.05.03;167,70;180,11;
20030521;1157;186,10;211,21;219,03;21.05.03;167,26;174,85;
20030522;1277;207,52;237,92;185,50;22.05.03;168,35;172,45;
20030523;1190;189,29;133,20;226,84;23.05.03;168,52;169,48;
20030524;1154;132,04;125,91;147,99;24.05.03;167,17;166,53;
20030525;917;126,43;144,05;108,14;25.05.03;164,22;168,64;
20030526;739;152,40;160,87;134,18;26.05.03;163,71;169,83;
20030527;918;126,30;107,92;144,03;27.05.03;163,91;160,01;
20030528;1072;148,32;166,35;118,20;28.05.03;164,14;154,62;
20030529;1208;126,14;158,56;118,57;29.05.03;163,03;142,99;
20030530;1108;143,50;137,10;144,19;30.05.03;160,29;136,45;
20030531;1171;141,44;152,29;141,14;31.05.03;158,28;137,79;
20030601;962;86,09;109,85;68,72;01.06.03;156,02;132,03;
20030602;856;150,92;115,74;173,77;02.06.03;156,36;131,82;
20030603;1049;205,26;195,18;210,07;03.06.03;159,86;143,10;
20030604;1192;186,19;227,18;157,14;04.06.03;160,22;148,51;
20030605;1237;166,03;186,88;155,87;05.06.03;160,41;154,21;
20030606;1152;172,53;229,33;148,25;06.06.03;160,99;158,35;
20030607;1207;123,50;142,27;104,98;07.06.03;160,26;155,79;
20030608;980;87,88;114,57;67,46;08.06.03;156,78;156,05;
20030609;881;150,40;179,92;150,08;09.06.03;157,42;155,97;
20030610;1133;172,50;163,22;194,49;10.06.03;159,70;151,29;
20030611;1105;158,88;185,29;134,61;11.06.03;158,93;147,39;
20030612;1230;172,36;225,53;138,84;12.06.03;159,09;148,29;
20030613;1190;139,18;222,01;106,48;13.06.03;156,30;143,53;
20030614;1186;94,96;139,22;60,39;14.06.03;151,99;139,45;
20030615;909;65,60;116,26;30,30;15.06.03;147,17;136,27;
20030616;897;173,57;242,98;153,54;16.06.03;147,87;139,58;
20030617;1037;146,94;114,64;154,06;17.06.03;149,05;135,93;
20030618;1123;176,98;252,90;156,98;18.06.03;150,14;138,51;
20030619;1205;164,94;197,32;150,87;19.06.03;149,14;137,45;
20030620;1082;156,14;115,98;173,11;20.06.03;148,14;139,88;
20030621;1195;113,65;132,65;106,03;21.06.03;145,01;142,55;
20030622;949;111,70;146,15;104,49;22.06.03;142,43;149,13;
20030623;844;141,29;179,99;117,49;23.06.03;142,74;144,52;
20030624;999;155,85;204,95;132,35;24.06.03;143,72;145,79;
20030625;1128;226,12;298,62;175,82;25.06.03;146,17;152,81;
20030626;1210;167,00;207,42;132,03;26.06.03;147,53;153,11;
20030627;1124;150,30;182,16;112,73;27.06.03;147,60;152,27;
20030628;1141;95,81;98,41;91,74;28.06.03;146,58;149,72;
20030629;916;108,49;165,84;72,17;29.06.03;145,42;149,27;
20030630;858;150,57;215,54;96,31;30.06.03;145,72;150,59;
20030701;1007;154,61;190,21;114,88;01.07.03;148,01;150,41;
20030702;1051;176,50;226,23;136,28;02.07.03;148,86;143,33;
20030703;1140;119,14;168,02;77,32;03.07.03;145,99;136,49;
20030704;925;150,41;178,51;125,07;04.07.03;144,79;136,50;
20030705;1032;73,83;96,00;53,38;05.07.03;141,72;133,36;
20030706;886;71,04;74,55;62,18;06.07.03;138,34;128,01;
20030707;857;88,90;123,31;64,28;07.07.03;137,19;119,20;
20030708;993;190,15;206,19;160,89;08.07.03;140,59;124,28;
20030709;1045;145,82;170,65;115,98;09.07.03;140,44;119,90;
20030710;1168;147,48;169,64;127,35;10.07.03;139,61;123,95;
20030711;1148;95,22;120,82;76,78;11.07.03;137,48;116,06;
20030712;1104;114,02;137,60;89,82;12.07.03;135,54;121,80;
20030713;898;88,53;117,68;67,48;13.07.03;133,85;124,30;
20030714;809;143,31;122,46;143,00;14.07.03;135,46;132,08;
20030715;1014;147,01;130,27;157,56;15.07.03;138,18;125,91;
20030716;1098;141,79;132,34;160,55;16.07.03;137,12;125,34;
20030717;1176;138,02;157,26;121,80;17.07.03;136,82;123,99;
20030718;1126;132,39;158,37;127,21;18.07.03;135,33;129,30;
20030719;1103;111,12;89,82;114,88;19.07.03;133,54;128,88;
20030720;900;139,86;190,80;97,94;20.07.03;133,00;136,22;
20030721;823;165,02;168,53;167,35;21.07.03;134,71;139,32;
20030722;934;134,77;134,36;135,66;22.07.03;135,48;137,57;
20030723;1087;170,66;261,27;96,29;23.07.03;136,46;141,69;
20030724;1162;125,43;187,57;56,89;24.07.03;135,44;139,89;
20030725;1080;159,49;262,97;96,92;25.07.03;133,22;143,77;
20030726;1083;110,11;140,27;76,30;26.07.03;131,33;143,62;
20030727;877;79,32;90,37;75,38;27.07.03;128,96;134,97;
20030728;815;134,13;235,02;54,08;28.07.03;130,24;130,56;
20030729;909;178,57;283,37;96,97;29.07.03;132,57;136,82;
20030730;1021;191,42;284,63;118,71;30.07.03;133,94;139,78;
20030731;1206;134,59;153,34;137,04;31.07.03;133,27;141,09;
20030801;1077;153,79;190,11;117,65;01.08.03;132,51;140,28;
20030802;1040;95,55;101,61;90,05;02.08.03;131,73;138,20;
20030803;933;117,16;155,74;94,47;03.08.03;130,62;143,60;
20030804;800;161,49;181,63;130,84;04.08.03;133,54;147,51;
20030805;894;107,45;162,53;73,95;05.08.03;134,75;137,35;
20030806;1044;152,30;221,42;110,81;06.08.03;136,87;131,76;
20030807;1096;136,01;192,84;80,42;07.08.03;135,06;131,97;
20030808;1032;150,86;236,80;80,07;08.08.03;135,23;131,55;
20030809;1029;119,11;154,05;80,31;09.08.03;134,28;134,91;
20030810;887;112,04;156,37;93,16;10.08.03;134,84;134,18;
20030811;837;134,56;181,49;111,89;11.08.03;135,53;130,33;
20030812;941;144,33;203,55;122,94;12.08.03;137,39;135,60;
20030813;1033;179,58;230,17;154,66;13.08.03;138,60;139,50;
20030814;1119;150,97;165,27;162,46;14.08.03;138,73;141,64;
20030815;1047;218,31;315,41;168,37;15.08.03;141,28;151,27;
20030816;1145;138,87;207,66;91,42;16.08.03;141,31;154,09;
20030817;905;76,87;109,47;54,79;17.08.03;139,46;149,07;
20030818;856;139,31;208,33;90,10;18.08.03;140,40;149,75;
20030819;936;162,80;239,92;100,06;19.08.03;141,16;152,39;
20030820;1063;208,79;285,81;155,48;20.08.03;142,62;156,56;
20030821;1186;117,31;144,79;97,55;21.08.03;142,04;151,75;
20030822;1109;134,41;178,67;114,25;22.08.03;140,83;139,77;
20030823;1095;127,06;180,95;95,59;23.08.03;140,89;138,08;
20030824;948;73,38;90,57;63,92;24.08.03;138,02;137,58;
20030825;819;129,43;177,42;87,44;25.08.03;138,66;136,17;
20030826;879;195,97;232,93;175,49;26.08.03;142,55;140,91;
20030827;1087;164,56;157,98;157,11;27.08.03;143,56;134,59;
20030828;1186;139,65;122,52;157,93;28.08.03;142,26;137,78;
20030829;1074;114,12;147,59;97,46;29.08.03;139,69;134,88;
20030830;1053;103,81;94,08;99,40;30.08.03;138,66;131,56;
20030831;966;99,45;129,91;68,43;31.08.03;136,85;135,28;
20030901;750;154,59;246,58;66,11;01.09.03;138,82;138,88;
20030902;894;151,92;184,70;123,24;02.09.03;139,98;132,59;
20030903;1102;132,26;155,83;124,98;03.09.03;139,00;127,97;
20030904;1236;99,16;80,15;120,34;04.09.03;138,73;122,19;
20030905;1167;133,41;101,87;146,34;05.09.03;138,10;124,94;
20030906;1164;79,68;90,79;75,73;06.09.03;136,22;121,50;
20030907;973;81,71;149,34;16,99;07.09.03;133,91;118,96;
20030908;903;165,08;256,00;122,02;08.09.03;135,45;120,46;
20030909;1070;157,89;160,49;175,05;09.09.03;136,97;121,31;
20030910;1120;159,71;171,02;137,73;10.09.03;137,81;125,24;
20030911;1292;97,43;153,36;55,43;11.09.03;136,25;124,99;
20030912;1128;126,28;158,09;112,33;12.09.03;134,47;123,97;
20030913;1147;150,18;178,51;120,07;13.09.03;134,45;134,04;
20030914;972;64,75;74,75;62,34;14.09.03;129,33;131,62;
20030915;952;111,35;117,94;104,16;15.09.03;128,41;123,94;
20030916;1090;133,72;127,25;136,46;16.09.03;130,31;120,49;
20030917;1160;122,79;159,42;94,98;17.09.03;129,75;115,21;
20030918;1288;128,59;158,97;111,21;18.09.03;128,61;119,67;
20030919;1208;115,17;169,49;72,97;19.09.03;125,49;118,08;
20030920;1169;93,51;124,30;61,26;20.09.03;124,70;109,98;
20030921;976;98,43;169,18;45,16;21.09.03;123,50;114,79;
20030922;969;116,23;163,58;73,91;22.09.03;123,14;115,49;
20030923;1132;105,35;116,69;82,73;23.09.03;124,21;111,44;
20030924;1146;150,31;190,19;120,18;24.09.03;124,90;115,37;
20030925;1293;110,16;127,70;102,26;25.09.03;122,04;112,74;
20030926;1195;119,20;160,28;92,20;26.09.03;120,53;113,31;
20030927;1179;67,43;78,43;56,07;27.09.03;118,12;109,59;
20030928;998;82,98;105,89;55,20;28.09.03;117,08;107,38;
20030929;883;131,30;157,08;112,30;29.09.03;118,00;109,53;
20030930;1150;120,98;91,89;153,29;30.09.03;118,72;111,77;
20031001;1228;83,62;118,33;62,81;01.10.03;116,35;102,24;
20031002;1246;114,32;159,02;88,43;02.10.03;115,10;102,83;
20031003;1269;133,13;130,12;151,94;03.10.03;115,13;104,82;
20031004;1167;76,64;84,89;80,25;04.10.03;114,38;106,14;
20031005;1020;71,45;84,18;70,21;05.10.03;112,31;104,49;
20031006;1000;135,82;191,54;88,14;06.10.03;114,18;105,14;
20031007;1101;126,36;161,97;85,06;07.10.03;115,67;105,91;
20031008;1267;88,89;119,90;73,92;08.10.03;113,13;106,66;
20031009;1415;77,25;98,02;70,08;09.10.03;110,44;101,36;
20031010;1206;137,34;158,82;123,34;10.10.03;109,70;101,96;
20031011;1220;84,17;92,03;90,31;11.10.03;109,26;103,04;
20031012;1013;78,48;104,32;65,26;12.10.03;107,66;104,05;
20031013;944;129,84;146,93;116,72;13.10.03;106,99;103,19;
20031014;1042;123,98;133,11;111,03;14.10.03;108,96;102,85;
20031015;1201;113,09;137,48;105,50;15.10.03;109,02;106,31;
20031016;1398;130,32;179,53;98,52;16.10.03;108,90;113,89;
20031017;1229;110,51;150,47;85,17;17.10.03;108,50;110,06;
20031018;1180;84,22;100,75;65,36;18.10.03;107,02;110,06;
20031019;959;89,81;137,74;51,70;19.10.03;106,17;111,68;
20031020;1002;115,71;145,01;93,47;20.10.03;106,91;109,66;
20031021;1115;154,49;189,55;128,46;21.10.03;108,78;114,02;
20031022;1194;163,69;116,16;193,78;22.10.03;110,36;121,25;
20031023;1344;120,77;137,60;98,38;23.10.03;110,88;119,88;
20031024;1195;133,06;121,59;124,47;24.10.03;110,30;123,11;
20031025;1098;66,37;102,26;45,16;25.10.03;108,84;120,56;
20031026;959;65,63;96,42;45,96;26.10.03;107,05;117,10;
20031027;913;101,59;122,98;72,41;27.10.03;108,19;115,08;
20031028;1057;112,82;143,72;78,18;28.10.03;109,19;109,13;
20031029;1184;128,70;161,77;111,67;29.10.03;109,10;104,13;
20031030;1379;74,47;95,79;55,93;30.10.03;107,55;97,52;
20031031;1108;107,63;95,38;104,41;31.10.03;108,35;93,89;
20031101;1202;85,43;109,90;64,16;01.11.03;107,39;96,61;
20031102;981;70,91;94,26;61,77;02.11.03;105,31;97,36;
20031103;898;151,24;213,29;122,70;03.11.03;107,80;104,46;
20031104;1055;122,46;156,51;83,55;04.11.03;109,50;105,83;
20031105;1121;109,34;164,97;68,80;05.11.03;108,62;103,07;
20031106;1247;95,63;105,93;79,52;06.11.03;107,59;106,09;
20031107;1149;86,49;103,47;71,92;07.11.03;107,51;103,07;
20031108;1194;83,23;105,10;64,59;08.11.03;107,71;102,76;
20031109;962;117,08;171,64;85,90;09.11.03;107,04;109,35;
20031110;875;128,72;173,61;113,33;10.11.03;108,52;106,13;
20031111;1112;151,93;196,00;118,90;11.11.03;110,97;110,34;
20031112;1110;95,50;124,95;69,48;12.11.03;109,83;108,37;
20031113;1239;120,31;175,91;57,80;13.11.03;109,70;111,89;
20031114;1141;101,61;133,14;86,91;14.11.03;109,32;114,05;
20031115;1007;78,95;111,50;49,24;15.11.03;107,61;113,44;
20031116;981;84,42;114,46;50,54;16.11.03;106,74;108,78;
20031117;971;129,64;197,26;73,76;17.11.03;108,25;108,91;
20031118;1111;152,06;190,24;143,80;18.11.03;110,33;108,93;
20031119;1129;134,97;146,25;126,87;19.11.03;110,97;114,57;
20031120;1258;131,66;168,01;113,86;20.11.03;110,21;116,19;
20031121;1190;203,21;255,31;175,92;21.11.03;111,53;130,70;
20031122;1137;171,89;203,31;159,89;22.11.03;113,23;143,98;
20031123;986;100,79;147,37;83,81;23.11.03;112,16;146,32;
20031124;879;131,90;180,33;94,01;24.11.03;114,34;146,64;
20031125;1045;101,44;94,80;94,89;25.11.03;115,53;139,41;
20031126;1065;105,75;167,44;67,25;26.11.03;115,67;135,23;
20031127;1107;119,70;149,16;114,46;27.11.03;115,90;133,52;
20031128;1064;143,21;148,98;139,80;28.11.03;116,38;124,95;
20031129;1076;123,14;141,18;102,40;29.11.03;118,01;117,99;
20031130;890;85,61;126,16;55,71;30.11.03;117,27;115,82;
20031201;901;143,39;175,93;116,17;01.12.03;119,21;117,46;
20031202;1019;120,28;155,56;75,69;02.12.03;120,85;120,15;
20031203;1072;166,86;240,28;149,03;03.12.03;121,37;128,88;
20031204;1235;134,11;171,14;107,06;04.12.03;121,76;130,94;
20031205;1122;112,19;164,82;63,83;05.12.03;121,86;126,51;
20031206;1144;112,93;121,24;101,13;06.12.03;122,43;125,05;
20031207;1014;111,07;136,78;81,49;07.12.03;123,25;128,69;
20031208;883;82,53;104,72;68,63;08.12.03;123,23;120,00;
20031209;1157;80,17;119,88;38,09;09.12.03;122,00;114,27;
20031210;1157;143,15;159,84;114,28;10.12.03;122,48;110,88;
20031211;1272;109,38;150,58;69,30;11.12.03;121,06;107,35;
20031212;1142;133,43;156,15;106,13;12.12.03;122,32;110,38;
20031213;1134;93,48;116,49;72,87;13.12.03;121,43;107,60;
20031214;949;69,81;76,56;69,66;14.12.03;120,37;101,71;
20031215;916;130,19;158,63;102,24;15.12.03;122,08;108,51;
20031216;1077;138,41;177,84;102,30;16.12.03;123,88;116,84;
20031217;1093;133,35;187,33;105,85;17.12.03;124,00;115,43;
20031218;1178;81,55;123,35;56,12;18.12.03;121,65;111,46;
20031219;1140;156,91;214,36;101,48;19.12.03;122,38;114,81;
20031220;1058;144,02;156,07;156,21;20.12.03;122,79;122,03;
20031221;888;108,18;126,44;93,06;21.12.03;119,63;127,52;
20031222;786;177,01;184,87;196,25;22.12.03;119,80;134,20;
20031223;869;171,54;243,21;190,18;23.12.03;122,16;138,94;
20031224;817;186,51;234,44;182,06;24.12.03;123,98;146,53;
20031225;514;128,89;154,20;128,61;25.12.03;124,89;153,29;
20031226;680;151,01;194,26;129,62;26.12.03;126,40;152,45;
20031227;845;105,85;156,33;78,23;27.12.03;125,94;147,00;
20031228;880;131,75;210,15;68,86;28.12.03;125,56;150,37;
20031229;755;184,28;218,70;204,31;29.12.03;127,59;151,40;
20031230;760;191,78;252,02;181,22;30.12.03;131,13;154,30;
20031231;803;156,76;123,38;185,23;31.12.03;131,58;150,05;
20040101;697;213,87;227,42;221,31;01.01.04;134,70;162,18;
20040102;843;165,04;180,20;209,12;02.01.04;134,64;164,19;
20040103;838;177,88;157,63;216,94;03.01.04;136,10;174,48;
20040104;859;134,97;192,22;89,79;04.01.04;136,86;174,94;
20040105;840;102,53;141,53;85,26;05.01.04;136,51;163,26;
20040106;1058;128,37;106,13;135,38;06.01.04;137,09;154,20;
20040107;1048;148,56;138,65;157,70;07.01.04;139,29;153,03;
20040108;1216;128,04;157,51;90,61;08.01.04;140,88;140,77;
20040109;1127;144,02;123,07;161,31;09.01.04;140,91;137,77;
20040110;1110;122,36;136,86;148,89;10.01.04;141,34;129,84;
20040111;949;66,32;69,60;58,05;11.01.04;139,11;120,03;
20040112;897;73,86;80,99;67,56;12.01.04;138,45;115,93;
20040113;1081;147,09;171,08;163,08;13.01.04;141,03;118,61;
20040114;1120;97,60;82,56;93,46;14.01.04;139,94;111,33;
20040115;1244;119,83;132,73;106,28;15.01.04;139,32;110,15;
20040116;1139;95,97;81,18;106,41;16.01.04;138,08;103,29;
20040117;1175;84,58;89,94;65,64;17.01.04;138,18;97,89;
20040118;952;62,63;97,13;40,51;18.01.04;135,04;97,37;
20040119;928;89,24;128,11;53,43;19.01.04;133,21;99,56;
20040120;982;101,20;127,79;89,76;20.01.04;132,98;93,01;
20040121;1124;85,47;88,14;83,32;21.01.04;129,93;91,27;
20040122;1124;117,88;146,90;102,93;22.01.04;128,14;91,00;
20040123;1197;105,16;115,87;92,05;23.01.04;125,43;92,31;
20040124;1174;87,47;101,27;79,77;24.01.04;124,05;92,72;
20040125;932;78,19;120,47;47,29;25.01.04;121,62;94,94;
20040126;916;97,64;79,31;114,27;26.01.04;121,34;96,15;
20040127;1048;129,59;138,65;136,67;27.01.04;121,27;100,20;
20040128;1103;129,14;149,70;94,90;28.01.04;119,43;106,44;
20040129;1276;142,78;165,64;125,20;29.01.04;117,80;110,00;
20040130;1155;91,78;137,24;47,70;30.01.04;115,64;108,09;
20040131;1146;69,37;74,92;62,49;31.01.04;110,82;105,50;
20040201;949;94,25;125,27;69,66;01.02.04;108,46;107,79;
20040202;842;184,91;243,17;157,03;02.02.04;108,69;120,26;
20040203;1076;150,85;153,46;153,60;03.02.04;109,22;123,30;
20040204;1171;161,24;152,29;174,07;04.02.04;111,18;127,88;
20040205;1227;116,09;134,57;103,27;05.02.04;110,77;124,07;
20040206;1134;140,21;128,13;160,32;06.02.04;110,49;130,99;
20040207;1182;112,10;145,28;74,57;07.02.04;109,96;137,09;
20040208;945;94,64;90,86;99,10;08.02.04;108,32;137,15;
20040209;894;133,39;140,37;135,57;09.02.04;108,68;129,79;
20040210;1107;125,68;131,26;159,25;10.02.04;110,66;126,19;
20040211;1125;126,61;152,64;102,83;11.02.04;112,42;121,25;
20040212;1282;93,02;77,28;90,24;12.02.04;110,62;117,95;
20040213;1169;121,85;118,65;117,81;13.02.04;111,43;115,33;
20040214;1186;100,55;116,95;88,26;14.02.04;110,78;113,68;
20040215;928;99,95;135,23;65,30;15.02.04;110,92;114,44;
20040216;819;93,03;104,84;94,17;16.02.04;111,20;108,67;
20040217;1009;91,92;91,64;103,74;17.02.04;112,17;103,85;
20040218;1099;93,44;96,16;85,22;18.02.04;112,31;99,11;
20040219;1229;132,07;139,73;116,55;19.02.04;113,34;104,69;
20040220;1153;77,57;80,20;62,11;20.02.04;113,08;98,36;
20040221;1179;84,29;106,44;70,09;21.02.04;111,96;96,04;
20040222;965;78,95;116,35;34,25;22.02.04;111,09;93,04;
20040223;877;120,87;195,81;56,53;23.02.04;112,20;97,02;
20040224;1079;138,15;195,88;97,01;24.02.04;114,20;103,62;
20040225;1106;161,73;149,29;184,30;25.02.04;116,33;113,38;
20040226;1311;111,18;95,72;113,46;26.02.04;115,72;110,39;
20040227;1155;126,19;154,40;100,16;27.02.04;115,62;117,34;
20040228;1185;89,45;117,05;69,73;28.02.04;113,85;118,08;
20040229;958;76,07;89,63;63,26;29.02.04;113,32;117,66;
20040301;953;118,18;145,54;86,71;01.03.04;114,95;117,28;
20040302;1033;86,58;83,12;74,66;02.03.04;114,69;109,91;
20040303;1161;108,42;113,78;104,39;03.03.04;112,14;102,30;
20040304;1239;112,29;154,59;75,59;04.03.04;110,86;102,46;
20040305;1150;106,58;97,64;95,81;05.03.04;109,04;99,65;
20040306;1139;101,79;92,78;116,08;06.03.04;108,56;101,42;
20040307;967;47,96;54,64;34,18;07.03.04;105,48;97,40;
20040308;901;84,56;109,96;67,26;08.03.04;104,57;92,60;
20040309;1120;82,81;117,94;63,94;09.03.04;104,17;92,06;
20040310;1124;111,99;129,27;88,22;10.03.04;103,46;92,57;
20040311;1286;110,76;138,67;94,24;11.03.04;102,96;92,35;
20040312;1181;179,51;240,48;135,28;12.03.04;104,72;102,77;
20040313;1139;148,32;191,36;116,08;13.03.04;106,57;109,42;
20040314;964;103,09;109,62;97,15;14.03.04;105,94;117,29;
20040315;914;192,09;289,05;114,52;15.03.04;108,99;132,65;
20040316;1042;257,50;354,96;222,05;16.03.04;114,25;157,61;
20040317;1162;182,45;261,46;146,97;17.03.04;117,23;167,67;
20040318;1318;145,77;205,46;100,32;18.03.04;119,02;172,68;
20040319;1151;207,22;286,91;167,52;19.03.04;122,81;176,63;
20040320;1187;161,86;250,39;120,67;20.03.04;123,81;178,57;
20040321;939;123,47;189,91;64,54;21.03.04;125,34;181,48;
20040322;877;162,42;248,53;100,51;22.03.04;127,94;177,24;
20040323;1031;208,84;288,28;170,99;23.03.04;132,27;170,29;
20040324;1102;174,35;245,73;134,98;24.03.04;134,05;169,13;
20040325;1203;145,94;181,18;119,06;25.03.04;134,31;169,16;
20040326;1145;164,91;184,59;168,40;26.03.04;134,42;163,11;
20040327;1224;108,25;129,50;85,52;27.03.04;134,32;155,45;
20040328;935;70,86;113,02;53,03;28.03.04;132,48;147,94;
20040329;909;149,41;203,45;103,03;29.03.04;134,48;146,08;
20040330;1082;116,34;183,13;61,10;30.03.04;135,82;132,86;
20040331;1182;173,76;251,45;139,82;31.03.04;137,67;132,78;
20040401;1303;139,82;172,34;143,75;01.04.04;139,44;131,91;
20040402;1130;167,09;239,64;131,63;02.04.04;141,40;132,22;
20040403;1027;125,79;205,80;69,73;03.04.04;141,85;134,72;
20040404;945;84,13;139,78;52,47;04.04.04;141,10;136,62;
20040405;899;184,24;264,48;128,69;05.04.04;143,85;141,60;
20040406;1040;175,18;228,63;132,43;06.04.04;148,09;150,00;
20040407;1081;131,77;183,30;101,92;07.04.04;149,66;144,00;
20040408;1223;148,97;210,62;112,61;08.04.04;151,87;145,31;
20040409;944;252,65;377,81;210,09;09.04.04;156,56;157,53;
20040410;1100;165,63;216,16;145,24;10.04.04;158,39;163,22;
20040411;879;109,29;150,28;94,01;11.04.04;156,05;166,82;
20040412;831;187,35;270,23;159,10;12.04.04;157,35;167,26;
20040413;947;153,91;195,28;145,43;13.04.04;159,04;164,22;
20040414;1094;239,21;326,01;231,64;14.04.04;160,61;179,57;
20040415;1247;177,98;270,12;141,37;15.04.04;157,96;183,72;
20040416;1065;180,40;217,06;191,39;16.04.04;157,89;173,40;
20040417;1175;67,66;89,94;56,26;17.04.04;155,29;159,40;
20040418;950;125,53;173,81;86,98;18.04.04;152,57;161,72;
20040419;937;176,76;218,51;146,99;19.04.04;153,06;160,21;
20040420;1076;144,69;184,15;133,12;20.04.04;153,77;158,89;
20040421;1132;134,61;157,53;102,20;21.04.04;152,84;143,95;
20040422;1274;148,21;176,26;142,70;22.04.04;150,82;139,70;
20040423;1133;128,64;174,88;92,38;23.04.04;149,30;132,30;
20040424;1173;98,84;135,14;75,14;24.04.04;147,73;136,76;
20040425;1030;83,62;109,01;64,18;25.04.04;145,02;130,77;
20040426;938;120,07;154,91;111,59;26.04.04;145,41;122,67;
20040427;1083;128,47;164,66;111,91;27.04.04;147,33;120,35;
20040428;1152;189,78;269,46;114,77;28.04.04;148,68;128,23;
20040429;1360;141,27;199,11;105,32;29.04.04;149,51;127,24;
20040430;1146;150,31;230,53;86,53;30.04.04;148,73;130,34;
20040501;1149;83,61;114,97;57,54;01.05.04;146,86;128,16;
20040502;949;80,28;132,23;29,03;02.05.04;143,96;127,68;
20040503;878;113,19;150,45;81,57;03.05.04;143,54;126,70;
20040504;997;122,93;178,86;88,41;04.05.04;144,84;125,91;
20040505;1085;128,23;188,71;86,32;05.05.04;142,97;117,12;
20040506;1275;103,92;134,68;64,81;06.05.04;140,59;111,78;
20040507;1110;137,28;160,66;114,15;07.05.04;140,78;109,92;
20040508;1161;85,60;125,15;56,94;08.05.04;138,66;110,20;
20040509;922;86,23;121,78;53,78;09.05.04;133,12;111,05;
20040510;903;128,39;197,48;97,61;10.05.04;131,88;113,23;
20040511;1042;133,52;190,16;74,02;11.05.04;132,68;114,74;
20040512;1083;122,35;134,17;106,82;12.05.04;130,52;113,90;
20040513;1293;125,53;178,78;80,95;13.05.04;129,57;116,99;
20040514;1154;114,82;143,08;100,25;14.05.04;125,42;113,78;
20040515;1206;104,38;153,34;59,38;15.05.04;122,97;116,46;
20040516;961;99,96;116,84;80,26;16.05.04;120,29;118,42;
20040517;950;149,94;159,90;127,58;17.05.04;123,03;121,50;
20040518;1025;158,36;199,75;134,37;18.05.04;124,13;125,05;
20040519;1128;117,47;152,24;87,91;19.05.04;122,15;124,35;
20040520;1261;160,24;225,22;135,43;20.05.04;122,67;129,31;
20040521;1090;124,60;151,48;96,03;21.05.04;122,33;130,71;
20040522;1162;94,07;107,99;85,34;22.05.04;120,53;129,23;
20040523;931;56,93;56,75;47,34;23.05.04;118,14;123,09;
20040524;911;156,36;166,75;145,13;24.05.04;120,06;124,00;
20040525;1047;136,05;176,63;94,71;25.05.04;121,80;120,82;
20040526;1111;131,19;130,79;128,92;26.05.04;122,17;122,78;
20040527;1260;170,89;235,88;135,54;27.05.04;123,59;124,30;
20040528;1106;161,73;185,12;159,39;28.05.04;122,65;129,60;
20040529;1170;82,11;112,90;75,34;29.05.04;120,68;127,89;
20040530;899;154,76;242,44;79,66;30.05.04;120,83;141,87;
20040531;698;151,87;264,95;78,93;31.05.04;123,11;141,23;
20040601;894;151,92;229,02;104,76;01.06.04;125,49;143,49;
20040602;1060;156,25;205,62;135,13;02.06.04;126,93;147,07;
20040603;1219;176,63;254,65;103,94;03.06.04;128,72;147,90;
20040604;1144;156,36;236,71;125,20;04.06.04;129,66;147,13;
20040605;1174;98,76;135,02;65,70;05.06.04;129,48;149,51;
20040606;995;76,57;106,21;60,90;06.06.04;127,46;138,34;
20040607;926;53,66;49,93;59,49;07.06.04;126,40;124,31;
20040608;1024;161,75;167,70;172,16;08.06.04;128,91;125,71;
20040609;1146;135,86;149,85;134,60;09.06.04;129,16;122,80;
20040610;1267;146,41;208,52;100,01;10.06.04;129,59;118,48;
20040611;1137;163,15;220,74;101,75;11.06.04;130,95;119,45;
20040612;1183;112,01;178,66;46,57;12.06.04;130,50;121,34;
20040613;911;83,63;108,75;60,47;13.06.04;129,46;122,35;
20040614;886;100,95;119,27;80,83;14.06.04;129,35;129,11;
20040615;1077;123,03;153,31;97,19;15.06.04;130,12;123,58;
20040616;1157;103,07;102,75;99,99;16.06.04;128,55;118,89;
20040617;1322;127,79;154,88;100,01;17.06.04;127,54;116,23;
20040618;1148;190,44;258,90;115,17;18.06.04;129,97;120,13;
20040619;1151;155,41;200,84;105,30;19.06.04;129,81;126,33;
20040620;924;136,23;193,00;89,43;20.06.04;130,19;133,85;
20040621;904;183,22;219,18;158,44;21.06.04;133,17;145,60;
20040622;1050;157,74;188,71;152,15;22.06.04;136,53;150,56;
20040623;1113;160,72;219,56;133,64;23.06.04;136,67;158,79;
20040624;1250;135,15;158,51;123,40;24.06.04;136,64;159,85;
20040625;1050;164,05;201,29;131,17;25.06.04;137,74;156,07;
20040626;1121;118,20;117,84;108,12;26.06.04;135,98;150,76;
20040627;877;109,54;143,09;81,66;27.06.04;134,24;146,95;
20040628;876;151,26;188,49;119,49;28.06.04;136,55;142,38;
20040629;1089;200,76;272,92;166,94;29.06.04;138,08;148,53;
20040630;1139;119,24;168,16;91,90;30.06.04;136,99;142,60;
20040701;1239;128,33;138,60;115,60;01.07.04;136,21;141,63;
20040702;1035;92,82;134,01;74,52;02.07.04;134,09;131,45;
20040703;1110;95,50;136,86;94,30;03.07.04;131,39;128,21;
20040704;875;94,64;150,97;50,37;04.07.04;129,33;126,08;
20040705;801;103,39;164,91;41,27;05.07.04;129,48;119,24;
20040706;924;86,04;85,78;77,51;06.07.04;129,80;102,85;
20040707;1060;109,38;124,62;88,35;07.07.04;131,66;101,44;
20040708;1185;109,02;128,19;88,33;08.07.04;129,90;98,68;
20040709;1121;162,53;194,43;142,52;09.07.04;130,79;108,64;
20040710;1132;119,98;134,20;111,93;10.07.04;129,91;112,14;
20040711;883;116,30;127,16;131,02;11.07.04;128,35;115,23;
20040712;827;168,23;199,66;193,18;12.07.04;130,22;124,50;
20040713;1039;121,15;165,28;116,65;13.07.04;131,47;129,51;
20040714;1141;133,55;156,29;130,36;14.07.04;132,56;132,96;
20040715;1210;169,73;201,96;163,90;15.07.04;134,11;141,64;
20040716;1107;134,66;155,12;119,44;16.07.04;135,17;137,66;
20040717;1067;105,56;117,61;108,42;17.07.04;134,43;135,60;
20040718;863;92,12;114,80;89,37;18.07.04;131,15;132,14;
20040719;853;135,92;131,63;142,08;19.07.04;130,50;127,53;
20040720;985;134,52;181,04;100,67;20.07.04;130,44;129,44;
20040721;1065;149,30;142,64;160,36;21.07.04;129,31;131,69;
20040722;1169;150,18;186,45;164,94;22.07.04;129,06;128,89;
20040723;1072;281,20;400,47;251,81;23.07.04;133,07;149,83;
20040724;1106;104,83;131,38;114,56;24.07.04;132,06;149,72;
20040725;907;109,57;131,08;91,11;25.07.04;130,25;152,22;
20040726;898;162,31;147,10;177,91;26.07.04;131,72;155,99;
20040727;955;163,03;228,23;138,45;27.07.04;133,50;160,06;
20040728;1077;110,73;128,78;107,42;28.07.04;132,15;154,55;
20040729;1170;133,07;186,29;94,17;29.07.04;129,89;152,10;
20040730;1083;162,11;195,15;157,69;30.07.04;131,32;135,09;
20040731;1000;102,69;118,89;93,65;31.07.04;130,47;134,79;
20040801;909;91,10;116,26;84,85;01.08.04;130,41;132,15;
20040802;822;197,46;297,29;160,85;02.08.04;133,81;137,17;
20040803;942;344,62;469,76;374,29;03.08.04;142,14;163,11; Terrorist Threats in New York and Washington
20040804;1028;225,56;282,69;225,08;04.08.04;146,21;179,52;
20040805;1099;180,85;198,32;190,48;05.08.04;149,38;186,34;
20040806;1099;210,99;246,40;205,52;06.08.04;152,76;193,33;
20040807;1092;121,34;157,26;110,99;07.08.04;153,17;195,99;
20040808;865;130,20;198,52;101,90;08.08.04;152,10;201,58;
20040809;855;158,85;162,22;186,86;09.08.04;153,39;196,06;
20040810;948;167,72;250,81;122,03;10.08.04;155,11;170,79;
20040811;1042;130,34;177,48;111,03;11.08.04;153,84;157,19;
20040812;1185;125,79;156,06;106,93;12.08.04;154,00;149,32;
20040813;1068;136,47;210,26;87,69;13.08.04;154,09;138,68;
20040814;1152;66,14;91,73;62,17;14.08.04;150,64;130,79;
20040815;920;82,81;107,69;59,88;15.08.04;148,91;124,02;
20040816;890;130,27;207,79;74,28;16.08.04;149,74;119,94;
20040817;973;115,75;101,82;118,90;17.08.04;150,52;112,51;
20040818;1043;133,39;189,97;100,36;18.08.04;150,44;112,95;
20040819;1218;119,67;135,57;131,17;19.08.04;149,95;112,07;
20040820;1166;105,12;101,96;99,22;20.08.04;148,47;107,59;
20040821;1113;83,34;65,28;89,09;21.08.04;146,24;110,05;
20040822;904;65,96;102,29;54,85;22.08.04;139,07;107,64;
20040823;878;101,87;105,31;94,12;23.08.04;138,97;103,58;
20040824;929;110,54;120,86;112,67;24.08.04;139,00;102,84;
20040825;1141;171,29;248,91;159,33;25.08.04;139,30;108,25;
20040826;1247;114,23;127,12;106,03;26.08.04;137,68;107,48;
20040827;1108;143,50;202,67;79,55;27.08.04;138,77;112,96;
20040828;1146;138,75;195,95;100,95;28.08.04;138,96;120,88;
20040829;994;109,97;119,60;94,22;29.08.04;137,22;127,16;
20040830;897;166,18;161,99;159,68;30.08.04;139,34;136,35;
20040831;920;158,43;193,83;143,71;31.08.04;141,58;143,19;
20040901;1072;142,14;221,80;66,81;01.09.04;139,74;139,03;
20040902;1221;184,48;205,55;180,48;02.09.04;134,40;149,07;
20040903;1066;192,66;229,25;165,37;03.09.04;133,30;156,09;
20040904;1077;144,56;165,58;138,11;04.09.04;132,09;156,92;
20040905;920;115,22;143,58;95,81;05.09.04;128,90;157,67;
20040906;764;130,07;155,61;108,16;06.09.04;129,19;152,51;
20040907;957;183,45;213,95;149,67;07.09.04;130,97;156,09;
20040908;1134;163,58;203,85;131,17;08.09.04;131,12;159,15;
20040909;1278;191,81;248,07;163,80;09.09.04;131,93;160,19;
20040910;1111;187,84;261,57;133,88;10.09.04;133,84;159,51;
20040911;1113;130,96;201,76;64,35;11.09.04;134,02;157,56;
20040912;983;97,73;120,94;95,27;12.09.04;132,72;155,06;
20040913;977;118,67;108,16;107,14;13.09.04;134,47;153,43;
20040914;1114;163,55;213,44;123,63;14.09.04;137,17;150,59;
20040915;1065;152,41;204,65;108,63;15.09.04;137,90;148,99;
20040916;1248;140,68;174,64;105,94;16.09.04;138,73;141,69;
20040917;1125;144,28;158,51;146,91;17.09.04;139,10;135,47;
20040918;1190;153,10;199,81;134,25;18.09.04;140,21;138,63;
20040919;949;111,70;153,11;110,30;19.09.04;140,43;140,63;
20040920;923;168,68;150,27;185,03;20.09.04;143,28;147,77;
20040921;1092;175,94;260,08;131,17;21.09.04;146,94;149,54;
20040922;1161;165,49;182,04;161,33;22.09.04;149,06;151,41;
20040923;1285;170,14;195,32;154,34;23.09.04;151,05;155,62;
20040924;1166;161,94;181,26;160,64;24.09.04;150,74;158,14;
20040925;1165;139,33;147,40;118,22;25.09.04;151,57;156,17;
20040926;894;70,40;88,65;61,62;26.09.04;149,14;150,27;
20040927;917;184,23;230,48;162,21;27.09.04;150,65;152,49;
20040928;1043;187,38;246,97;158,46;28.09.04;153,23;154,13;
20040929;1095;142,18;162,86;130,81;29.09.04;152,43;150,80;
20040930;1082;174,51;219,75;137,47;30.09.04;152,97;151,42;
20041001;1203;165,22;236,08;91,59;01.10.04;153,74;151,89;
20041002;1127;129,33;181,67;78,21;02.10.04;151,90;150,46;
20041003;905;91,51;153,26;36,52;03.10.04;148,53;153,48;
20041004;928;164,20;170,81;148,41;04.10.04;149,18;150,62;
20041005;970;105,87;136,18;102,23;05.10.04;148,87;138,97;
20041006;1142;156,64;179,29;144,72;06.10.04;149,76;141,04;
20041007;1368;135,60;144,84;153,03;07.10.04;148,16;135,48;
20041008;1257;166,02;162,89;166,54;08.10.04;148,24;135,59;
20041009;1207;85,08;87,55;95,85;09.10.04;144,69;129,27;
20041010;940;105,72;126,47;82,05;10.10.04;141,95;131,30;
20041011;943;140,51;203,12;81,79;11.10.04;142,27;127,92;
20041012;1036;127,90;121,13;122,30;12.10.04;143,27;131,07;
20041013;1143;95,64;121,35;72,30;13.10.04;142,51;122,35;
20041014;1279;101,01;98,12;107,68;14.10.04;140,42;117,41;
20041015;999;122,69;171,90;71,69;15.10.04;139,43;111,22;
20041016;1178;87,17;112,13;79,50;16.10.04;137,65;111,52;
20041017;915;90,51;115,49;84,29;17.10.04;135,85;109,35;
20041018;776;102,45;170,23;70,99;18.10.04;134,17;103,91;
20041019;991;116,99;146,62;77,83;19.10.04;134,34;102,35;
20041020;1169;104,85;135,60;94,25;20.10.04;132,21;103,67;
20041021;1299;130,05;157,62;118,75;21.10.04;130,68;107,82;
20041022;1089;97,34;109,17;96,12;22.10.04;128,41;104,19;
20041023;1166;116,48;152,94;85,04;23.10.04;126,62;108,38;
20041024;926;85,85;85,59;77,34;24.10.04;124,09;107,72;
20041025;901;121,33;139,28;97,83;25.10.04;123,49;110,41;
20041026;1115;124,78;148,09;118,58;26.10.04;125,30;111,53;
20041027;1141;121,94;167,87;91,74;27.10.04;123,22;113,97;
20041028;1299;122,40;122,03;114,51;28.10.04;121,06;112,87;
20041029;1136;113,72;180,24;87,29;29.10.04;120,11;115,21;
20041030;1187;86,51;144,67;41,77;30.10.04;117,18;110,93;
20041031;939;144,64;182,88;111,47;31.10.04;116,49;119,33;
20041101;908;124,04;130,93;109,21;01.11.04;116,31;119,72;
20041102;1042;104,91;164,80;68,73;02.11.04;116,76;116,88;
20041103;1167;87,99;113,19;51,93;03.11.04;114,22;112,03;
20041104;1329;87,24;69,58;107,78;04.11.04;113,60;107,01;
20041105;1129;137,90;210,60;63,43;05.11.04;112,98;110,46;
20041106;1218;97,91;119,30;72,37;06.11.04;111,72;112,09;
20041107;965;92,68;102,66;91,34;07.11.04;109,27;104,67;
20041108;864;176,36;229,33;133,90;08.11.04;112,32;112,14;
20041109;1051;201,72;326,78;131,04;09.11.04;115,52;125,97;
20041110;1134;166,50;209,67;126,31;10.11.04;116,38;137,19;
20041111;1261;115,59;178,08;74,27;11.11.04;115,97;141,24;
20041112;1131;123,01;163,51;77,93;12.11.04;116,89;139,11;
20041113;1203;71,59;115,29;36,64;13.11.04;115,91;135,35;
20041114;900;106,74;132,09;73,45;14.11.04;115,37;137,36;
20041115;930;181,66;241,46;142,17;15.11.04;118,52;138,12;
20041116;1085;167,92;152,18;192,94;16.11.04;121,10;133,29;
20041117;1181;157,07;184,55;139,94;17.11.04;122,92;131,94;
20041118;1275;114,32;119,14;95,06;18.11.04;122,83;131,76;
20041119;1160;82,81;74,02;75,99;19.11.04;122,10;126,02;
20041120;1199;91,17;104,66;82,70;20.11.04;120,80;128,81;
20041121;960;96,62;123,84;91,82;21.11.04;120,78;127,37;
20041122;910;131,05;152,42;108,97;22.11.04;121,27;120,14;
20041123;1034;182,61;204,40;154,51;23.11.04;124,49;122,24;
20041124;1054;176,00;200,52;146,35;24.11.04;126,31;124,94;
20041125;1084;140,57;164,51;121,97;25.11.04;126,84;128,69;
20041126;1037;86,25;89,17;90,31;26.11.04;125,65;129,18;
20041127;1123;88,49;99,98;83,40;27.11.04;124,52;128,80;
20041128;832;111,48;166,71;59,59;28.11.04;124,45;130,92;
20041129;901;117,65;139,28;85,60;29.11.04;125,48;129,01;
20041130;1046;114,01;151,54;84,27;30.11.04;124,46;119,21;
20041201;1128;146,83;187,37;136,75;01.12.04;125,22;115,04;
20041202;1225;137,91;172,53;107,93;02.12.04;126,32;114,66;
20041203;1215;89,97;92,41;77,08;03.12.04;126,39;115,19;
20041204;1177;106,95;151,51;70,21;04.12.04;127,04;117,83;
20041205;951;87,08;111,12;81,10;05.12.04;125,35;114,34;
20041206;867;137,55;137,12;133,44;06.12.04;126,67;117,19;
20041207;1099;126,59;156,25;100,25;07.12.04;127,80;118,98;
20041208;1139;125,06;179,76;72,55;08.12.04;126,09;115,87;
20041209;1287;113,25;169,35;77,05;09.12.04;123,14;112,35;
20041210;1156;100,29;108,56;76,25;10.12.04;120,94;113,82;
20041211;1129;70,42;81,90;53,68;11.12.04;119,43;108,61;
20041212;919;54,07;71,87;47,96;12.12.04;117,13;103,89;
20041213;895;122,14;177,11;80,02;13.12.04;118,82;101,69;
20041214;1038;89,36;95,44;69,00;14.12.04;118,24;96,37;
20041215;1096;114,85;162,71;75,40;15.12.04;116,01;94,91;
20041216;1239;72,19;106,61;57,80;16.12.04;112,82;89,04;
20041217;1093;96,98;138,98;65,52;17.12.04;110,82;88,57;
20041218;1115;109,92;165,86;83,99;18.12.04;110,67;94,22;
20041219;843;98,24;109,69;98,03;19.12.04;111,18;100,53;
20041220;848;128,91;225,87;64,96;20.12.04;112,44;101,49;
20041221;930;117,54;213,06;53,31;21.12.04;113,14;105,52;
20041222;948;122,30;202,04;75,55;22.12.04;112,85;106,58;
20041223;1035;112,02;146,77;74,52;23.12.04;110,50;112,27;
20041224;880;112,93;142,60;81,38;24.12.04;108,39;114,55;
20041225;293;101,75;112,71;94,01;25.12.04;107,10;113,38;
20041226;828;64,01;87,74;39,92;26.12.04;106,36;108,49;
20041227;690;110,42;162,73;87,82;27.12.04;107,09;105,85;
20041228;744;89,05;79,90;81,45;28.12.04;106,34;101,78;
20041229;813;110,01;146,23;60,99;29.12.04;106,09;100,03;
20041230;924;132,65;157,26;101,36;30.12.04;106,71;102,97;
20041231;903;121,06;146,28;79,31;31.12.04;105,85;104,13;
20050101;799;58,04;74,40;41,37;01.01.05;103,19;97,89;
20050102;781;59,38;76,11;56,43;02.01.05;102,17;97,23;
20050103;747;141,90;185,68;95,87;03.01.05;103,33;101,73;
20050104;933;145,57;198,21;106,28;04.01.05;105,28;109,80;
20050105;1055;109,90;100,17;104,44;05.01.05;104,36;109,78;
20050106;1153;89,06;108,84;66,89;06.01.05;103,11;103,56;
20050107;1073;108,05;160,04;71,88;07.01.05;102,54;101,70;
20050108;1124;50,10;47,01;44,11;08.01.05;100,44;100,57;
20050109;902;84,47;117,16;61,08;09.01.05;99,91;104,15;
20050110;881;112,80;142,44;100,05;10.01.05;101,32;99,99;
20050111;1048;79,02;126,04;52,57;11.01.05;102,15;90,49;
20050112;1080;107,35;122,31;112,22;12.01.05;101,66;90,12;
20050113;1264;94,35;135,86;61,02;13.01.05;101,83;90,88;
20050114;1152;89,14;126,13;66,95;14.01.05;100,97;88,18;
20050115;1222;81,32;97,29;63,11;15.01.05;101,27;92,64;
20050116;942;59,78;77,13;40,94;16.01.05;100,03;89,11;
20050117;902;88,14;124,48;42,75;17.01.05;99,31;85,59;
20050118;972;112,46;149,49;85,02;18.01.05;99,78;90,36;
20050119;1131;108,37;99,28;107,16;19.01.05;99,10;90,51;
20050120;1306;88,77;116,32;67,49;20.01.05;98,14;89,71;
20050121;1120;115,35;135,63;98,38;21.01.05;97,91;93,46;
20050122;1135;110,91;157,12;67,95;22.01.05;97,87;97,68;
20050123;858;61,77;92,37;38,52;23.01.05;96,17;97,97;
20050124;854;159,03;201,08;154,82;24.01.05;98,07;108,10;
20050125;1024;100,28;135,45;75,32;25.01.05;99,28;106,36;
20050126;1131;128,87;169,35;102,29;26.01.05;99,90;109,28;
20050127;1251;116,51;163,67;70,46;27.01.05;100,81;113,25;
20050128;1150;103,70;103,38;86,23;28.01.05;100,60;111,58;
20050129;1198;113,37;115,78;105,77;29.01.05;99,96;111,93;
20050130;896;48,06;66,34;36,89;30.01.05;97,53;109,98;
20050131;918;155,16;194,26;114,02;31.01.05;100,77;109,42;
20050201;1025;142,20;154,65;128,99;01.02.05;103,53;115,41;
20050202;1096;145,08;192,84;115,61;02.02.05;103,63;117,72;
20050203;1319;113,01;135,20;87,71;03.02.05;102,55;117,23;
20050204;1116;106,86;112,45;98,73;04.02.05;102,45;117,68;
20050205;1170;59,46;50,81;61,21;05.02.05;101,46;109,98;
20050206;901;62,50;58,64;61,14;06.02.05;99,94;112,04;
20050207;851;140,13;155,22;116,52;07.02.05;102,94;109,89;
20050208;1068;86,85;105,13;56,74;08.02.05;103,02;101,98;
20050209;1076;138,54;171,87;97,28;09.02.05;103,88;101,05;
20050210;1301;119,67;111,69;114,33;10.02.05;105,23;102,00;
20050211;1168;124,79;96,13;127,35;11.02.05;105,81;104,56;
20050212;1110;89,53;77,35;89,34;12.02.05;105,65;108,86;
20050213;936;60,16;70,56;52,97;13.02.05;104,69;108,52;
20050214;878;128,28;120,36;138,04;14.02.05;106,25;106,83;
20050215;1012;150,57;130,53;152,42;15.02.05;109,28;115,93;
20050216;1048;129,59;144,95;120,90;16.02.05;110,66;114,66;
20050217;1268;135,85;104,18;178,13;17.02.05;111,44;116,97;
20050218;1140;107,51;115,87;96,65;18.02.05;111,41;114,50;
20050219;1184;81,14;78,10;74,45;19.02.05;111,16;113,30;
20050220;954;72,92;41,54;98,17;20.02.05;109,74;115,12;
20050221;810;106,33;89,69;122,42;21.02.05;109,59;111,99;
20050222;994;123,30;93,02;138,56;22.02.05;111,64;108,09;
20050223;1166;85,23;56,64;103,94;23.02.05;109,18;101,75;
20050224;1271;104,25;124,72;99,69;24.02.05;109,31;97,24;
20050225;1137;113,62;133,61;87,21;25.02.05;108,81;98,11;
20050226;1176;87,32;117,94;65,58;26.02.05;107,83;99,00;
20050227;901;136,03;102,63;146,74;27.02.05;108,91;108,01;
20050228;924;118,31;100,07;131,17;28.02.05;109,07;109,72;
20050301;1037;146,94;140,12;143,44;01.03.05;112,37;113,10;
20050302;1025;109,88;96,65;112,87;02.03.05;110,86;116,62;
20050303;1268;88,82;104,18;86,89;03.03.05;109,08;114,42;
20050304;1161;74,18;73,95;61,69;04.03.05;106,72;108,78;
20050305;1094;93,87;78,48;105,75;05.03.05;106,08;109,72;
20050306;946;59,53;48,87;58,23;06.03.05;104,50;98,79;
20050307;893;107,57;103,55;104,87;07.03.05;106,11;97,26;
20050308;1035;124,82;153,15;95,81;08.03.05;108,18;94,10;
20050309;1141;95,81;86,83;111,05;09.03.05;106,71;92,09;
20050310;1329;82,25;119,27;45,60;10.03.05;106,55;91,15;
20050311;1213;98,31;103,45;95,37;11.03.05;105,21;94,59;
20050312;1164;76,84;56,74;80,46;12.03.05;103,79;92,16;
20050313;920;90,02;71,79;89,82;13.03.05;102,63;96,52;
20050314;950;80,20;90,38;57,99;14.03.05;102,32;92,61;
20050315;1075;101,69;104,45;92,24;15.03.05;103,70;89,30;
20050316;1138;110,61;75,45;130,71;16.03.05;103,11;91,42;
20050317;1386;83,65;76,25;83,47;17.03.05;100,88;91,62;
20050318;1189;75,22;72,21;74,13;18.03.05;99,07;88,32;
20050319;1192;77,81;77,57;83,19;19.03.05;97,13;88,46;
20050320;900;40,49;58,71;36,73;20.03.05;94,90;81,38;
20050321;884;138,65;134,49;137,10;21.03.05;96,82;89,73;
20050322;1056;78,42;87,56;57,39;22.03.05;97,00;86,41;
20050323;1127;97,00;99,63;83,10;23.03.05;96,69;84,46;
20050324;1249;124,65;111,05;123,50;24.03.05;96,73;90,32;
20050325;1066;93,22;74,35;98,19;25.03.05;97,00;92,89;
20050326;1162;59,87;62,52;66,37;26.03.05;95,52;90,33;
20050327;879;48,99;60,11;43,87;27.03.05;93,37;91,54;
20050328;826;88,23;55,97;113,38;28.03.05;93,40;84,34;
20050329;963;86,00;82,30;74,37;29.03.05;91,73;85,42;
20050330;1124;88,41;76,39;88,22;30.03.05;90,73;84,20;
20050331;1319;82,88;65,10;87,71;31.03.05;88,60;78,23;
20050401;1145;115,72;144,21;101,04;01.04.05;88,79;81,44;
20050402;1198;60,83;71,67;55,18;02.04.05;87,86;81,58;
20050403;959;96,72;130,86;63,19;03.04.05;88,61;88,40;
20050404;932;99,52;120,47;76,84;04.04.05;88,80;90,01;
20050405;1055;109,90;162,77;57,44;05.04.05;90,48;93,43;
20050406;1175;121,23;157,39;84,39;06.04.05;90,93;98,11;
20050407;1268;114,95;145,85;82,55;07.04.05;90,60;102,69;
20050408;1179;67,43;78,43;60,74;08.04.05;89,66;95,80;
20050409;1204;71,53;65,83;82,36;09.04.05;89,30;97,32;
20050410;906;65,81;116,64;24,32;10.04.05;88,22;92,91;
20050411;865;84,25;99,26;70,06;11.04.05;88,46;90,73;
20050412;1057;78,35;106,23;57,33;12.04.05;88,07;86,22;
20050413;1225;75,72;53,92;80,95;13.04.05;87,92;79,72;
20050414;1265;70,70;67,87;69,68;14.04.05;86,89;73,40;
20050415;1153;100,55;103,11;81,23;15.04.05;86,56;78,13;
20050416;1150;66,25;74,66;57,49;16.04.05;85,98;77,38;
20050417;895;77,73;118,07;36,93;17.04.05;86,06;79,08;
20050418;871;129,31;128,91;145,47;18.04.05;87,78;85,52;
20050419;1001;112,51;112,17;126,58;19.04.05;90,18;90,40;
20050420;1157;80,17;102,75;52,38;20.04.05;88,23;91,03;
20050421;1171;62,23;73,32;51,75;21.04.05;87,69;89,82;
20050422;1147;89,53;132,44;67,24;22.04.05;87,44;88,25;
20050423;1141;75,48;81,04;67,60;23.04.05;85,80;89,57;
20050424;952;45,23;55,50;34,72;24.04.05;84,20;84,92;
20050425;881;75,20;89,96;56,28;25.04.05;84,71;77,19;
20050426;1019;100,77;90,74;113,53;26.04.05;86,44;75,52;
20050427;1105;92,93;101,61;89,74;27.04.05;86,60;77,34;
20050428;1306;106,53;121,37;88,58;28.04.05;87,28;83,67;
20050429;1122;82,67;76,53;88,38;29.04.05;87,09;82,69;
20050430;1184;78,34;89,25;65,14;30.04.05;86,94;83,10;
20050501;907;87,65;94,67;78,96;01.05.05;86,00;89,16;
20050502;836;150,57;102,71;177,92;02.05.05;88,99;99,92;
20050503;1004;122,08;138,15;115,23;03.05.05;89,84;102,97;
20050504;1108;128,56;107,30;134,24;04.05.05;90,81;108,06;
20050505;1250;76,85;79,26;66,11;05.05.05;89,70;103,82;
20050506;1163;99,69;124,94;80,53;06.05.05;88,99;106,25;
20050507;1103;87,09;83,83;99,89;07.05.05;88,06;107,50;
20050508;898;84,84;102,97;55,21;08.05.05;88,64;107,10;
20050509;859;134,97;192,22;109,03;09.05.05;90,75;104,87;
20050510;1009;98,49;111,28;76,44;10.05.05;91,84;101,50;
20050511;1071;92,79;104,84;72,01;11.05.05;92,13;96,39;
20050512;1305;139,61;136,65;139,31;12.05.05;94,17;105,36;
20050513;1122;97,43;82,41;108,02;13.05.05;94,89;105,03;
20050514;1140;55,21;63,73;38,66;14.05.05;94,38;100,48;
20050515;922;75,45;100,29;47,80;15.05.05;93,54;99,14;
20050516;897;103,40;125,17;98,27;16.05.05;94,78;94,63;
20050517;1077;70,74;61,33;71,61;17.05.05;94,54;90,66;
20050518;1163;99,69;119,26;80,53;18.05.05;93,56;91,65;
20050519;1266;88,96;114,77;65,27;19.05.05;92,77;84,41;
20050520;1178;115,29;100,92;116,91;20.05.05;93,94;86,96;
20050521;1159;54,30;68,38;52,29;21.05.05;93,68;86,83;
20050522;938;67,10;98,58;58,73;22.05.05;92,93;85,64;
20050523;860;61,63;30,72;83,28;23.05.05;92,47;79,67;
20050524;1026;74,26;90,12;53,69;24.05.05;93,44;80,18;
20050525;1125;97,17;117,42;73,45;25.05.05;94,17;79,82;
20050526;1243;133,25;127,53;128,53;26.05.05;95,25;86,14;
20050527;1108;146,49;149,02;169,05;27.05.05;97,04;90,60;
20050528;1124;73,68;70,51;68,62;28.05.05;95,94;93,37;
20050529;886;82,25;119,27;55,96;29.05.05;95,93;95,53;
20050530;765;125,57;129,50;108,02;30.05.05;97,50;104,67;
20050531;843;137,53;117,52;137,24;31.05.05;99,17;113,71;
20050601;1104;81,01;65,81;79,84;01.06.05;96,85;111,40;
20050602;1239;82,88;79,96;93,37;02.06.05;95,54;104,20;
20050603;1139;46,53;46,39;38,69;03.06.05;92,81;89,92;
20050604;1172;73,49;73,26;98,71;04.06.05;92,69;89,90;
20050605;936;38,93;63,51;17,66;05.06.05;90,67;83,71;
20050606;876;121,01;150,79;94,33;06.06.05;91,80;83,05;
20050607;1017;91,20;123,39;70,42;07.06.05;92,01;76,44;
20050608;1139;90,16;110,18;82,22;08.06.05;90,52;77,74;
20050609;1276;111,63;129,40;86,35;09.06.05;90,96;81,85;
20050610;1175;78,94;84,32;75,02;10.06.05;90,49;86,48;
20050611;1169;65,17;62,15;61,26;11.06.05;88,01;85,29;
20050612;948;52,41;83,60;23,24;12.06.05;86,51;87,22;
20050613;904;113,59;138,82;85,32;13.06.05;88,46;86,16;
20050614;1027;64,51;77,17;53,64;14.06.05;88,09;82,35;
20050615;1081;64,35;85,54;50,96;15.06.05;86,79;78,66;
20050616;1223;65,01;64,81;58,56;16.06.05;86,60;72,00;
20050617;1146;101,17;80,69;110,56;17.06.05;86,65;75,17;
20050618;1169;79,34;84,75;70,69;18.06.05;86,33;77,20;
20050619;917;43,35;57,62;24,03;19.06.05;83,93;75,90;
20050620;893;59,35;73,96;55,52;20.06.05;84,10;68,15;
20050621;899;81,06;95,51;61,28;21.06.05;84,56;70,52;
20050622;1091;106,27;121,08;90,89;22.06.05;86,05;76,51;
20050623;1261;91,94;104,75;83,01;23.06.05;86,64;80,36;
20050624;1115;71,30;59,24;74,11;24.06.05;85,78;76,09;
20050625;1128;55,80;70,26;39,07;25.06.05;83,20;72,73;
20050626;890;78,16;111,32;68,09;26.06.05;80,92;77,70;
20050627;889;156,50;208,02;105,35;27.06.05;83,68;91,58;
20050628;1001;99,28;98,97;88,06;28.06.05;84,25;94,18;
20050629;1105;77,94;113,57;54,84;29.06.05;82,66;90,13;
20050630;1110;110,42;136,86;84,37;30.06.05;81,76;92,77;
20050701;1163;128,17;130,62;123,16;01.07.05;83,33;100,90;
20050702;1152;66,14;103,20;43,04;02.07.05;82,77;102,37;
20050703;911;87,27;145,00;54,42;03.07.05;84,13;103,67;
20050704;716;124,92;212,16;53,86;04.07.05;85,84;99,16;
20050705;865;126,38;160,35;114,64;05.07.05;88,76;103,03;
20050706;1031;83,54;115,31;42,75;06.07.05;87,51;103,83;
20050707;1136;46,66;63,95;24,25;07.07.05;86,02;94,72;
20050708;1059;469,20;879,39;249,70;08.07.05;98,66;143,44; London Bombings 7/7
20050709;1125;241,45;399,22;146,91;09.07.05;102,99;168,49;
20050710;867;152,83;220,92;101,67;10.07.05;105,45;177,85;
20050711;816;223,27;323,76;189,03;11.07.05;110,72;191,90;
20050712;1003;201,46;342,42;93,37;12.07.05;115,69;202,63;
20050713;1076;224,74;331,46;179,20;13.07.05;119,39;222,80;
20050714;1217;171,48;282,21;86,01;14.07.05;122,96;240,63;
20050715;1178;154,66;218,66;112,24;15.07.05;125,97;195,70;
20050716;1098;196,10;288,73;125,43;16.07.05;130,34;189,22;
20050717;902;139,55;212,35;73,29;17.07.05;131,62;187,32;
20050718;970;167,34;224,70;130,63;18.07.05;134,55;179,33;
20050719;965;175,07;239,55;154,14;19.07.05;138,94;175,56;
20050720;1027;190,30;212,23;182,38;20.07.05;143,31;170,64;
20050721;1209;134,26;152,96;118,47;21.07.05;145,08;165,33;
20050722;1095;190,59;241,27;135,84;22.07.05;147,89;170,46;
20050723;1112;163,84;225,70;123,85;23.07.05;150,29;165,85;
20050724;844;82,42;125,21;65,27;24.07.05;150,66;157,69;
20050725;835;214,23;308,48;131,95;25.07.05;155,94;164,39;
20050726;922;211,98;250,72;161,33;26.07.05;160,40;169,66;
20050727;1057;188,04;224,95;171,99;27.07.05;161,45;169,33;
20050728;1215;171,76;206,57;131,49;28.07.05;163,87;174,69;
20050729;1150;169,95;218,24;143,71;29.07.05;166,93;171,74;
20050730;1108;134,54;178,83;104,41;30.07.05;167,74;167,56;
20050731;918;75,78;107,92;48,01;31.07.05;165,99;166,61;
20050801;809;184,26;212,27;156,62;01.08.05;169,93;162,33;
20050802;887;160,59;156,37;149,06;02.08.05;172,37;154,99;
20050803;1030;164,02;166,72;144,41;03.08.05;173,68;151,56;
20050804;1089;170,34;236,53;96,12;04.08.05;175,14;151,35;
20050805;1054;122,57;156,66;88,85;05.08.05;176,44;144,58;
20050806;1062;146,60;174,14;119,31;06.08.05;179,77;146,31;
20050807;870;106,61;98,69;107,65;07.08.05;167,69;150,71;
20050808;821;173,50;217,21;140,91;08.08.05;165,42;149,18;
20050809;877;143,53;143,09;175,89;09.08.05;165,11;146,74;
20050810;968;136,88;163,75;113,82;10.08.05;162,23;142,86;
20050811;1138;113,52;156,70;82,30;11.08.05;159,30;134,75;
20050812;1064;149,44;148,98;155,33;12.08.05;156,79;138,58;
20050813;1040;63,70;63,51;74,16;13.08.05;153,20;126,74;
20050814;898;151,24;169,16;116,56;14.08.05;153,08;133,12;
20050815;799;120,23;165,33;82,74;15.08.05;150,56;125,51;
20050816;919;90,11;129,36;65,94;16.08.05;148,91;117,88;
20050817;878;94,32;127,88;75,29;17.08.05;146,47;111,80;
20050818;1154;80,37;114,47;52,51;18.08.05;143,32;107,06;
20050819;1042;130,34;158,46;100,45;19.08.05;141,32;104,33;
20050820;1035;64,01;102,10;37,26;20.08.05;138,98;104,38;
20050821;861;65,40;61,37;63,98;21.08.05;134,80;92,11;
20050822;772;94,40;136,89;71,36;22.08.05;132,49;88,42;
20050823;874;109,91;136,02;81,94;23.08.05;133,41;91,25;
20050824;972;98,83;129,11;62,34;24.08.05;129,56;91,90;
20050825;1131;114,23;192,71;58,45;25.08.05;126,30;96,73;
20050826;1120;109,43;106,15;108,21;26.08.05;123,68;93,75;
20050827;1081;91,93;103,87;71,35;27.08.05;121,02;97,73;
20050828;895;70,32;88,56;43,09;28.08.05;117,70;98,44;
20050829;816;113,67;169,97;74,26;29.08.05;117,00;101,19;
20050830;846;97,89;132,72;84,65;30.08.05;117,74;99,47;
20050831;1016;91,29;123,51;70,49;31.08.05;114,64;98,39;
20050901;1219;86,96;135,45;31,63;01.09.05;112,19;94,50;
20050902;1161;139,81;164,98;109,14;02.09.05;111,38;98,84;
20050903;1120;118,31;165,12;83,62;03.09.05;109,65;102,61;
20050904;937;95,45;162,12;41,16;04.09.05;108,74;106,20;
20050905;767;60,46;86,11;35,91;05.09.05;105,87;98,60;
20050906;912;108,97;159,32;66,45;06.09.05;105,95;100,18;
20050907;1185;123,00;161,64;92,98;07.09.05;104,27;104,71;
20050908;1319;75,34;70,10;75,18;08.09.05;101,99;103,05;
20050909;1172;101,75;135,25;70,51;09.09.05;100,82;97,61;
20050910;1224;64,95;80,94;58,51;10.09.05;99,20;89,99;
20050911;942;91,43;112,18;70,18;11.09.05;97,27;89,41;
20050912;903;113,72;175,54;73,21;12.09.05;98,94;97,02;
20050913;1084;100,84;115,77;91,48;13.09.05;97,26;95,86;
20050914;1142;130,53;138,80;125,42;14.09.05;97,60;96,94;
20050915;1276;109,03;155,28;73,40;15.09.05;98,23;101,75;
20050916;1199;93,93;110,17;78,11;16.09.05;98,22;100,64;
20050917;1244;79,89;84,95;66,43;17.09.05;98,20;102,77;
20050918;936;56,63;98,79;11,77;18.09.05;95,74;97,80;
20050919;880;161,86;187,63;143,99;19.09.05;99,01;104,67;
20050920;1071;148,46;111,00;169,75;20.09.05;101,77;111,48;
20050921;1092;142,57;139,11;131,17;21.09.05;103,38;113,20;
20050922;1259;105,24;110,17;87,51;22.09.05;103,22;112,66;
20050923;1186;117,31;128,09;97,55;23.09.05;103,84;115,99;
20050924;1254;84,53;94,80;65,90;24.09.05;102,85;116,66;
20050925;971;92,11;129,24;45,39;25.09.05;102,27;121,73;
20050926;921;115,09;186,45;59,82;26.09.05;103,05;115,05;
20050927;1063;109,07;149,12;93,29;27.09.05;104,34;109,42;
20050928;1139;101,79;133,37;72,55;28.09.05;103,94;103,59;
20050929;1305;83,77;111,34;59,10;29.09.05;103,47;100,52;
20050930;1157;100,21;137,00;61,90;30.09.05;103,77;98,08;
20051001;1229;43,13;53,74;40,34;01.10.05;102,31;92,17;
20051002;917;65,02;100,84;30,04;02.10.05;99,81;88,30;
20051003;856;123,83;192,90;83,66;03.10.05;100,00;89,55;
20051004;1054;103,71;156,66;62,72;04.10.05;100,27;88,78;
20051005;1107;125,68;161,09;89,58;05.10.05;102,45;92,19;
20051006;1228;78,23;86,06;62,81;06.10.05;101,42;91,40;
20051007;1227;140,39;161,49;157,14;07.10.05;102,00;97,14;
20051008;1154;111,95;125,91;95,48;08.10.05;103,22;106,97;
20051009;954;100,70;131,54;75,07;09.10.05;103,19;112,07;
20051010;859;92,55;99,96;83,37;10.10.05;104,11;107,60;
20051011;991;86,91;106,64;72,27;11.10.05;103,96;105,20;
20051012;1148;63,48;103,56;19,20;12.10.05;102,28;96,31;
20051013;1266;99,43;135,64;78,33;13.10.05;102,23;99,34;
20051014;1139;61,07;104,38;33,86;14.10.05;99,92;88,01;
20051015;1225;73,01;86,27;67,46;15.10.05;98,72;82,45;
20051016;928;60,68;56,94;65,30;16.10.05;97,61;76,73;
20051017;896;107,21;140,06;67,63;17.10.05;98,52;78,83;
20051018;1058;122,11;149,82;119,76;18.10.05;100,70;83,86;
20051019;1164;62,61;73,76;52,06;19.10.05;97,40;83,73;
20051020;1279;75,11;108,44;51,69;20.10.05;94,95;80,26;
20051021;1261;91,94;99,52;91,74;21.10.05;93,26;84,67;
20051022;1250;74,20;58,12;83,74;22.10.05;92,23;84,84;
20051023;938;42,38;56,33;35,24;23.10.05;89,73;82,22;
20051024;905;80,53;80,28;79,13;24.10.05;89,60;78,41;
20051025;1008;72,30;65,52;76,51;25.10.05;88,94;71,29;
20051026;1185;92,25;105,90;79,03;26.10.05;88,17;75,53;
20051027;1259;86,83;83,94;91,89;27.10.05;87,43;77,20;
20051028;1181;78,54;67,11;83,96;28.10.05;86,66;75,29;
20051029;1200;46,93;55,04;36,73;29.10.05;85,43;71,39;
20051030;906;69,47;80,19;66,89;30.10.05;84,41;75,26;
20051031;857;177,80;192,67;154,28;31.10.05;88,90;89,16;
20051101;973;112,35;142,55;84,93;01.11.05;90,47;94,88;
20051102;1175;76,12;84,32;75,02;02.11.05;88,88;92,58;
20051103;1162;79,82;107,99;71,11;03.11.05;88,09;91,58;
20051104;1136;99,14;133,72;92,14;04.11.05;87,20;94,52;
20051105;1180;70,18;72,76;56,02;05.11.05;86,93;97,84;
20051106;988;67,06;93,59;39,03;06.11.05;84,49;97,50;
20051107;883;101,29;112,20;87,35;07.11.05;84,13;86,57;
20051108;1050;97,80;113,22;83,95;08.11.05;84,04;84,49;
20051109;1116;80,14;88,77;64,17;09.11.05;83,62;85,06;
20051110;1198;118,90;143,34;96,57;10.11.05;84,69;90,64;
20051111;1107;146,63;131,26;149,30;11.11.05;87,46;97,43;
20051112;1230;78,10;69,81;76,14;12.11.05;86,75;98,56;
20051113;899;47,90;51,43;36,77;13.11.05;86,31;95,82;
20051114;833;91,46;103,08;72,75;14.11.05;86,93;94,42;
20051115;1034;121,74;146,91;95,90;15.11.05;88,96;97,84;
20051116;1111;77,52;83,23;69,42;16.11.05;87,97;97,46;
20051117;1273;83,27;93,39;60,59;17.11.05;86,68;92,37;
20051118;1157;74,44;79,92;66,66;18.11.05;87,07;82,06;
20051119;1260;57,84;62,90;48,09;19.11.05;86,50;79,17;
20051120;881;63,92;97,46;37,52;20.11.05;85,56;81,46;
20051121;879;86,68;82,65;94,01;21.11.05;85,98;80,77;
20051122;1022;84,27;90,48;70,08;22.11.05;87,37;75,42;
20051123;1057;84,62;87,48;78,18;23.11.05;87,51;76,43;
20051124;1080;70,55;85,62;51,01;24.11.05;87,45;74,62;
20051125;1038;86,17;82,72;79,61;25.11.05;87,25;76,29;
20051126;1146;49,14;51,87;48,07;26.11.05;85,99;75,05;
20051127;833;63,63;79,29;52,91;27.11.05;85,50;75,01;
20051128;856;54,18;77,16;38,61;28.11.05;85,74;70,36;
20051129;1039;60,58;57,21;63,63;29.11.05;85,44;66,98;
20051130;1079;76,75;104,06;66,37;30.11.05;82,07;65,85;
20051201;1205;115,46;158,95;86,86;01.12.05;82,18;72,27;
20051202;1135;67,13;81,47;43,68;02.12.05;81,88;69,55;
20051203;1180;75,80;106,35;60,69;03.12.05;81,74;73,36;
20051204;887;56,02;89,35;43,48;04.12.05;80,30;72,27;
20051205;905;91,51;138,66;60,87;05.12.05;81,02;77,60;
20051206;1075;135,58;196,61;92,24;06.12.05;83,30;88,32;
20051207;1129;79,22;99,45;58,55;07.12.05;82,56;88,67;
20051208;1233;94,03;107,13;89,36;08.12.05;82,44;85,61;
20051209;1232;110,24;144,75;80,49;09.12.05;83,44;91,77;
20051210;1231;48,44;75,11;22,38;10.12.05;81,09;87,86;
20051211;921;75,53;136,25;41,87;11.12.05;78,72;90,65;
20051212;878;86,78;105,31;75,29;12.12.05;79,01;89,97;
20051213;1006;144,88;190,40;104,05;13.12.05;82,24;91,30;
20051214;1096;126,94;174,76;105,56;14.12.05;83,43;98,12;
20051215;1219;119,57;151,71;99,42;15.12.05;83,36;101,77;
20051216;1218;81,59;113,87;40,71;16.12.05;83,49;97,68;
20051217;1167;87,99;124,51;75,53;17.12.05;83,65;103,33;
20051218;874;75,80;113,35;56,73;18.12.05;83,69;103,37;
20051219;847;140,79;218,34;84,55;19.12.05;86,46;111,08;
20051220;982;101,20;147,97;72,93;20.12.05;87,70;104,84;
20051221;975;105,32;135,48;84,75;21.12.05;88,32;101,75;
20051222;1064;102,74;130,36;67,31;22.12.05;88,94;99,35;
20051223;1021;84,36;109,97;59,35;23.12.05;88,93;99,74;
20051224;878;79,23;105,31;62,74;24.12.05;89,22;98,49;
20051225;755;83,36;122,47;58,37;25.12.05;89,13;99,57;
20051226;456;130,76;173,81;108,73;26.12.05;91,85;98,14;
20051227;707;93,71;102,76;77,92;27.12.05;92,85;97,07;
20051228;797;103,91;165,74;55,30;28.12.05;94,51;96,87;
20051229;942;116,05;161,26;105,27;29.12.05;96,36;98,77;
20051230;906;80,44;109,35;48,64;30.12.05;96,48;98,21;
20051231;914;61,61;86,71;30,14;31.12.05;94,68;95,69;
20060101;771;60,15;102,80;28,58;01.01.06;94,45;92,37;
20060102;648;71,57;91,73;59,51;02.01.06;94,31;83,92;
20060103;819;64,71;56,45;60,54;03.01.06;94,60;79,78;
20060104;956;107,42;131,27;97,96;04.01.06;95,13;80,28;
20060105;1195;58,21;88,43;32,27;05.01.06;92,55;72,02;
20060106;1046;91,84;107,34;68,47;06.01.06;92,97;73,64;
20060107;1171;62,23;107,16;23,52;07.01.06;91,91;73,73;
20060108;861;80,79;130,41;38,39;08.01.06;90,93;76,68;
20060109;811;85,78;122,16;54,34;09.01.06;92,18;78,71;
20060110;1027;96,76;115,76;80,46;10.01.06;92,88;83,29;
20060111;1042;117,62;69,72;158,61;11.01.06;93,91;84,75;
20060112;1231;91,49;75,11;89,50;12.01.06;92,13;89,50;
20060113;1117;121,59;70,96;147,96;13.01.06;91,95;93,75;
20060114;1174;64,90;50,63;70,39;14.01.06;90,13;94,13;
20060115;899;81,06;73,47;85,79;15.01.06;90,11;94,17;
20060116;887;93,36;96,80;93,16;16.01.06;90,29;95,26;
20060117;902;106,50;87,87;134,37;17.01.06;91,32;96,65;
20060118;1036;147,08;159,38;132,94;18.01.06;91,53;100,86;
20060119;1227;94,49;96,89;107,76;19.01.06;91,30;101,28;
20060120;1187;153,49;183,62;181,00;20.01.06;92,91;105,84;
20060121;1153;114,92;103,11;114,67;21.01.06;93,31;112,99;
20060122;856;73,53;92,59;51,49;22.01.06;92,95;111,91;
20060123;860;111,70;107,52;102,49;23.01.06;94,03;114,53;
20060124;1032;70,62;76,80;64,06;24.01.06;93,61;109,40;
20060125;1161;105,57;96,71;109,14;25.01.06;92,77;103,47;
20060126;1266;115,13;140,86;91,38;26.01.06;93,48;106,42;
20060127;1169;127,52;101,70;150,80;27.01.06;94,27;102,71;
20060128;1267;49,68;52,13;47,83;28.01.06;92,06;93,39;
20060129;847;66,49;77,98;71,55;29.01.06;91,59;92,38;
20060130;858;111,96;115,47;102,73;30.01.06;93,27;92,42;
20060131;963;106,64;89,16;108,69;31.01.06;94,82;97,57;
20060201;1048;167,52;170,16;147,19;01.02.06;98,02;106,42;
20060202;1183;89,60;72,58;111,76;02.02.06;98,85;102,77;
20060203;1236;131,32;80,15;178,29;03.02.06;99,65;103,32;
20060204;1230;88,87;75,18;107,49;04.02.06;100,67;108,92;
20060205;873;75,89;75,66;63,10;05.02.06;100,14;110,26;
20060206;875;140,07;120,77;138,51;06.02.06;102,73;114,28;
20060207;988;144,17;120,33;150,55;07.02.06;104,84;119,64;
20060208;1041;85,92;133,24;52,92;08.02.06;104,85;107,98;
20060209;1219;67,94;108,36;27,12;09.02.06;103,89;104,88;
20060210;1165;88,15;130,39;56,75;10.02.06;102,91;98,72;
20060211;1178;64,68;84,10;46,77;11.02.06;102,01;95,26;
20060212;938;28,25;49,29;11,75;12.02.06;98,90;88,45;
20060213;927;89,34;99,75;71,31;13.02.06;99,72;81,20;
20060214;1042;89,01;69,72;105,74;14.02.06;99,98;73,33;
20060215;1077;64,59;79,72;66,50;15.02.06;99,02;70,28;
20060216;1262;112,87;151,77;87,31;16.02.06;99,23;76,70;
20060217;1150;106,58;114,87;95,81;17.02.06;97,88;79,33;
20060218;1232;61,84;53,61;67,07;18.02.06;96,79;78,93;
20060219;935;60,23;63,58;47,14;19.02.06;93,69;83,49;
20060220;862;69,17;114,93;38,35;20.02.06;92,16;80,61;
20060221;960;113,87;110,08;120,51;21.02.06;93,51;84,16;
20060222;1165;88,15;73,70;94,58;22.02.06;92,72;87,53;
20060223;1263;136,38;151,65;126,49;23.02.06;94,91;90,89;
20060224;1229;102,42;134,35;71,72;24.02.06;94,81;90,29;
20060225;1271;114,68;129,91;112,69;25.02.06;94,79;97,84;
20060226;910;87,36;108,87;78,70;26.02.06;93,45;101,72;
20060227;934;106,40;77,79;129,76;27.02.06;95,35;107,04;
20060228;1006;128,42;118,18;131,43;28.02.06;97,41;109,12;
20060301;1072;120,51;147,87;107,92;01.03.06;97,69;113,74;
20060302;1200;71,77;77,06;64,27;02.03.06;96,53;104,51;
20060303;1205;126,45;115,10;123,44;03.03.06;95,16;107,94;
20060304;1195;63,76;60,80;59,93;04.03.06;94,30;100,67;
20060305;914;76,11;86,71;66,30;05.03.06;92,46;99,06;
20060306;885;119,78;126,87;124,50;06.03.06;93,49;100,97;
20060307;1051;132,38;138,25;120,56;07.03.06;95,37;101,54;
20060308;1034;137,76;102,20;154,51;08.03.06;95,30;104,00;
20060309;1207;126,25;114,91;127,80;09.03.06;94,70;111,78;
20060310;1191;130,72;138,64;124,89;10.03.06;96,19;112,39;
20060311;1186;69,83;89,10;51,10;11.03.06;96,26;113,26;
20060312;884;67,45;74,71;56,09;12.03.06;95,57;112,02;
20060313;941;95,05;91,25;93,67;13.03.06;96,58;108,49;
20060314;1037;143,75;146,49;148,75;14.03.06;100,43;110,11;
20060315;1061;81,18;74,70;72,69;15.03.06;100,16;102,03;
20060316;1230;105,03;107,39;116,45;16.03.06;100,69;99,00;
20060317;1188;125,48;105,63;153,03;17.03.06;102,72;98,25;
20060318;1189;52,93;49,99;46,33;18.03.06;100,72;95,84;
20060319;930;42,74;63,92;17,77;19.03.06;98,59;92,31;
20060320;915;94,13;101,06;90,31;20.03.06;99,67;92,18;
20060321;1035;112,02;82,96;133,07;21.03.06;101,40;87,64;
20060322;1096;108,81;120,52;105,56;22.03.06;102,72;91,59;
20060323;1286;74,70;92,45;51,41;23.03.06;101,41;87,26;
20060324;1150;92,18;126,35;71,86;24.03.06;101,55;82,50;
20060325;1177;56,29;78,56;42,12;25.03.06;98,88;82,98;
20060326;871;34,23;37,91;31,62;26.03.06;96,60;81,76;
20060327;890;81,88;103,89;68,09;27.03.06;95,51;80,01;
20060328;1004;75,89;105,25;43,90;28.03.06;95,13;74,85;
20060329;1166;68,18;84,97;47,25;29.03.06;93,85;69,05;
20060330;1261;76,18;89,04;69,90;30.03.06;92,11;69,26;
20060331;1183;84,00;55,83;97,79;31.03.06;90,90;68,09;
20060401;1255;58,07;84,20;35,12;01.04.06;90,44;68,35;
20060402;901;47,80;65,97;36,69;02.04.06;87,82;70,29;
20060403;929;121,23;113,75;124,53;03.04.06;89,73;75,91;
20060404;1047;82,26;63,08;99,97;04.04.06;89,94;76,82;
20060405;953;62,57;48,51;69,37;05.04.06;88,03;76,02;
20060406;1114;62,45;59,29;59,34;06.04.06;85,70;74,05;
20060407;1233;96,72;123,20;89,36;07.04.06;84,33;75,87;
20060408;1130;73,29;93,52;58,50;08.04.06;82,57;78,04;
20060409;910;61,88;65,32;60,54;09.04.06;80,27;80,06;
20060410;858;100,38;107,77;89,89;10.04.06;81,29;77,08;
20060411;948;115,31;97,54;122,03;11.04.06;82,89;81,80;
20060412;1092;100,11;102,82;95,85;12.04.06;83,05;87,16;
20060413;1163;99,69;73,83;127,90;13.04.06;81,59;92,48;
20060414;815;60,97;64,83;67,60;14.04.06;80,91;87,37;
20060415;1165;110,89;119,06;94,58;15.04.06;81,11;92,75;
20060416;807;61,57;81,84;40,96;16.04.06;78,98;92,70;
20060417;783;139,61;134,96;126,64;17.04.06;81,87;98,31;
20060418;898;132,80;154,45;110,43;18.04.06;84,87;100,81;
20060419;1068;99,25;92,76;98,01;19.04.06;85,04;100,68;
20060420;1174;90,29;78,76;107,93;20.04.06;84,32;99,34;
20060421;1151;71,95;40,17;86,15;21.04.06;83,09;100,91;
20060422;1103;75,08;71,86;69,92;22.04.06;83,10;95,79;
20060423;899;33,16;29,39;36,77;23.04.06;81,13;91,74;
20060424;828;104,02;119,65;93,15;24.04.06;82,72;86,65;
20060425;1035;128,02;159,53;122,42;25.04.06;85,85;85,97;
20060426;1123;129,79;135,27;127,55;26.04.06;87,45;90,33;
20060427;1155;129,06;148,68;119,24;27.04.06;89,22;95,87;
20060428;1221;89,53;86,55;90,24;28.04.06;89,93;98,38;
20060429;1216;81,72;92,34;86,08;29.04.06;90,12;99,33;
20060430;878;60,37;75,22;37,65;30.04.06;89,33;103,22;
20060501;870;99,00;113,87;94,98;01.05.06;90,69;102,50;
20060502;936;106,17;155,24;52,97;02.05.06;92,64;99,38;
20060503;1099;96,45;84,14;100,25;03.05.06;91,81;94,61;
20060504;1231;83,42;80,48;76,08;04.05.06;91,85;88,09;
20060505;1154;91,86;68,68;105,02;05.05.06;92,83;88,43;
20060506;1188;64,13;105,63;51,01;06.05.06;92,88;85,91;
20060507;887;63,49;89,35;49,69;07.05.06;91,78;86,36;
20060508;853;128,15;123,89;116,25;08.05.06;93,60;90,52;
20060509;1009;105,06;39,27;141,96;09.05.06;95,04;90,37;
20060510;1035;118,42;76,58;138,39;10.05.06;95,64;93,50;
20060511;1200;115,94;82,56;133,13;11.05.06;95,67;98,15;
20060512;1150;92,18;86,15;91,02;12.05.06;95,40;98,20;
20060513;1231;64,58;69,75;62,65;13.05.06;94,23;98,26;
20060514;870;79,96;106,28;50,66;14.05.06;94,86;100,61;
20060515;844;70,65;86,08;45,69;15.05.06;93,52;92,40;
20060516;1000;109,31;112,28;104,67;16.05.06;95,11;93,01;
20060517;1092;87,97;90,72;90,81;17.05.06;93,39;88,66;
20060518;1184;78,34;83,67;65,14;18.05.06;91,58;83,28;
20060519;1127;79,36;76,19;83,10;19.05.06;90,91;81,45;
20060520;1241;66,73;47,90;79,91;20.05.06;90,13;81,76;
20060521;892;70,56;74,04;80,29;21.05.06;90,08;80,42;
20060522;904;91,61;73,06;109,69;22.05.06;90,63;83,41;
20060523;995;86,56;92,93;66,44;23.05.06;92,41;80,16;
20060524;1122;91,52;70,64;98,20;24.05.06;92,00;80,67;
20060525;1165;62,55;79,37;52,02;25.05.06;89,81;78,41;
20060526;1140;95,89;86,90;91,82;26.05.06;88,68;80,78;
20060527;1143;60,86;34,67;77,12;27.05.06;86,41;79,94;
20060528;886;41,13;52,18;49,74;28.05.06;84,80;75,73;
20060529;727;86,57;45,42;113,67;29.05.06;84,96;75,01;
20060530;887;74,69;52,12;86,95;30.05.06;85,44;73,32;
20060531;1189;52,93;61,10;41,70;31.05.06;83,90;67,80;
20060601;1148;118,31;69,04;148,76;01.06.06;84,31;75,77;
20060602;1149;98,02;51,73;148,63;02.06.06;84,36;76,07;
20060603;1188;105,96;105,63;102,02;03.06.06;85,11;82,52;
20060604;864;84,35;114,67;70,14;04.06.06;84,86;88,69;
20060605;893;85,32;81,36;74,03;05.06.06;85,57;88,51;
20060606;1020;123,41;129,50;108,02;06.06.06;87,56;95,47;
20060607;1062;115,41;99,51;129,68;07.06.06;87,14;104,40;
20060608;1221;86,82;91,96;85,73;08.06.06;86,53;99,90;
20060609;1136;113,72;151,16;87,29;09.06.06;86,37;102,14;
20060610;1131;96,65;128,47;68,19;10.06.06;85,73;100,81;
20060611;882;56,34;82,37;43,72;11.06.06;84,54;96,81;
20060612;862;84,54;68,96;95,86;12.06.06;85,20;96,70;
20060613;1062;90,46;93,29;72,62;13.06.06;85,55;91,99;
20060614;1078;125,99;165,42;71,55;14.06.06;87,40;93,50;
20060615;1191;114,03;149,73;74,01;15.06.06;87,55;97,39;
20060616;1167;96,51;130,17;80,25;16.06.06;87,84;94,93;
20060617;1129;73,35;87,75;58,55;17.06.06;87,67;91,60;
20060618;886;104,69;171,45;62,18;18.06.06;88,52;98,51;
20060619;900;114,10;139,43;85,70;19.06.06;90,10;102,73;
20060620;1065;139,97;124,03;139,66;20.06.06;92,41;109,81;
20060621;1142;107,32;144,59;77,18;21.06.06;92,93;107,14;
20060622;1206;112,62;76,67;132,47;22.06.06;93,80;106,94;
20060623;1207;131,73;175,11;100,41;23.06.06;95,14;111,97;
20060624;1194;63,81;77,44;59,98;24.06.06;95,18;110,61;
20060625;846;58,73;62,46;45,58;25.06.06;93,94;104,04;
20060626;884;108,67;112,07;99,71;26.06.06;95,54;103,27;
20060627;1003;132,11;171,21;93,37;27.06.06;98,57;102,14;
20060628;1085;94,64;97,40;91,39;28.06.06;98,84;100,33;
20060629;1212;98,39;141,69;63,64;29.06.06;99,63;98,30;
20060630;1090;133,72;139,37;136,46;30.06.06;102,32;98,58;
20060701;1165;51,18;51,02;47,29;01.07.06;100,09;96,78;
20060702;829;55,94;87,64;33,23;02.07.06;98,68;96,38;
20060703;800;82,81;123,84;41,32;03.07.06;97,91;92,69;
20060704;787;147,32;142,67;175,00;04.07.06;100,01;94,86;
20060705;922;114,97;93,13;131,45;05.07.06;101,00;97,76;
20060706;1130;172,96;64,29;248,64;06.07.06;102,65;108,41;
20060707;1115;151,52;130,32;163,05;07.07.06;103,85;110,96;
20060708;1207;107,03;93,02;109,54;08.07.06;104,53;118,94;
20060709;837;75,20;94,69;59,24;09.07.06;103,24;121,69;
20060710;801;161,29;148,42;171,94;10.07.06;105,40;132,90;
20060711;931;149,44;170,26;147,93;11.07.06;108,50;133,20;
20060712;1050;154,59;150,97;157,40;12.07.06;110,84;138,86;
20060713;1172;180,89;191,61;164,52;13.07.06;113,85;139,99;
20060714;1060;171,88;105,93;228,68;14.07.06;115,38;142,90;
20060715;1180;109,48;72,76;140,06;15.07.06;115,23;143,25;
20060716;824;124,62;104,20;147,09;16.07.06;116,17;150,31;
20060717;813;224,10;203,10;257,49;17.07.06;121,19;159,29;
20060718;946;206,60;258,33;145,59;18.07.06;124,59;167,45;
20060719;998;179,24;238,25;143,52;19.07.06;126,76;170,97;
20060720;1144;130,30;178,97;101,13;20.07.06;126,44;163,75;
20060721;1047;142,37;151,40;126,28;21.07.06;127,61;159,53;
20060722;1177;137,91;185,18;107,65;22.07.06;128,45;163,59;
20060723;844;105,97;148,68;84,85;23.07.06;127,59;160,93;
20060724;814;150,57;154,16;148,89;24.07.06;130,48;150,42;
20060725;939;141,11;189,91;99,74;25.07.06;133,23;141,07;
20060726;963;165,11;171,46;154,46;26.07.06;135,11;139,05;
20060727;1149;115,32;137,96;100,69;27.07.06;134,55;136,91;
20060728;1104;180,03;191,44;164,67;28.07.06;137,40;142,29;
20060729;1100;120,46;138,10;105,17;29.07.06;138,13;139,80;
20060730;859;100,26;138,40;89,79;30.07.06;137,02;138,98;
20060731;794;150,19;174,68;152,64;31.07.06;140,32;138,93;
20060801;918;151,56;172,67;144,03;01.08.06;143,50;140,42;
20060802;948;150,25;209,01;110,41;02.08.06;145,75;138,30;
20060803;1081;137,90;183,30;91,73;03.08.06;145,44;141,52;
20060804;1026;132,37;135,18;134,24;04.08.06;146,02;134,71;
20060805;1116;109,83;124,28;83,92;05.08.06;143,91;133,19;
20060806;818;85,04;96,89;67,35;06.08.06;141,70;131,02;
20060807;773;171,41;153,80;192,42;07.08.06;143,84;134,05;
20060808;861;150,05;138,08;172,76;08.08.06;146,34;133,84;
20060809;971;156,93;217,66;107,80;09.08.06;146,19;134,79;
20060810;1062;143,48;155,48;129,68;10.08.06;145,99;135,59;
20060811;1075;252,68;270,33;271,61;11.08.06;149,26;152,77;
20060812;1106;233,62;268,73;214,18;12.08.06;151,02;170,46;
20060813;786;134,86;201,67;77,10;13.08.06;149,79;177,58;
20060814;831;207,28;254,33;205,51;14.08.06;153,05;182,70;
20060815;912;239,73;304,17;223,50;15.08.06;156,88;195,51;
20060816;961;134,43;137,46;131,85;16.08.06;153,90;192,30;
20060817;1109;137,40;178,67;114,25;17.08.06;151,59;191,43;
20060818;1048;154,88;201,67;131,42;18.08.06;150,78;177,46;
20060819;1120;100,56;100,25;93,46;19.08.06;149,79;158,45;
20060820;849;109,25;147,81;103,82;20.08.06;148,68;154,79;
20060821;826;156,40;135,93;180,08;21.08.06;149,30;147,52;
20060822;901;180,15;153,94;214,00;22.08.06;151,77;139,01;
20060823;952;160,06;138,76;162,03;23.08.06;152,09;142,67;
20060824;1099;120,57;90,15;130,33;24.08.06;151,40;140,27;
20060825;1097;150,98;168,58;130,57;25.08.06;150,93;139,71;
20060826;1100;135,51;96,07;165,27;26.08.06;151,60;144,70;
20060827;816;73,07;56,66;74,26;27.08.06;148,04;139,54;
20060828;693;129,06;181,08;87,44;28.08.06;148,33;135,63;
20060829;860;161,78;130,56;185,77;29.08.06;150,38;133,00;
20060830;1021;110,31;77,63;134,89;30.08.06;149,05;125,90;
20060831;1150;100,82;103,38;114,97;31.08.06;147,36;123,08;
20060901;1083;159,05;134,17;162,78;01.09.06;147,65;124,23;
20060902;1121;118,20;123,73;122,86;02.09.06;146,99;121,76;
20060903;853;93,20;100,66;90,42;03.09.06;145,69;124,63;
20060904;725;155,35;191,31;151,97;04.09.06;147,20;128,39;
20060905;877;173,75;180,75;169,60;05.09.06;150,16;130,10;
20060906;1086;134,21;176,37;106,53;06.09.06;148,92;133,51;
20060907;1225;81,12;107,83;62,96;07.09.06;146,62;130,70;
20060908;1111;149,08;160,51;158,68;08.09.06;146,36;129,27;
20060909;1203;121,16;120,78;137,38;09.09.06;145,62;129,70;
20060910;949;97,74;83,52;121,91;10.09.06;140,45;130,34;
20060911;871;140,72;144,08;120,17;11.09.06;137,36;128,25;
20060912;1013;120,99;156,48;97,89;12.09.06;136,89;120,72;
20060913;1102;108,21;89,90;109,98;13.09.06;133,59;117,00;
20060914;1190;119,70;105,45;124,99;14.09.06;129,59;122,51;
20060915;1125;97,17;105,68;83,25;15.09.06;128,35;115,10;
20060916;1256;73,85;78,88;74,56;16.09.06;126,23;108,34;
20060917;905;91,51;102,17;79,13;17.09.06;124,12;107,45;
20060918;917;111,98;129,65;84,11;18.09.06;124,50;103,34;
20060919;1063;155,81;149,12;165,84;19.09.06;126,05;108,32;
20060920;1143;124,62;75,12;159,05;20.09.06;124,99;110,66;
20060921;1236;112,56;149,62;89,14;21.09.06;122,74;109,64;
20060922;1128;105,72;76,12;126,98;22.09.06;120,93;110,86;
20060923;1233;99,40;128,56;80,42;23.09.06;120,22;114,52;
20060924;884;71,20;104,60;43,62;24.09.06;117,56;111,61;
20060925;912;76,28;72,42;78,53;25.09.06;115,59;106,51;
20060926;1029;115,89;77,02;139,20;26.09.06;117,01;100,81;
20060927;1092;81,90;78,63;80,72;27.09.06;115,44;94,71;
20060928;1209;117,82;103,80;141,26;28.09.06;113,98;95,46;
20060929;1126;114,73;134,91;102,74;29.09.06;114,12;96,75;
20060930;1199;85,65;93,65;68,92;30.09.06;113,62;94,78;
20061001;903;55,03;87,77;30,50;01.10.06;110,15;92,47;
20061002;886;108,42;134,18;105,70;02.10.06;109,83;97,06;
20061003;1026;113,00;109,44;102,02;03.10.06;110,49;96,65;
20061004;1095;130,08;66,35;176,09;04.10.06;109,64;103,53;
20061005;1242;122,69;79,77;137,50;05.10.06;107,94;104,23;
20061006;1107;110,72;101,43;124,41;06.10.06;107,16;103,66;
20061007;1217;70,77;70,55;76,95;07.10.06;106,81;101,53;
20061008;893;48,22;51,77;43,18;08.10.06;103,45;100,56;
20061009;836;99,06;79,00;112,03;09.10.06;102,71;99,22;
20061010;987;251,71;66,92;379,55;10.10.06;107,85;119,04;
20061011;1062;243,30;105,73;342,37;11.10.06;111,27;135,21;
20061012;1246;109,00;121,92;128,22;12.10.06;110,87;133,25;
20061013;1110;122,36;124,95;129,04;13.10.06;111,34;134,92;
20061014;1147;101,08;74,86;120,07;14.10.06;110,72;139,25;
20061015;863;69,09;84,19;63,84;15.10.06;109,78;142,23;
20061016;867;160,47;144,74;190,62;16.10.06;112,67;151,00;
20061017;1025;151,89;148,20;182,74;17.10.06;114,68;136,74;
20061018;1091;109,31;133,18;126,24;18.10.06;114,59;117,60;
20061019;1203;118,40;137,26;100,75;19.10.06;113,35;118,94;
20061020;1153;97,68;97,38;95,56;20.10.06;112,45;115,42;
20061021;1234;115,43;101,69;120,54;21.10.06;112,54;117,47;
20061022;851;58,39;54,33;64,74;22.10.06;110,97;115,94;
20061023;870;110,42;159,42;63,32;23.10.06;111,33;108,79;
20061024;1026;125,92;135,18;112,76;24.10.06;113,16;105,08;
20061025;1095;130,08;108,57;140,87;25.10.06;114,95;108,05;
20061026;1222;100,30;81,07;112,70;26.10.06;114,43;105,46;
20061027;1128;91,04;70,26;92,79;27.10.06;114,74;104,51;
20061028;1220;81,46;86,62;85,80;28.10.06;113,52;99,66;
20061029;890;63,27;74,21;68,09;29.10.06;111,81;100,35;
20061030;872;79,78;90,89;69,49;30.10.06;111,61;95,98;
20061031;996;146,34;132,63;149,34;31.10.06;114,66;98,89;
20061101;1038;143,61;101,81;159,22;01.11.06;115,83;100,83;
20061102;1252;113,77;89,68;123,20;02.11.06;115,85;102,75;
20061103;1164;113,83;56,74;160,92;03.11.06;115,31;106,01;
20061104;1198;60,83;55,13;59,78;04.11.06;113,25;103,06;
20061105;916;47,01;36,05;60,14;05.11.06;111,13;100,74;
20061106;904;47,64;51,14;54,85;06.11.06;110,36;96,15;
20061107;1013;52,32;52,16;43,51;07.11.06;110,49;82,72;
20061108;1118;77,04;88,61;59,13;08.11.06;109,76;73,21;
20061109;1291;89,81;138,13;55,47;09.11.06;104,36;69,78;
20061110;1182;114,90;145,28;83,89;10.11.06;100,08;69,94;
20061111;1265;75,94;93,98;69,68;11.11.06;98,98;72,09;
20061112;865;53,61;30,54;70,06;12.11.06;96,69;73,04;
20061113;920;122,42;129,22;107,78;13.11.06;97,40;83,72;
20061114;1058;137,76;112,37;151,00;14.11.06;99,69;95,93;
20061115;1081;107,25;79,43;127,41;15.11.06;97,92;100,24;
20061116;1190;114,13;88,80;124,99;16.11.06;96,66;103,72;
20061117;1170;56,63;45,16;65,92;17.11.06;94,90;95,39;
20061118;1187;69,77;55,64;78,90;18.11.06;93,28;94,51;
20061119;877;71,77;67,78;75,38;19.11.06;92,42;97,10;
20061120;895;118,44;103,31;135,42;20.11.06;92,52;96,53;
20061121;988;70,41;53,48;89,21;21.11.06;92,92;86,91;
20061122;1055;72,22;68,86;78,33;22.11.06;91,64;81,91;
20061123;1020;116,91;123,03;91,82;23.11.06;91,34;82,31;
20061124;1059;78,20;81,08;72,83;24.11.06;89,61;85,39;
20061125;1123;79,64;82,34;73,58;25.11.06;88,92;86,80;
20061126;852;69,98;85,27;51,73;26.11.06;88,22;86,54;
20061127;892;103,98;133,28;67,94;27.11.06;88,97;84,48;
20061128;980;77,74;87,61;67,46;28.11.06;89,46;85,53;
20061129;1084;97,79;97,49;86,40;29.11.06;90,06;89,18;
20061130;1177;78,80;106,62;56,17;30.11.06;87,81;83,73;
20061201;1132;96,57;75,85;107,07;01.12.06;86,24;86,36;
20061202;1195;63,76;44,22;78,37;02.12.06;84,57;84,09;
20061203;909;43,73;65,39;18,18;03.12.06;82,23;80,34;
20061204;914;86,98;79,49;90,41;04.12.06;83,11;77,91;
20061205;1010;150,87;124,25;169,09;05.12.06;86,57;88,36;
20061206;1081;85,80;67,21;91,73;06.12.06;87,84;86,64;
20061207;1226;72,95;53,87;80,88;07.12.06;88,53;85,81;
20061208;1144;104,24;103,92;96,31;08.12.06;89,43;86,90;
20061209;1159;100,03;68,38;118,83;09.12.06;89,77;92,09;
20061210;894;81,52;103,43;61,62;10.12.06;88,66;97,49;
20061211;857;81,17;77,07;77,14;11.12.06;88,84;96,66;
20061212;1027;93,54;64,31;112,65;12.12.06;90,17;88,47;
20061213;1129;126,17;64,35;165,90;13.12.06;90,29;94,23;
20061214;1206;74,16;82,15;59,38;14.12.06;88,17;94,40;
20061215;1070;80,49;67,90;82,38;15.12.06;87,28;91,01;
20061216;1189;89,15;72,21;88,03;16.12.06;86,45;89,46;
20061217;889;74,52;66,86;86,76;17.12.06;87,04;88,46;
20061218;869;83,86;76,00;76,07;18.12.06;87,51;88,84;
20061219;923;136,38;100,18;173,09;19.12.06;89,67;94,96;
20061220;1047;91,75;88,32;99,97;20.12.06;88,78;90,05;
20061221;1065;93,31;74,42;113,80;21.12.06;89,54;92,78;
20061222;979;81,21;67,46;95,66;22.12.06;89,84;92,88;
20061223;1011;95,02;78,39;98,08;23.12.06;89,11;93,72;
20061224;776;59,76;59,58;56,79;24.12.06;88,50;91,61;
20061225;338;137,21;117,24;146,69;25.12.06;90,42;99,23;
20061226;501;125,63;92,28;131,95;26.12.06;92,27;97,70;
20061227;765;73,61;51,80;93,62;27.12.06;91,26;95,11;
20061228;873;102,45;113,48;94,66;28.12.06;92,08;96,41;
20061229;857;92,77;77,07;102,85;29.12.06;91,91;98,06;
20061230;965;120,14;123,20;108,47;30.12.06;93,29;101,65;
20061231;785;37,98;50,48;21,05;31.12.06;91,34;98,54;
20070101;587;90,29;101,27;75,08;01.01.07;92,22;91,84;
20070102;780;114,67;110,08;105,94;02.01.07;94,59;90,27;
20070103;907;76,70;101,95;42,52;03.01.07;94,25;90,71;
20070104;1086;85,41;121,63;40,58;04.01.07;92,06;88,28;
20070105;1014;88,20;84,68;86,93;05.01.07;92,14;87,63;
20070106;1200;102,14;104,58;96,41;06.01.07;93,12;85,05;
20070107;883;67,53;67,32;68,63;07.01.07;91,89;89,28;
20070108;809;106,46;138,79;88,53;08.01.07;92,11;91,59;
20070109;1031;106,03;76,87;128,24;09.01.07;92,92;90,35;
20070110;1016;153,24;188,52;113,87;10.01.07;95,33;101,29;
20070111;1206;101,63;109,53;95,93;11.01.07;95,60;103,60;
20070112;1134;160,66;192,20;126,31;12.01.07;96,75;113,95;
20070113;1194;102,65;99,57;101,51;13.01.07;97,69;114,03;
20070114;863;65,25;61,23;70,22;14.01.07;97,19;113,70;
20070115;779;110,56;76,31;134,37;15.01.07;97,90;114,29;
20070116;931;81,84;85,13;71,01;16.01.07;98,14;110,83;
20070117;1007;128,29;177,09;93,00;17.01.07;99,63;107,27;
20070118;1218;127,82;119,30;122,12;18.01.07;99,34;111,01;
20070119;1102;66,13;29,97;94,98;19.01.07;98,49;97,51;
20070120;1179;59,00;39,21;74,76;20.01.07;97,34;91,27;
20070121;875;79,50;98,13;81,85;21.01.07;97,29;93,31;
20070122;878;116,96;75,22;163,14;22.01.07;98,02;94,22;
20070123;990;113,76;120,09;100,16;23.01.07;99,82;98,78;
20070124;1111;110,32;101,06;119,01;24.01.07;98,92;96,21;
20070125;1197;110,70;99,32;115,06;25.01.07;98,42;93,77;
20070126;1124;79,57;58,76;88,22;26.01.07;98,62;95,69;
20070127;1262;84,00;83,74;82,94;27.01.07;98,01;99,26;
20070128;883;63,78;67,32;62,39;28.01.07;97,04;97,01;
20070129;935;60,23;49,45;64,81;29.01.07;95,04;88,91;
20070130;996;109,75;79,58;132,75;30.01.07;97,44;88,33;
20070131;1063;96,60;80,77;114,02;31.01.07;97,65;86,37;
20070201;1234;77,85;74,93;80,36;01.02.07;96,42;81,68;
20070202;1119;139,13;76,73;172,31;02.02.07;98,50;90,19;
20070203;1217;106,15;108,54;99,59;03.02.07;99,19;93,36;
20070204;897;55,39;80,99;67,56;04.02.07;98,10;92,16;
20070205;892;77,99;74,04;74,11;05.02.07;97,29;94,70;
20070206;971;88,70;54,42;113,47;06.02.07;98,00;91,69;
20070207;1051;126,07;113,12;141,53;07.02.07;98,65;95,90;
20070208;1218;76,15;75,92;67,84;08.02.07;97,66;95,66;
20070209;1109;95,58;77,42;104,32;09.02.07;95,73;89,43;
20070210;1168;73,74;67,86;70,75;10.02.07;94,80;84,80;
20070211;878;83,00;67,70;94,12;11.02.07;92,22;88,75;
20070212;910;101,93;94,35;115,02;12.02.07;92,19;92,17;
20070213;1004;95,68;52,63;131,69;13.02.07;93,21;93,17;
20070214;1004;122,08;105,25;126,20;14.02.07;93,59;92,59;
20070215;1185;111,82;128,19;102,28;15.02.07;94,59;97,69;
20070216;1094;96,89;108,67;85,61;16.02.07;93,54;97,88;
20070217;1170;65,12;67,74;61,21;17.02.07;91,45;96,65;
20070218;851;54,50;62,09;45,31;18.02.07;91,06;92,57;
20070219;799;78,77;66,13;82,74;19.02.07;91,72;89,27;
20070220;955;128,34;124,49;121,14;20.02.07;93,35;93,93;
20070221;1077;101,50;122,65;76,73;21.02.07;92,84;90,99;
20070222;1215;84,52;59,80;108,82;22.02.07;91,86;87,09;
20070223;1123;126,84;94,10;142,26;23.02.07;92,41;91,37;
20070224;1195;80,39;66,32;92,20;24.02.07;91,40;93,55;
20070225;868;95,41;98,92;82,51;25.02.07;91,93;99,40;
20070226;867;103,16;99,03;108,02;26.02.07;92,57;102,88;
20070227;1035;89,62;121,25;74,52;27.02.07;93,43;97,35;
20070228;1112;125,11;166,31;94,13;28.02.07;95,59;100,72;
20070301;1232;99,48;107,22;89,43;01.03.07;95,25;102,86;
20070302;1119;127,29;118,05;118,16;02.03.07;96,27;102,92;
20070303;1273;70,26;62,26;73,57;03.03.07;96,02;101,48;
20070304;874;41,69;75,57;18,91;04.03.07;92,77;93,80;
20070305;876;124,79;113,09;113,20;05.03.07;93,39;96,89;
20070306;1023;100,38;103,30;96,93;06.03.07;94,89;98,43;
20070307;1048;135,92;163,86;99,88;07.03.07;96,82;99,97;
20070308;1203;63,33;82,35;50,37;08.03.07;95,98;94,81;
20070309;1125;91,28;99,81;78,35;09.03.07;94,82;89,66;
20070310;1245;55,87;58,36;57,52;10.03.07;94,14;87,61;
20070311;903;66,03;80,46;54,91;11.03.07;93,16;91,09;
20070312;955;58,97;34,58;80,76;12.03.07;92,67;81,68;
20070313;999;79,58;99,17;66,17;13.03.07;92,55;78,71;
20070314;1078;104,48;85,78;122,65;14.03.07;92,64;74,22;
20070315;1209;104,12;49,17;141,26;15.03.07;92,92;80,05;
20070316;1113;122,03;94,95;138,59;16.03.07;92,92;84,44;
20070317;1223;56,88;70,21;36,04;17.03.07;91,08;84,58;
20070318;900;44,17;58,71;30,61;18.03.07;89,33;81,46;
20070319;998;66,38;79,42;49,68;19.03.07;89,37;82,52;
20070320;1011;95,02;52,26;136,23;20.03.07;90,72;84,72;
20070321;1018;65,08;38,93;81,17;21.03.07;90,26;79,10;
20070322;1259;92,09;120,66;70,01;22.03.07;89,06;77,38;
20070323;1126;76,49;93,85;53,82;23.03.07;88,22;70,87;
20070324;1199;82,88;66,10;91,89;24.03.07;88,17;74,59;
20070325;870;49,50;45,55;56,99;25.03.07;85,59;75,35;
20070326;913;105,22;79,58;114,65;26.03.07;86,42;80,90;
20070327;1027;129,02;109,33;134,10;27.03.07;87,54;85,75;
20070328;1148;103,88;109,31;100,77;28.03.07;87,56;91,30;
20070329;1095;102,86;78,41;120,75;29.03.07;88,00;92,83;
20070330;1130;93,81;70,14;107,26;30.03.07;86,96;95,31;
20070331;1240;61,44;47,94;71,08;31.03.07;85,69;92,25;
20070401;837;67,28;86,80;46,07;01.04.07;83,69;94,79;
20070402;919;82,90;64,68;101,91;02.04.07;84,11;91,60;
20070403;1016;104,33;104,01;92,18;03.04.07;86,20;88,07;
20070404;1000;62,94;46,23;71,62;04.04.07;84,14;82,22;
20070405;1102;96,19;77,91;104,98;05.04.07;84,00;81,27;
20070406;960;106,97;144,48;68,86;06.04.07;83,03;83,15;
20070407;1122;41,33;41,21;44,19;07.04.07;82,30;80,28;
20070408;884;37,47;37,36;37,39;08.04.07;80,51;76,02;
20070409;808;65,60;57,22;68,18;09.04.07;80,83;73,55;
20070410;935;81,49;56,51;94,27;10.04.07;81,35;70,28;
20070411;1063;96,60;93,20;103,65;11.04.07;82,60;75,09;
20070412;1192;86,15;83,11;92,43;12.04.07;82,82;73,66;
20070413;1109;80,65;65,51;89,42;13.04.07;82,03;69,90;
20070414;1228;59,35;53,78;62,81;14.04.07;80,53;72,47;
20070415;898;70,09;73,55;67,48;15.04.07;78,80;77,13;
20070416;897;114,48;117,81;110,55;16.04.07;80,72;84,11;
20070417;1009;88,64;117,82;70,98;17.04.07;82,20;85,14;
20070418;1091;63,76;60,54;75,74;18.04.07;82,12;80,45;
20070419;1225;62,20;75,48;44,97;19.04.07;81,02;77,02;
20070420;1129;99,76;93,60;107,35;20.04.07;82,18;79,75;
20070421;1161;65,62;73,95;61,69;21.04.07;81,30;80,65;
20070422;717;32,34;27,63;38,42;22.04.07;79,82;75,26;
20070423;824;48,24;80,15;26,74;23.04.07;78,67;65,79;
20070424;1037;70,28;63,69;69,06;24.04.07;79,36;63,17;
20070425;1002;119,01;171,38;65,98;25.04.07;79,82;71,06;
20070426;1127;64,66;93,77;48,88;26.04.07;77,68;71,42;
20070427;1065;87,09;99,23;72,42;27.04.07;77,12;69,61;
20070428;1210;54,75;81,88;36,42;28.04.07;75,51;68,05;
20070429;679;48,79;38,91;48,68;29.04.07;74,01;70,40;
20070430;825;112,43;184,13;33,39;30.04.07;75,71;79,57;
20070501;946;140,07;216,43;75,71;01.05.07;78,14;89,54;
20070502;965;72,09;75,29;62,80;02.05.07;77,78;82,84;
20070503;1144;57,91;69,28;67,42;03.05.07;76,23;81,87;
20070504;1054;88,00;112,79;62,72;04.05.07;77,07;82,00;
20070505;1151;43,17;34,43;43,08;05.05.07;75,30;80,35;
20070506;767;43,19;51,67;50,28;06.05.07;73,17;79,55;
20070507;795;75,00;99,69;48,51;07.05.07;74,30;74,20;
20070508;872;75,98;68,17;94,77;08.05.07;75,58;65,05;
20070509;976;108,61;81,21;124,18;09.05.07;77,01;70,27;
20070510;1055;109,90;93,91;104,44;10.05.07;77,96;77,69;
20070511;1052;100,76;119,29;78,55;11.05.07;78,10;79,51;
20070512;1196;69,24;49,70;73,70;12.05.07;77,53;83,24;
20070513;712;65,13;92,76;69,64;13.05.07;77,02;86,37;
20070514;834;99,30;110,87;79,27;14.05.07;78,35;89,85;
20070515;858;92,66;100,07;77,05;15.05.07;79,10;92,23;
20070516;1003;105,69;118,53;82,39;16.05.07;78,81;91,81;
20070517;1094;93,87;66,41;110,78;17.05.07;78,98;89,52;
20070518;1063;124,65;136,69;119,20;18.05.07;81,01;92,93;
20070519;1191;47,28;49,91;41,63;19.05.07;80,52;89,80;
20070520;687;91,61;144,21;56,13;20.05.07;80,24;93,58;
20070521;843;82,52;117,52;45,75;21.05.07;80,81;91,18;
20070522;937;91,92;133,93;52,91;22.05.07;82,79;91,08;
20070523;979;115,04;161,91;61,90;23.05.07;85,02;92,41;
20070524;1079;104,38;128,54;91,90;24.05.07;86,16;93,92;
20070525;980;125,07;114,57;134,91;25.05.07;86,36;93,97;
20070526;1179;84,29;89,63;88,78;26.05.07;87,01;99,26;
20070527;677;107,65;117,07;113,92;27.05.07;87,70;101,55;
20070528;677;73,40;78,05;73,24;28.05.07;88,32;100,25;
20070529;799;87,06;90,93;96,53;29.05.07;89,59;99,56;
20070530;977;159,36;141,96;186,08;30.05.07;91,16;105,89;
20070531;1097;111,73;132,46;85,37;31.05.07;90,21;106,93;
20070601;984;111,09;60,41;151,16;01.06.07;91,51;104,94;
20070602;1239;80,21;58,64;84,48;02.06.07;92,26;104,36;
20070603;728;63,70;90,72;45,40;03.06.07;91,45;98,08;
20070604;809;176,07;212,27;190,67;04.06.07;95,88;112,75;
20070605;915;123,09;137,15;114,39;05.06.07;98,54;117,89;
20070606;1010;127,91;143,87;125,45;06.06.07;100,31;113,40;
20070607;1103;123,13;137,72;109,88;07.06.07;101,88;115,03;
20070608;1110;119,37;95,20;134,00;08.06.07;102,24;116,21;
20070609;1244;71,90;84,95;66,43;09.06.07;100,97;115,02;
20070610;816;56,83;97,13;40,51;10.06.07;99,50;114,04;
20070611;827;84,12;71,88;79,94;11.06.07;100,00;100,91;
20070612;938;109,48;112,66;99,84;12.06.07;101,48;98,96;
20070613;1049;116,84;125,92;99,78;13.06.07;102,06;97,38;
20070614;1123;106,19;147,03;73,58;14.06.07;102,51;94,96;
20070615;1066;93,22;92,94;82,69;15.06.07;102,10;91,23;
20070616;1184;78,34;72,52;79,10;16.06.07;101,58;92,15;
20070617;806;82,20;73,75;82,02;17.06.07;100,17;95,77;
20070618;877;143,53;180,75;125,63;18.06.07;103,37;104,26;
20070619;969;123,07;136,32;96,65;19.06.07;104,42;106,20;
20070620;1005;121,96;164,30;71,26;20.06.07;105,74;106,93;
20070621;1136;75,82;81,40;72,74;21.06.07;105,20;102,59;
20070622;1095;69,58;96,51;35,22;22.06.07;103,69;99,21;
20070623;1229;110,51;128,98;103,10;23.06.07;103,89;103,81;
20070624;864;65,18;76,44;44,63;24.06.07;101,89;101,38;
20070625;821;76,66;104,58;53,68;25.06.07;101,64;91,82;
20070626;965;75,52;75,29;62,80;26.06.07;100,57;85,03;
20070627;1051;91,40;100,55;99,59;27.06.07;101,17;80,67;
20070628;1121;59,10;70,70;39,31;28.06.07;100,24;78,28;
20070629;1132;114,13;145,86;68,13;29.06.07;98,73;84,64;
20070630;1172;107,40;123,98;108,11;30.06.07;98,58;84,20;
20070701;730;90,76;90,48;90,56;01.07.07;97,91;87,85;
20070702;862;153,72;168,57;140,60;02.07.07;100,36;98,86;
20070703;908;153,22;174,57;145,61;03.07.07;103,34;109,96;
20070704;892;159,69;229,54;104,99;04.07.07;102,80;119,72;
20070705;1008;144,60;144,15;142,10;05.07.07;103,51;131,93;
20070706;1033;121,86;172,63;80,00;06.07.07;103,31;133,03;
20070707;1161;54,21;68,27;37,96;07.07.07;101,01;125,44;
20070708;759;82,92;121,83;79,84;08.07.07;99,80;124,32;
20070709;783;152,30;160,27;154,79;09.07.07;102,48;124,11;
20070710;940;133,91;119,45;146,52;10.07.07;105,05;121,36;
20070711;1025;116,34;135,32;91,37;11.07.07;106,12;115,16;
20070712;1149;98,02;109,22;86,30;12.07.07;105,74;108,51;
20070713;1077;150,71;183,98;158,57;13.07.07;106,87;112,63;
20070714;1253;74,02;68,52;83,54;14.07.07;105,80;115,46;
20070715;755;114,08;166,21;65,67;15.07.07;106,49;119,91;
20070716;788;176,56;150,87;181,77;16.07.07;109,77;123,38;
20070717;937;113,13;133,93;82,31;17.07.07;110,80;120,41;
20070718;988;154,23;193,86;144,97;18.07.07;111,15;125,82;
20070719;1089;82,13;90,97;86,00;19.07.07;109,79;123,55;
20070720;1037;89,44;70,06;100,94;20.07.07;108,70;114,80;
20070721;1171;87,69;73,32;94,09;21.07.07;109,10;116,75;
20070722;762;104,33;138,68;86,76;22.07.07;110,26;115,36;
20070723;800;128,36;140,35;137,73;23.07.07;110,85;108,47;
20070724;922;82,63;64,47;83,65;24.07.07;111,44;104,12;
20070725;1049;91,58;100,74;105,03;25.07.07;111,93;95,17;
20070726;1119;124,33;135,75;123,08;26.07.07;113,56;101,20;
20070727;1073;108,05;129,26;97,55;27.07.07;114,12;103,85;
20070728;1151;97,85;126,24;62,22;28.07.07;115,41;105,31;
20070729;814;65,11;97,37;47,37;29.07.07;113,77;99,70;
20070730;847;97,77;124,76;78,05;30.07.07;113,45;95,33;
20070731;969;129,90;115,87;130,76;31.07.07;114,76;102,09;
20070801;1014;124,14;149,81;108,66;01.08.07;113,77;106,74;
20070802;1115;95,07;106,62;88,93;02.08.07;111,83;102,56;
20070803;1056;122,34;143,85;114,77;03.08.07;110,59;104,60;
20070804;1153;97,68;108,84;114,67;04.08.07;109,02;104,57;
20070805;816;69,01;121,41;47,26;05.08.07;107,26;105,13;
20070806;858;104,24;123,17;89,89;06.08.07;108,93;106,06;
20070807;886;127,12;178,91;118,14;07.08.07;110,40;105,66;
20070808;1005;92,29;105,15;98,67;08.08.07;108,40;101,11;
20070809;1095;75,63;78,41;70,43;09.08.07;106,46;98,33;
20070810;1000;102,69;125,49;71,62;10.08.07;106,01;95,52;
20070811;1134;73,03;81,54;58,30;11.08.07;105,17;92,00;
20070812;802;45,43;57,65;48,08;12.08.07;101,66;88,63;
20070813;782;84,72;84,46;91,58;13.08.07;102,02;85,84;
20070814;892;66,85;81,45;61,76;14.08.07;100,45;77,23;
20070815;968;109,51;150,11;108,13;15.08.07;98,21;79,69;
20070816;1125;106,00;123,29;93,04;16.08.07;97,97;84,03;
20070817;1048;82,18;94,53;63,08;17.08.07;95,57;81,10;
20070818;1143;75,35;98,23;67,48;18.08.07;95,35;81,43;
20070819;793;58,48;83,29;41,68;19.08.07;94,31;83,30;
20070820;833;111,35;126,86;99,20;20.08.07;95,10;87,10;
20070821;931;60,49;63,85;47,34;21.08.07;93,64;86,19;
20070822;999;76,27;105,78;44,12;22.08.07;91,90;81,45;
20070823;1131;58,58;52,56;58,45;23.08.07;91,10;74,67;
20070824;1073;77,18;92,33;66,74;24.08.07;90,62;73,96;
20070825;1114;38,66;53,36;24,73;25.08.07;87,77;68,71;
20070826;781;50,90;42,28;49,38;26.08.07;85,86;67,63;
20070827;747;75,39;123,78;36,87;27.08.07;85,11;62,49;
20070828;834;83,41;102,95;66,06;28.08.07;85,72;65,77;
20070829;1029;74,04;89,86;58,89;29.08.07;84,93;65,45;
20070830;1142;81,22;75,19;91,66;30.08.07;83,31;68,68;
20070831;1111;77,52;77,28;74,38;31.08.07;81,75;68,73;
20070901;1127;41,15;58,60;24,44;01.09.07;79,96;69,09;
20070902;791;46,07;66,80;27,86;02.09.07;77,41;68,40;
20070903;737;161,81;179,23;164,45;03.09.07;79,55;80,75;
20070904;890;115,38;141,00;99,04;04.09.07;81,10;85,31;
20070905;1048;91,66;94,53;89,36;05.09.07;80,68;87,83;
20070906;1190;100,21;77,70;101,85;06.09.07;79,78;90,54;
20070907;1090;109,41;145,43;80,87;07.09.07;80,35;95,10;
20070908;1187;80,93;94,59;69,62;08.09.07;80,53;100,78;
20070909;891;100,38;118,60;86,56;09.09.07;80,45;108,54;
20070910;919;122,55;129,36;101,91;10.09.07;82,10;102,93;
20070911;1035;105,62;76,58;138,39;11.09.07;84,11;101,54;
20070912;1095;99,83;90,48;100,62;12.09.07;84,61;102,70;
20070913;1148;124,08;172,60;91,18;13.09.07;86,52;106,11;
20070914;1130;85,01;111,05;63,38;14.09.07;85,70;102,63;
20070915;1235;67,06;32,09;89,21;15.09.07;84,41;100,65;
20070916;806;65,76;81,94;68,35;16.09.07;83,86;95,70;
20070917;888;44,76;0,00;74,45;17.09.07;82,84;84,59;
20070918;1009;98,49;104,73;98,28;18.09.07;84,17;83,57;
20070919;1058;72,01;56,18;72,90;19.09.07;82,86;79,60;
20070920;1142;121,83;127,24;135,07;20.09.07;84,91;79,27;
20070921;1027;87,09;102,90;75,10;21.09.07;85,27;79,57;
20070922;1176;70,42;89,86;65,58;22.09.07;85,66;80,05;
20070923;775;38,47;34,09;42,65;23.09.07;84,37;76,15;
20070924;881;90,24;44,98;125,06;24.09.07;86,09;82,65;
20070925;1028;106,34;115,65;91,10;25.09.07;87,94;83,77;
20070926;1120;97,60;70,77;108,21;26.09.07;88,68;87,43;
20070927;1247;177,98;121,82;212,05;27.09.07;91,83;95,45;
20070928;1144;118,72;86,60;134,84;28.09.07;93,32;99,97;
20070929;1342;78,99;39,37;106,73;29.09.07;93,25;101,19;
20070930;805;61,72;49,23;68,43;30.09.07;92,72;104,51;
20071001;925;121,76;114,24;125,07;01.10.07;95,41;109,02;
20071002;1120;103,52;94,35;113,13;02.10.07;97,32;108,61;
20071003;1139;81,43;104,38;62,88;03.10.07;94,64;106,30;
20071004;1267;86,28;78,19;78,27;04.10.07;93,67;93,20;
20071005;1219;125,00;97,53;149,14;05.10.07;94,78;94,10;
20071006;1288;69,44;51,28;76,99;06.10.07;93,76;92,74;
20071007;836;55,47;31,60;72,49;07.10.07;91,96;91,84;
20071008;918;126,30;158,28;84,02;08.10.07;93,47;92,49;
20071009;1057;72,08;81,23;62,54;09.10.07;92,53;88,00;
20071010;1126;82,37;129,04;48,93;10.10.07;91,19;88,13;
20071011;1304;68,59;101,30;42,25;11.10.07;89,95;85,61;
20071012;1190;77,94;38,85;106,48;12.10.07;89,23;78,88;
20071013;1261;84,06;73,33;87,38;13.10.07;87,89;80,97;
20071014;811;65,35;65,15;81,51;14.10.07;87,24;82,39;
20071015;887;82,16;81,91;86,95;15.10.07;87,74;76,08;
20071016;1047;151,87;119,86;163,11;16.10.07;90,61;87,48;
20071017;1225;175,77;140,18;211,37;17.10.07;94,98;100,82;
20071018;1195;94,25;105,01;87,59;18.10.07;94,84;104,49;
20071019;1134;111,00;81,54;140,88;19.10.07;96,13;109,21;
20071020;1249;87,52;89,90;83,80;20.10.07;94,99;109,70;
20071021;775;85,49;51,13;99,52;21.10.07;94,94;112,58;
20071022;901;91,91;117,29;61,14;22.10.07;95,65;113,97;
20071023;1084;131,40;158,42;106,72;23.10.07;98,75;111,05;
20071024;1092;157,74;145,16;161,44;24.10.07;101,00;108,47;
20071025;1254;126,80;131,67;140,58;25.10.07;101,68;113,12;
20071026;1168;173,00;101,79;226,40;26.10.07;104,20;121,98;
20071027;1313;121,10;90,54;159,44;27.10.07;102,30;126,78;
20071028;805;45,26;57,43;47,90;28.10.07;99,85;121,03;
20071029;943;98,36;84,05;105,16;29.10.07;100,50;121,95;
20071030;1034;102,52;127,75;69,26;30.10.07;101,86;117,83;
20071031;1118;74,07;70,89;73,91;31.10.07;100,27;105,87;
20071101;1263;81,31;67,98;87,24;01.11.07;99,53;99,37;
20071102;1150;106,58;103,38;124,55;02.11.07;100,37;89,89;
20071103;1298;125,05;147,56;110,35;03.11.07;101,66;90,45;
20071104;814;105,81;105,48;94,75;04.11.07;101,02;99,10;
20071105;956;149,00;124,36;172,88;05.11.07;103,67;106,33;
20071106;1035;172,83;185,06;175,65;06.11.07;107,58;116,38;
20071107;1136;93,31;104,65;96,99;07.11.07;106,48;119,13;
20071108;1254;140,00;105,34;153,76;08.11.07;108,75;127,51;
20071109;1203;121,16;76,86;146,54;09.11.07;110,04;129,59;
20071110;1296;61,34;61,16;55,26;10.11.07;109,80;120,49;
20071111;756;56,96;69,89;51,01;11.11.07;109,10;113,52;
20071112;944;101,76;111,94;81,70;12.11.07;109,69;106,77;
20071113;1058;87,67;37,46;124,97;13.11.07;110,43;94,60;
20071114;1083;128,47;73,18;178,04;14.11.07;111,98;99,62;
20071115;1225;94,64;53,92;130,42;15.11.07;110,07;93,14;
20071116;1144;127,41;75,05;168,54;16.11.07;108,46;94,04;
20071117;1303;83,89;86,17;84,56;17.11.07;108,11;97,26;
20071118;815;56,90;56,73;60,84;18.11.07;106,31;97,25;
20071119;997;63,13;39,75;71,83;19.11.07;105,50;91,73;
20071120;1032;57,78;64,00;53,38;20.11.07;104,57;87,46;
20071121;1107;32,92;47,73;14,93;21.11.07;102,61;73,81;
20071122;1074;58,60;61,50;46,16;22.11.07;100,18;68,66;
20071123;1003;118,90;105,36;137,31;23.11.07;98,88;67,45;
20071124;1222;21,69;16,21;22,54;24.11.07;95,38;58,56;
20071125;684;62,96;77,25;48,32;25.11.07;91,71;59,42;
20071126;903;51,36;51,20;48,81;26.11.07;89,39;57,74;
20071127;1041;108,19;101,51;111,13;27.11.07;91,49;64,94;
20071128;1106;68,89;41,80;84,68;28.11.07;90,50;70,08;
20071129;1269;57,43;78,07;52,09;29.11.07;89,00;69,91;
20071130;1113;77,38;83,08;69,30;30.11.07;89,11;63,98;
20071201;1412;75,07;93,55;66,33;01.12.07;88,90;71,61;
20071202;744;71,24;79,90;66,64;02.12.07;87,72;72,79;
20071203;931;56,93;35,47;71,01;03.12.07;85,45;73,59;
20071204;1091;133,60;72,65;161,58;04.12.07;86,38;77,22;
20071205;1172;183,72;112,71;249,13;05.12.07;87,54;93,62;
20071206;1243;109,26;69,08;128,53;06.12.07;85,42;101,03;
20071207;1239;104,27;90,62;111,16;07.12.07;85,78;104,87;
20071208;1298;68,91;20,35;97,62;08.12.07;83,41;103,99;
20071209;757;100,65;78,52;101,88;09.12.07;82,73;108,19;
20071210;925;78,79;49,98;101,25;10.12.07;83,31;111,31;
20071211;1081;119,51;109,98;122,31;11.12.07;85,40;109,30;
20071212;1160;119,94;119,57;99,73;12.12.07;86,00;100,19;
20071213;1228;89,02;129,08;58,32;13.12.07;86,05;97,30;
20071214;1168;70,90;62,20;75,47;14.12.07;84,13;92,53;
20071215;1177;64,73;67,34;60,85;15.12.07;83,13;91,93;
20071216;762;73,90;86,68;50,61;16.12.07;81,35;88,11;
20071217;876;86,97;98,02;62,89;17.12.07;81,45;89,28;
20071218;1008;98,59;78,63;109,31;18.12.07;82,84;86,29;
20071219;1007;105,27;98,38;98,47;19.12.07;84,24;84,20;
20071220;1110;95,50;83,30;109,19;20.12.07;85,50;85,12;
20071221;1078;64,53;42,89;76,66;21.12.07;86,56;84,21;
20071222;1079;55,26;73,45;45,95;22.12.07;86,44;82,86;
20071223;700;56,79;84,92;47,22;23.12.07;84,37;80,41;
20071224;744;102,40;71,02;118,47;24.12.07;87,06;82,62;
20071225;318;125,00;145,39;121,27;25.12.07;89,13;86,39;
20071226;565;58,63;46,76;58,50;26.12.07;89,38;79,73;
20071227;844;105,97;93,91;97,91;27.12.07;89,30;81,23;
20071228;835;186,46;166,11;197,93;28.12.07;93,22;98,64;
20071229;996;116,41;92,84;127,22;29.12.07;95,19;107,38;
20071230;676;68,60;87,93;48,90;30.12.07;94,89;109,07;
20071231;759;87,29;95,72;79,84;31.12.07;95,30;106,91;
20080101;575;63,37;57,43;76,65;01.01.08;95,04;98,10;
20080102;802;95,00;123,53;68,69;02.01.08;96,31;103,30;
20080103;1000;82,81;105,68;60,60;03.01.08;94,61;99,99;
20080104;986;87,35;73,68;89,40;04.01.08;91,40;85,83;
20080105;1155;57,36;28,59;76,32;05.01.08;89,67;77,40;
20080106;713;65,04;46,32;69,54;06.01.08;88,36;76,89;
20080107;805;78,18;57,43;82,12;07.01.08;88,67;75,59;
20080108;1059;84,46;68,60;98,84;08.01.08;88,13;78,60;
20080109;1050;123,04;150,97;94,44;09.01.08;89,61;82,61;
20080110;1210;104,03;109,17;104,72;10.01.08;89,09;85,64;
20080111;1113;56,55;71,21;34,65;11.01.08;86,98;81,24;
20080112;1204;57,78;49,37;59,48;12.01.08;85,94;81,30;
20080113;699;71,09;47,24;102,46;13.01.08;85,95;82,16;
20080114;912;90,81;72,42;90,61;14.01.08;86,81;83,96;
20080115;1036;95,92;108,38;74,45;15.01.08;87,55;85,60;
20080116;1084;94,73;121,86;66,07;16.01.08;87,81;81,56;
20080117;1180;72,99;100,75;37,35;17.01.08;86,95;77,12;
20080118;1124;47,15;41,13;53,91;18.01.08;85,02;75,78;
20080119;1234;59,06;64,23;66,97;19.01.08;83,80;75,96;
20080120;752;79,29;87,83;58,61;20.01.08;84,29;77,14;
20080121;817;81,09;80,84;87,66;21.01.08;85,15;75,75;
20080122;995;83,23;73,02;88,59;22.01.08;86,04;73,93;
20080123;1088;137,01;121,41;126,59;23.01.08;87,19;79,97;
20080124;1235;88,51;69,52;98,14;24.01.08;85,97;82,19;
20080125;1140;92,98;110,08;82,15;25.01.08;87,12;88,74;
20080126;1275;83,14;88,06;64,81;26.01.08;86,36;92,18;
20080127;688;86,67;76,80;96,09;27.01.08;83,03;93,23;
20080128;928;89,24;85,41;94,98;28.01.08;82,13;94,40;
20080129;1040;66,89;50,81;90,05;29.01.08;82,07;92,06;
20080130;905;36,60;43,79;30,44;30.01.08;80,38;77,72;
20080131;1210;93,08;141,92;54,63;31.01.08;81,37;78,37;
20080201;1163;99,69;68,15;108,95;01.02.08;81,53;79,33;
20080202;1241;48,05;58,54;39,95;02.02.08;80,37;74,32;
20080203;747;44,34;61,89;22,12;03.02.08;78,93;68,27;
20080204;932;117,29;134,65;94,58;04.02.08;80,93;72,28;
20080205;1002;99,18;118,65;71,47;05.02.08;82,07;76,89;
20080206;1091;85,02;102,92;80,79;06.02.08;82,30;83,81;
20080207;1261;52,54;41,90;56,79;07.02.08;81,23;78,02;
20080208;1111;77,52;71,34;74,38;08.02.08;79,72;74,85;
20080209;1224;59,54;48,56;58,51;09.02.08;78,23;76,49;
20080210;771;64,45;68,53;57,16;10.02.08;78,50;79,36;
20080211;927;89,34;85,50;89,14;11.02.08;79,55;75,37;
20080212;993;90,07;146,33;66,57;12.02.08;80,18;74,07;
20080213;1033;102,62;70,33;122,66;13.02.08;80,57;76,58;
20080214;1220;89,60;86,62;85,80;14.02.08;80,36;81,88;
20080215;1128;114,53;128,82;87,91;15.02.08;81,02;87,16;
20080216;1263;41,96;62,75;30,53;16.02.08;79,99;84,65;
20080217;726;45,63;36,39;45,53;17.02.08;79,94;81,96;
20080218;808;106,59;138,96;95,45;18.02.08;81,52;84,43;
20080219;928;114,23;120,99;94,98;19.02.08;82,69;87,88;
20080220;1078;73,75;79,65;61,32;20.02.08;82,44;83,76;
20080221;1156;83,10;102,84;57,19;21.02.08;82,44;82,83;
20080222;1063;81,02;86,99;77,74;22.02.08;80,57;78,04;
20080223;1327;89,87;99,54;83,03;23.02.08;80,62;84,88;
20080224;783;71,92;109,66;42,21;24.02.08;79,92;88,64;
20080225;871;83,67;83,41;75,90;25.02.08;79,93;85,37;
20080226;1059;103,22;106,03;98,84;26.02.08;80,48;83,79;
20080227;1135;67,13;40,73;87,37;27.02.08;79,75;82,85;
20080228;1169;90,68;84,75;89,54;28.02.08;80,54;83,93;
20080229;1104;81,01;119,65;54,89;29.02.08;82,02;83,93;
20080301;1317;80,49;90,27;66,93;01.03.08;81,60;82,59;
20080302;721;105,67;119,09;84,05;02.03.08;81,80;87,41;
20080303;919;122,55;158,11;113,90;03.03.08;84,28;92,97;
20080304;931;160,11;170,26;171,60;04.03.08;88,14;101,09;
20080305;1107;95,76;89,50;109,48;05.03.08;87,43;105,18;
20080306;1141;113,23;104,19;130,36;06.03.08;87,89;108,40;
20080307;1120;91,69;129,74;59,03;07.03.08;88,12;109,93;
20080308;1241;85,42;127,73;48,83;08.03.08;89,21;110,63;
20080309;705;51,69;74,95;54,70;09.03.08;88,35;102,92;
20080310;921;64,74;93,23;29,91;10.03.08;88,52;94,66;
20080311;1001;39,71;59,38;27,52;11.03.08;87,70;77,46;
20080312;1098;99,56;84,21;100,35;12.03.08;88,04;78,00;
20080313;1227;51,29;64,59;40,41;13.03.08;86,75;69,16;
20080314;1185;89,45;100,33;69,73;14.03.08;86,31;68,84;
20080315;1025;32,32;32,22;32,25;15.03.08;84,40;61,25;
20080316;712;51,18;64,93;30,95;16.03.08;82,29;61,18;
20080317;889;59,62;59,44;49,57;17.03.08;82,88;60,45;
20080318;1069;80,57;86,50;66,99;18.03.08;84,04;66,28;
20080319;1117;77,11;65,04;78,91;19.03.08;83,06;63,08;
20080320;1212;38,26;43,60;31,82;20.03.08;80,53;61,21;
20080321;936;84,94;84,68;76,51;21.03.08;80,90;60,57;
20080322;1165;71,09;68,03;66,20;22.03.08;80,50;66,11;
20080323;663;49,96;39,85;49,86;23.03.08;79,46;65,93;
20080324;811;98,03;105,87;81,51;24.03.08;79,74;71,42;
20080325;881;86,48;119,95;68,78;25.03.08;80,22;72,27;
20080326;1067;74,51;86,66;67,12;26.03.08;79,92;71,90;
20080327;1174;64,90;50,63;84,47;27.03.08;78,64;75,70;
20080328;1064;84,06;31,04;119,09;28.03.08;79,20;75,57;
20080329;1264;34,07;31,35;34,87;29.03.08;77,32;70,29;
20080330;727;77,46;72,68;83,36;30.03.08;77,20;74,21;
20080331;858;108,10;100,07;121,99;31.03.08;78,12;75,65;
20080401;980;60,84;60,66;50,59;01.04.08;76,62;71,99;
20080402;1108;80,72;71,53;84,52;02.04.08;75,23;72,88;
20080403;1169;68,01;56,50;65,98;03.04.08;72,16;73,32;
20080404;1110;65,65;41,65;79,41;04.04.08;71,15;70,69;
20080405;1262;47,25;52,34;48,02;05.04.08;68,96;72,58;
20080406;736;49,51;44,87;52,40;06.04.08;67,55;68,58;
20080407;858;81,08;76,98;77,05;07.04.08;67,40;64,72;
20080408;1000;56,31;46,23;55,09;08.04.08;67,56;64,08;
20080409;1068;86,85;86,58;87,69;09.04.08;68,30;64,95;
20080410;1193;63,86;44,29;73,88;10.04.08;69,10;64,36;
20080411;1112;83,41;89,09;74,31;11.04.08;68,56;66,90;
20080412;1242;45,34;53,18;35,48;12.04.08;68,36;66,62;
20080413;702;66,06;75,27;47,09;13.04.08;67,58;68,99;
20080414;934;53,20;49,50;53,08;14.04.08;68,28;65,01;
20080415;986;47,03;53,59;33,52;15.04.08;68,14;63,68;
20080416;1017;68,40;84,43;48,75;16.04.08;68,44;61,04;
20080417;1149;77,84;68,98;91,10;17.04.08;68,34;63,04;
20080418;1102;78,15;41,95;99,98;18.04.08;68,38;62,29;
20080419;1053;56,63;62,72;41,85;19.04.08;68,99;63,90;
20080420;718;55,36;73,59;76,73;20.04.08;68,01;62,37;
20080421;905;80,53;109,47;66,96;21.04.08;68,32;66,28;
20080422;997;86,39;86,12;71,83;22.04.08;69,53;71,90;
20080423;1076;107,75;73,66;122,88;23.04.08;69,86;77,52;
20080424;1120;97,60;100,25;88,54;24.04.08;70,23;80,34;
20080425;1049;66,31;62,96;73,52;25.04.08;69,96;78,65;
20080426;1199;96,70;104,66;96,49;26.04.08;71,02;84,38;
20080427;713;74,34;92,63;61,81;27.04.08;70,69;87,09;
20080428;904;95,27;116,90;67,03;28.04.08;72,73;89,19;
20080429;986;70,55;66,99;61,46;29.04.08;72,50;86,93;
20080430;1042;89,01;63,39;100,45;30.04.08;71,87;84,26;
20080501;1245;90,46;100,80;88,50;01.05.08;72,85;83,24;
20080502;1094;57,53;84,52;30,21;02.05.08;72,08;81,98;
20080503;1226;64,85;59,26;62,91;03.05.08;71,97;77,43;
20080504;740;71,62;107,10;44,67;04.05.08;72,17;77,04;
20080505;866;42,08;53,39;38,17;05.05.08;72,00;69,44;
20080506;956;76,23;89,81;57,63;06.05.08;72,89;70,25;
20080507;1003;89,17;72,43;109,85;07.05.08;73,16;70,28;
20080508;1190;55,67;55,50;55,55;08.05.08;73,14;65,31;
20080509;1063;87,25;111,84;108,83;09.05.08;73,15;69,55;
20080510;1247;79,69;84,74;97,19;10.05.08;73,68;71,67;
20080511;674;83,55;78,39;81,74;11.05.08;73,69;73,38;
20080512;901;113,97;139,28;85,60;12.05.08;75,97;83,65;
20080513;1065;90,20;74,42;93,11;13.05.08;76,78;85,65;
20080514;1046;85,51;88,40;79,00;14.05.08;77,86;85,12;
20080515;1157;60,12;74,21;57,14;15.05.08;78,29;85,76;
20080516;1071;77,32;74,00;82,30;16.05.08;78,59;84,34;
20080517;1270;49,56;62,41;34,70;17.05.08;77,65;80,03;
20080518;703;47,12;46,98;39,18;18.05.08;76,61;74,83;
20080519;832;47,78;31,75;52,97;19.05.08;76,32;65,37;
20080520;1036;38,37;31,88;47,86;20.05.08;75,75;57,97;
20080521;1053;78,65;69,00;83,71;21.05.08;75,69;56,99;
20080522;1158;82,96;85,55;85,63;22.05.08;75,57;60,25;
20080523;1087;88,38;91,14;70,95;23.05.08;74,93;61,83;
20080524;1185;53,11;72,46;37,19;24.05.08;73,44;62,34;
20080525;693;52,58;66,71;31,80;25.05.08;72,99;63,12;
20080526;702;122,69;131,72;141,26;26.05.08;73,85;73,82;
20080527;873;83,48;30,26;113,59;27.05.08;74,16;80,26;
20080528;1014;68,60;58,62;70,63;28.05.08;73,27;78,83;
20080529;1152;74,76;80,27;76,51;29.05.08;73,41;77,66;
20080530;1079;79,82;48,97;91,90;30.05.08;73,10;76,44;
20080531;1231;72,66;75,11;62,65;31.05.08;72,51;79,23;
20080601;694;33,41;38,07;31,75;01.06.08;71,71;76,49;
20080602;855;73,61;100,42;45,10;02.06.08;72,00;69,48;
20080603;1015;110,96;97,61;108,55;03.06.08;73,31;73,40;
20080604;1083;76,47;91,48;66,13;04.06.08;74,46;74,53;
20080605;1101;69,20;47,99;80,06;05.06.08;74,22;73,73;
20080606;1044;114,23;94,90;131,92;06.06.08;75,06;78,65;
20080607;1275;49,36;31,08;60,49;07.06.08;74,85;75,32;
20080608;735;54,08;53,92;52,47;08.06.08;73,74;78,27;
20080609;852;69,98;69,77;64,66;09.06.08;73,42;77,76;
20080610;989;77,04;66,78;77,98;10.06.08;73,20;72,91;
20080611;983;111,21;120,94;106,48;11.06.08;73,11;77,87;
20080612;1093;69,71;48,34;75,60;12.06.08;72,42;77,94;
20080613;1061;74,93;80,93;67,50;13.06.08;72,07;72,33;
20080614;1269;114,86;72,87;134,58;14.06.08;73,90;81,69;
20080615;711;51,25;55,74;38,74;15.06.08;73,03;81,28;
20080616;889;96,88;74,29;105,35;16.06.08;74,60;85,12;
20080617;999;92,84;66,11;110,29;17.06.08;76,13;87,38;
20080618;1083;82,58;60,99;91,56;18.06.08;77,29;83,29;
20080619;1132;114,13;122,53;107,07;19.06.08;79,81;89,64;
20080620;1118;130,37;135,88;113,33;20.06.08;81,54;97,56;
20080621;1203;74,35;49,41;96,17;21.06.08;81,25;91,77;
20080622;667;54,63;59,41;41,30;22.06.08;80,13;92,25;
20080623;826;72,19;79,96;53,36;23.06.08;80,76;88,73;
20080624;968;164,26;156,93;165,04;24.06.08;84,48;98,93;
20080625;1018;133,41;129,76;140,70;25.06.08;84,84;106,19;
20080626;1101;114,33;113,98;100,07;26.06.08;85,87;106,22;
20080627;1056;87,83;56,29;109,55;27.06.08;86,51;100,14;
20080628;1211;68,38;76,36;54,59;28.06.08;86,30;99,29;
20080629;669;94,08;78,98;123,52;29.06.08;86,77;104,93;
20080630;862;73,01;76,62;63,91;30.06.08;86,79;105,05;
20080701;938;123,60;119,70;123,34;01.07.08;89,79;99,24;
20080702;928;107,09;71,17;136,54;02.07.08;90,91;95,48;
20080703;1108;83,71;95,38;64,64;03.07.08;90,00;91,10;
20080704;892;66,85;66,64;67,94;04.07.08;89,68;88,10;
20080705;1167;53,93;45,28;66,09;05.07.08;89,17;86,04;
20080706;640;41,41;41,28;34,43;06.07.08;86,74;78,51;
20080707;843;94,31;70,51;98,03;07.07.08;88,24;81,56;
20080708;1006;102,08;124,74;71,19;08.07.08;89,84;78,48;
20080709;1020;116,91;64,75;156,63;09.07.08;91,41;79,89;
20080710;1064;136,99;161,39;108,73;10.07.08;93,40;87,50;
20080711;1029;99,80;89,86;96,37;11.07.08;93,02;92,20;
20080712;1148;75,02;28,77;100,77;12.07.08;93,20;95,22;
20080713;654;55,72;40,40;67,39;13.07.08;92,56;97,26;
20080714;890;137,71;163,26;92,85;14.07.08;93,32;103,46;
20080715;911;119,99;137,75;90,71;15.07.08;95,61;106,02;
20080716;932;120,84;134,65;100,49;16.07.08;96,41;106,58;
20080717;1100;87,33;96,07;90,15;17.07.08;96,23;99,49;
20080718;996;89,80;92,84;88,50;18.07.08;96,47;98,06;
20080719;1142;66,72;57,83;72,36;19.07.08;94,89;96,87;
20080720;654;70,91;80,79;58,96;20.07.08;92,91;99,04;
20080721;807;123,14;90,03;143,36;21.07.08;94,53;96,96;
20080722;939;84,67;42,20;117,34;22.07.08;95,53;91,92;
20080723;989;103,83;93,49;100,27;23.07.08;96,59;89,49;
20080724;1030;70,75;76,95;58,83;24.07.08;93,47;87,12;
20080725;1021;68,13;58,22;70,14;25.07.08;91,30;84,02;
20080726;1163;45,57;45,43;42,63;26.07.08;89,00;81,00;
20080727;669;54,47;69,11;41,17;27.07.08;87,89;78,65;
20080728;784;101,41;117,94;70,27;28.07.08;88,99;75,55;
20080729;874;102,33;143,58;56,73;29.07.08;89,27;78,07;
20080730;906;87,75;80,19;85,13;30.07.08;89,76;75,77;
20080731;1023;80,95;103,30;48,47;31.07.08;88,34;77,23;
20080801;1015;94,64;123,64;65,13;01.08.08;87,92;81,02;
20080802;1127;58,79;70,33;48,88;02.08.08;87,09;82,91;
20080803;623;74,44;84,81;53,06;03.08.08;87,34;85,76;
20080804;829;75,92;111,54;53,16;04.08.08;88,08;82,12;
20080805;876;86,97;82,94;81,75;05.08.08;89,60;79,92;
20080806;968;41,06;34,12;39,84;06.08.08;87,82;73,25;
20080807;1012;49,10;39,16;48,99;07.08.08;86,06;68,70;
20080808;1021;68,13;109,97;37,77;08.08.08;84,43;64,92;
20080809;1096;105,78;132,58;100,53;09.08.08;83,39;71,63;
20080810;657;45,38;70,37;25,16;10.08.08;81,58;67,48;
20080811;871;144,52;159,24;177,10;11.08.08;83,89;77,28;
20080812;911;149,08;232,00;96,76;12.08.08;87,00;86,15;
20080813;976;122,18;142,11;95,96;13.08.08;86,49;97,74;
20080814;1046;95,01;107,34;105,33;14.08.08;85,65;104,30;
20080815;1036;86,33;76,50;90,40;15.08.08;84,50;106,90;
20080816;1084;79,45;54,84;111,81;16.08.08;84,24;103,14;
20080817;668;49,59;79,10;32,99;17.08.08;82,90;103,74;
20080818;782;131,32;185,81;84,54;18.08.08;85,05;101,85;
20080819;884;86,19;119,54;49,86;19.08.08;85,56;92,87;
20080820;948;153,75;215,98;92,98;20.08.08;86,58;97,38;
20080821;1053;91,23;119,17;83,71;21.08.08;86,80;96,84;
20080822;1052;107,06;131,84;73,31;22.08.08;86,91;99,80;
20080823;1080;82,81;103,96;66,31;23.08.08;87,31;100,28;
20080824;683;58,20;87,03;48,40;24.08.08;86,98;101,51;
20080825;802;61,96;49,41;61,82;25.08.08;87,53;91,60;
20080826;894;88,93;59,10;104,76;26.08.08;88,68;91,99;
20080827;962;106,75;102,98;97,35;27.08.08;88,85;85,28;
20080828;1077;110,73;159,45;76,73;28.08.08;89,13;88,06;
20080829;1020;97,43;110,08;81,01;29.08.08;89,46;86,69;
20080830;1121;67,97;41,24;83,54;30.08.08;89,02;84,56;
20080831;644;72,01;71,79;68,43;31.08.08;88,27;86,54;
20080901;760;113,32;130,36;101,48;01.09.08;90,09;93,88;
20080902;934;81,57;77,79;76,68;02.09.08;90,32;92,83;
20080903;969;88,88;95,42;102,33;03.09.08;90,76;90,27;
20080904;1095;154,28;162,86;140,87;04.09.08;93,00;96,50;
20080905;1045;88,76;75,84;100,16;05.09.08;94,59;95,26;
20080906;1143;78,25;98,23;72,30;06.09.08;95,56;96,73;
20080907;735;94,64;80,87;104,93;07.09.08;96,45;99,96;
20080908;894;85,22;73,88;92,43;08.09.08;95,76;95,94;
20080909;994;96,64;86,38;105,30;09.09.08;97,47;98,10;
20080910;1051;63,04;62,84;57,66;10.09.08;94,75;94,41;
20080911;1094;105,98;102,63;105,75;11.09.08;93,32;87,50;
20080912;1067;105,56;105,23;108,42;12.09.08;92,76;89,90;
20080913;975;81,54;67,74;84,75;13.09.08;92,31;90,37;
20080914;723;77,89;100,49;53,34;14.09.08;92,03;87,98;
20080915;909;72,88;108,99;42,42;15.09.08;91,81;86,22;
20080916;949;125,66;146,15;98,69;16.09.08;94,35;90,36;
20080917;1065;127,53;167,44;87,94;17.09.08;94,22;99,58;
20080918;1103;87,09;107,78;64,93;18.09.08;94,25;96,88;
20080919;1158;74,38;68,44;80,87;19.09.08;91,61;92,42;
20080920;1142;75,42;104,10;48,24;20.09.08;91,08;91,55;
20080921;697;38,02;56,86;15,81;21.09.08;88,78;85,85;
20080922;922;61,08;78,80;35,85;22.09.08;88,05;84,17;
20080923;1013;107,91;110,84;103,33;23.09.08;89,71;81,63;
20080924;1070;92,88;104,94;77,23;24.09.08;90,74;76,68;
20080925;1178;104,04;84,10;112,24;25.09.08;91,24;79,10;
20080926;1148;72,14;69,04;67,18;26.09.08;90,09;78,78;
20080927;1271;67,76;72,75;52,01;27.09.08;88,66;77,69;
20080928;709;70,08;74,52;85,47;28.09.08;87,75;82,27;
20080929;881;101,52;82,47;106,30;29.09.08;88,87;88,05;
20080930;1003;82,57;98,77;87,88;30.09.08;89,22;84,43;
20081001;1047;60,11;82,01;36,83;01.10.08;87,44;79,75;
20081002;1150;57,61;51,69;57,49;02.10.08;86,65;73,11;
20081003;1114;86,23;88,93;79,12;03.10.08;86,56;75,13;
20081004;1163;71,21;73,83;61,58;04.10.08;83,79;75,62;
20081005;662;60,05;79,82;41,61;05.10.08;82,83;74,19;
20081006;895;99,93;103,31;86,17;06.10.08;83,55;73,96;
20081007;1134;55,50;58,24;43,72;07.10.08;82,25;70,09;
20081008;991;70,20;73,31;66,71;08.10.08;81,75;71,53;
20081009;1076;52,34;79,80;25,60;09.10.08;80,27;70,78;
20081010;1045;95,10;88,48;105,44;10.10.08;81,34;72,05;
20081011;1141;75,48;98,41;62,77;11.10.08;80,32;72,66;
20081012;656;55,55;40,27;67,18;12.10.08;78,66;72,01;
20081013;852;108,86;108,53;116,39;13.10.08;79,57;73,29;
20081014;951;69,66;55,56;86,89;14.10.08;79,29;75,31;
20081015;1025;54,94;57,99;43,00;15.10.08;78,69;73,13;
20081016;1118;44,44;53,17;29,57;16.10.08;75,99;72,01;
20081017;1078;61,46;79,65;45,99;17.10.08;73,79;67,20;
20081018;1140;49,40;46,35;43,49;18.10.08;72,53;63,47;
20081019;692;28,72;47,72;15,92;19.10.08;71,01;59,64;
20081020;848;78,13;85,67;58,47;20.10.08;71,10;55,25;
20081021;965;34,33;47,91;17,13;21.10.08;70,97;50,20;
20081022;970;34,15;47,66;22,72;22.10.08;70,08;47,23;
20081023;1101;54,16;65,99;40,03;23.10.08;68,28;48,62;
20081024;1070;68,11;74,07;61,78;24.10.08;67,46;49,57;
20081025;1111;29,82;29,72;24,79;25.10.08;64,98;46,77;
20081026;685;62,87;96,42;32,17;26.10.08;64,68;51,65;
20081027;882;56,34;74,88;49,97;27.10.08;64,30;48,54;
20081028;938;95,35;140,83;58,73;28.10.08;65,14;57,26;
20081029;1012;104,75;110,95;97,99;29.10.08;65,24;67,34;
20081030;1135;93,39;139,66;63,10;30.10.08;65,61;72,95;
20081031;1082;45,92;79,35;20,37;31.10.08;65,13;69,78;
20081101;1109;47,79;59,56;29,81;01.11.08;64,81;72,34;
20081102;646;46,15;61,34;42,64;02.11.08;63,47;69,96;
20081103;916;68,71;72,10;54,13;03.11.08;63,39;71,72;
20081104;936;60,16;77,62;35,31;04.11.08;63,39;66,70;
20081105;1005;88,99;124,87;60,30;05.11.08;63,03;64,45;
20081106;1200;96,62;99,07;105,59;06.11.08;64,40;64,91;
20081107;1067;99,35;105,23;103,26;07.11.08;65,37;72,54;
20081108;1154;77,50;91,57;76,38;08.11.08;66,21;76,78;
20081109;650;71,35;111,77;59,33;09.11.08;65,41;80,38;
20081110;857;73,44;100,19;57,85;10.11.08;65,35;81,06;
20081111;996;63,19;92,84;38,72;11.11.08;65,60;81,49;
20081112;972;68,16;61,16;62,34;12.11.08;64,24;78,52;
20081113;1075;104,77;98,30;117,87;13.11.08;65,41;79,68;
20081114;1090;85,09;103,01;55,60;14.11.08;66,42;77,64;
20081115;1133;40,93;40,81;34,04;15.11.08;66,30;72,42;
20081116;640;51,76;92,88;17,22;16.11.08;65,98;69,62;
20081117;857;69,58;92,48;38,57;17.11.08;66,65;69,07;
20081118;983;80,88;60,47;100,88;18.11.08;68,39;71,60;
20081119;990;46,84;73,39;22,26;19.11.08;67,35;68,55;
20081120;1068;58,93;55,66;61,90;20.11.08;68,17;62,00;
20081121;1058;93,93;99,88;104,14;21.11.08;70,16;63,26;
20081122;1171;56,58;73,32;37,64;22.11.08;70,24;65,50;
20081123;659;35,19;60,13;8,36;23.11.08;69,14;63,13;
20081124;859;77,13;76,89;70,55;24.11.08;70,72;64,21;
20081125;1011;62,25;58,80;65,39;25.11.08;70,70;61,55;
20081126;995;73,24;73,02;66,44;26.11.08;71,26;65,32;
20081127;898;158,62;220,65;122,70;27.11.08;73,37;79,56;
20081128;949;171,04;222,71;150,93;28.11.08;75,58;90,58;
20081129;1108;155,46;226,52;119,33;29.11.08;77,65;104,70;
20081130;587;90,29;101,27;112,62;30.11.08;79,13;112,58;
20081201;806;205,49;237,64;232,39;01.12.08;84,39;130,91;
20081202;955;166,50;214,39;138,45;02.12.08;88,40;145,81;
20081203;985;97,53;120,70;83,89;03.12.08;89,36;149,28;
20081204;1057;97,15;112,47;83,39;04.12.08;90,59;140,49;
20081205;1058;65,75;87,40;41,66;05.12.08;89,82;125,45;
20081206;1080;82,81;128,43;51,01;06.12.08;89,36;115,08;
20081207;664;49,89;69,63;41,48;07.12.08;87,71;109,30;
20081208;816;89,31;97,13;94,52;08.12.08;88,10;92,71;
20081209;936;138,02;148,18;117,71;09.12.08;90,33;88,64;
20081210;950;87,17;132,09;40,59;10.12.08;90,78;87,16;
20081211;1054;69,14;100,26;41,81;11.12.08;90,98;83,16;
20081212;1080;119,62;134,54;142,83;12.12.08;92,70;90,85;
20081213;1117;68,21;82,78;59,18;13.12.08;91,48;88,77;
20081214;649;66,35;71,24;59,42;14.12.08;90,85;91,12;
20081215;780;93,43;118,55;56,50;15.12.08;92,60;91,71;
20081216;965;51,49;61,60;34,25;16.12.08;92,59;79,35;
20081217;923;82,55;57,25;107,43;17.12.08;93,03;78,68;
20081218;987;70,48;100,38;33,49;18.12.08;92,68;78,88;
20081219;933;56,81;49,55;64,95;19.12.08;93,01;69,90;
20081220;1006;59,27;39,39;71,19;20.12.08;93,02;68,63;
20081221;633;62,80;83,47;60,92;21.12.08;91,99;68,12;
20081222;690;62,41;67,00;55,89;22.12.08;92,18;63,69;
20081223;750;66,25;61,64;73,45;23.12.08;93,22;65,79;
20081224;749;88,45;114,64;95,62;24.12.08;93,59;66,64;
20081225;307;129,48;107,57;125,61;25.12.08;95,83;75,07;
20081226;575;80,65;80,41;67,07;26.12.08;96,08;78,47;
20081227;794;95,96;158,05;62,44;27.12.08;93,99;83,71;
20081228;535;49,53;24,69;82,38;28.12.08;89,94;81,82;
20081229;656;156,54;171,16;159,56;29.12.08;89,98;95,27;
20081230;702;179,31;178,76;211,88;30.12.08;92,95;111,42;
20081231;697;128,32;123,19;126,46;31.12.08;90,37;117,11;
20090101;528;119,20;137,60;114,77;01.01.09;88,80;115,65;
20090102;765;77,94;77,70;79,21;02.01.09;88,14;115,26;
20090103;917;79,47;93,63;96,12;03.01.09;87,55;112,90;
20090104;584;85,08;124,40;75,47;04.01.09;88,20;117,98;
20090105;733;112,98;144,17;97,70;05.01.09;89,20;111,76;
20090106;900;114,10;154,11;91,82;06.01.09;91,34;102,44;
20090107;920;136,82;129,22;167,67;07.01.09;92,93;103,66;
20090108;980;135,21;114,57;146,16;08.01.09;92,83;105,94;
20090109;1002;105,79;105,46;93,47;09.01.09;93,46;109,92;
20090110;1146;72,26;103,74;52,88;10.01.09;93,56;108,89;
20090111;614;64,74;64,54;62,81;11.01.09;91,73;105,99;
20090112;763;138,93;181,78;129,96;12.01.09;94,09;109,69;
20090113;945;105,16;111,83;104,93;13.01.09;95,38;108,42;
20090114;955;131,81;124,49;126,91;14.01.09;96,66;107,70;
20090115;1060;93,75;112,16;109,14;15.01.09;98,07;101,78;
20090116;991;137,05;159,95;127,86;16.01.09;99,89;106,24;
20090117;1140;58,12;57,94;72,49;17.01.09;99,47;104,22;
20090118;659;80,43;90,20;75,24;18.01.09;100,26;106,46;
20090119;752;96,91;96,61;117,21;19.01.09;101,52;100,46;
20090120;916;54,25;36,05;66,16;20.01.09;101,23;93,19;
20090121;969;51,28;47,71;51,17;21.01.09;100,86;81,68;
20090122;1020;61,70;45,33;70,21;22.01.09;100,71;77,10;
20090123;1058;65,75;43,70;78,11;23.01.09;99,95;66,92;
20090124;1069;37,19;24,71;46,38;24.01.09;96,87;63,93;
20090125;590;39,30;55,97;18,67;25.01.09;95,50;58,05;
20090126;816;81,19;121,41;74,26;26.01.09;95,00;55,81;
20090127;928;74,96;64,05;71,24;27.01.09;95,85;58,77;
20090128;954;55,56;20,77;80,84;28.01.09;92,49;59,38;
20090129;1114;59,47;47,43;64,29;29.01.09;88,49;59,06;
20090130;1055;78,50;75,13;73,11;30.01.09;86,83;60,88;
20090131;1067;68,30;55,71;77,45;31.01.09;85,13;65,33;
20090201;623;37,22;42,41;35,37;01.02.09;83,78;65,03;
20090202;817;56,76;40,42;60,69;02.02.09;83,02;61,54;
20090203;858;69,49;61,58;64,21;03.02.09;82,50;60,76;
20090204;976;71,27;74,44;62,09;04.02.09;81,11;63,00;
20090205;1076;70,81;79,80;61,44;05.02.09;79,67;64,62;
20090206;1006;75,73;98,48;54,76;06.02.09;77,63;64,23;
20090207;1109;62,73;47,64;69,55;07.02.09;75,21;63,43;
20090208;611;65,06;75,67;45,08;08.02.09;73,86;67,41;
20090209;775;76,94;51,13;85,30;09.02.09;74,01;70,29;
20090210;897;81,24;73,63;79,84;10.02.09;74,56;71,97;
20090211;977;40,69;60,84;33,83;11.02.09;71,29;67,60;
20090212;1040;82,81;88,91;63,57;12.02.09;70,54;69,31;
20090213;1040;57,33;69,86;47,67;13.02.09;68,06;66,69;
20090214;962;51,65;34,33;57,27;14.02.09;66,66;65,10;
20090215;630;26,29;41,93;8,74;15.02.09;62,96;59,57;
20090216;702;80,22;56,45;86,32;16.02.09;63,70;60,03;
20090217;906;106,03;58,32;139,85;17.02.09;64,55;63,58;
20090218;926;82,28;99,86;59,49;18.02.09;64,07;69,52;
20090219;1059;68,82;49,89;78,03;19.02.09;64,55;67,52;
20090220;980;70,98;67,40;73,08;20.02.09;65,21;69,47;
20090221;1105;62,95;47,82;74,78;21.02.09;65,25;71,08;
20090222;614;53,95;32,27;89,72;22.02.09;64,86;75,03;
20090223;815;93,48;97,25;74,35;23.02.09;66,73;76,93;
20090224;939;88,19;77,37;88,00;24.02.09;68,36;74,38;
20090225;998;69,70;79,42;49,68;25.02.09;67,98;72,58;
20090226;1070;83,59;61,73;97,82;26.02.09;68,27;74,69;
20090227;1067;52,78;55,71;46,47;27.02.09;68,18;72,09;
20090228;1066;40,40;43,37;41,34;28.02.09;67,54;68,87;
20090301;611;43,37;54,05;36,07;01.03.09;66,37;67,36;
20090302;842;118,02;78,44;150,48;02.03.09;68,03;70,87;
20090303;872;117,76;90,89;126,35;03.03.09;70,71;75,09;
20090304;990;113,76;93,40;111,29;04.03.09;72,61;81,38;
20090305;1028;61,22;64,25;64,31;05.03.09;72,34;78,19;
20090306;1012;68,74;58,74;65,32;06.03.09;72,25;80,47;
20090307;1103;63,07;59,88;59,93;07.03.09;71,99;83,71;
20090308;632;41,93;20,90;52,30;08.03.09;70,87;83,50;
20090309;789;104,96;75,34;125,68;09.03.09;72,27;81,64;
20090310;908;76,61;101,84;60,67;10.03.09;72,66;75,76;
20090311;884;108,67;104,60;99,71;11.03.09;73,72;75,03;
20090312;1074;49,35;61,50;41,04;12.03.09;72,65;73,33;
20090313;996;56,54;72,94;55,31;13.03.09;73,18;71,59;
20090314;1091;36,44;48,43;25,25;14.03.09;71,64;67,79;
20090315;624;53,09;52,92;70,63;15.03.09;71,50;69,38;
20090316;809;57,33;65,31;40,86;16.03.09;71,68;62,57;
20090317;938;38,85;42,25;29,37;17.03.09;72,10;57,18;
20090318;947;52,47;41,85;52,36;18.03.09;71,18;49,15;
20090319;1060;62,50;93,46;57,17;19.03.09;69,73;51,03;
20090320;1024;38,82;32,25;37,66;20.03.09;68,28;48,50;
20090321;1094;51,48;54,34;45,32;21.03.09;67,70;50,65;
20090322;600;71,77;66,05;73,45;22.03.09;67,73;53,32;
20090323;792;87,83;125,09;62,60;23.03.09;68,56;57,67;
20090324;900;92,02;124,76;67,33;24.03.09;69,82;65,27;
20090325;916;101,26;108,16;84,20;25.03.09;70,08;72,24;
20090326;1043;85,75;101,32;63,38;26.03.09;70,00;75,56;
20090327;1016;88,03;104,01;81,33;27.03.09;70,61;82,59;
20090328;1049;72,63;75,55;78,78;28.03.09;70,25;85,61;
20090329;588;56,34;67,40;46,85;29.03.09;70,37;83,41;
20090330;788;79,87;75,43;83,89;30.03.09;71,68;82,27;
20090331;795;83,34;58,15;97,01;31.03.09;73,01;81,03;
20090401;975;84,94;101,61;56,50;01.04.09;71,91;78,70;
20090402;1006;105,37;85,35;109,52;02.04.09;71,50;81,50;
20090403;997;86,39;79,50;93,93;03.04.09;70,59;81,27;
20090404;1081;70,48;48,88;81,54;04.04.09;70,89;80,96;
20090405;640;62,11;61,92;51,65;05.04.09;70,67;81,78;
20090406;796;141,49;66,38;193,78;06.04.09;73,29;90,59;
20090407;871;95,08;53,08;120,17;07.04.09;75,06;92,27;
20090408;895;81,43;22,14;116,95;08.04.09;74,27;91,76;
20090409;951;128,88;104,18;127,44;09.04.09;76,02;95,12;
20090410;859;84,84;84,58;76,96;10.04.09;75,22;94,90;
20090411;958;107,19;151,67;115,01;11.04.09;77,15;100,15;
20090412;571;81,22;69,40;77,18;12.04.09;77,97;102,88;
20090413;727;113,91;136,27;98,51;13.04.09;80,56;98,94;
20090414;775;175,25;153,40;170,60;14.04.09;84,63;110,39;
20090415;872;91,17;83,32;82,13;15.04.09;85,76;111,78;
20090416;936;106,17;84,68;123,60;16.04.09;88,00;108,54;
20090417;924;75,29;64,33;89,43;17.04.09;88,76;107,17;
20090418;1053;59,77;56,45;57,55;18.04.09;88,67;100,40;
20090419;619;10,70;21,34;0,00;19.04.09;87,73;90,32;
20090420;786;84,29;117,64;49,06;20.04.09;88,83;86,09;
20090421;899;66,33;88,16;61,28;21.04.09;88,64;70,53;
20090422;941;66,89;91,25;52,69;22.04.09;87,95;67,06;
20090423;1133;64,32;81,61;53,49;23.04.09;87,02;61,08;
20090424;1053;44,04;50,18;41,85;24.04.09;85,12;56,62;
20090425;1031;83,54;96,09;64,12;25.04.09;85,04;60,01;
20090426;602;60,53;65,83;64,06;26.04.09;84,13;67,13;
20090427;771;107,41;119,93;107,18;27.04.09;85,29;70,44;
20090428;894;88,93;88,65;104,76;28.04.09;86,37;73,66;
20090429;924;71,70;114,37;35,77;29.04.09;86,10;74,35;
20090430;1047;79,10;63,08;78,93;30.04.09;85,96;76,46;
20090501;1025;54,94;57,99;48,37;01.05.09;84,96;78,02;
20090502;1004;69,29;52,63;71,33;02.05.09;83,76;75,98;
20090503;658;60,41;70,26;58,61;03.05.09;82,89;75,97;
20090504;726;91,26;109,17;68,29;04.05.09;83,58;73,66;
20090505;834;119,16;134,63;99,08;05.05.09;85,48;77,98;
20090506;890;111,66;141,00;99,04;06.05.09;84,49;83,69;
20090507;1038;73,40;76,36;69,00;07.05.09;83,77;82,87;
20090508;995;76,57;86,29;77,51;08.05.09;83,60;85,96;
20090509;1081;58,22;91,65;25,48;09.05.09;81,25;84,38;
20090510;603;38,45;54,77;27,41;10.05.09;79,70;81,25;
20090511;763;117,22;103,88;137,18;11.05.09;80,04;84,96;
20090512;892;92,84;103,66;86,46;12.05.09;80,42;81,20;
20090513;911;61,82;72,50;48,38;13.05.09;78,69;74,08;
20090514;1021;81,11;97,03;70,14;14.05.09;75,55;75,18;
20090515;939;49,39;56,27;35,20;15.05.09;74,16;71,29;
20090516;1044;44,42;44,28;42,21;16.05.09;72,10;69,32;
20090517;626;63,50;63,30;61,60;17.05.09;71,71;72,90;
20090518;738;148,12;223,74;111,97;18.05.09;74,65;77,31;
20090519;850;136,40;116,55;149,07;19.05.09;78,84;83,54;
20090520;933;88,76;63,71;118,09;20.05.09;78,99;87,39;
20090521;1061;106,15;87,15;103,85;21.05.09;80,32;90,96;
20090522;975;78,14;115,16;45,20;22.05.09;80,69;95,07;
20090523;1017;52,12;77,93;32,50;23.05.09;80,29;96,17;
20090524;546;78,87;96,77;60,54;24.05.09;81,45;98,37;
20090525;677;127,22;117,07;138,34;25.05.09;82,90;95,38;
20090526;776;157,94;25,53;241,37;26.05.09;86,15;98,46;
20090527;863;149,70;145,41;185,12;27.05.09;87,56;107,16;
20090528;948;125,79;146,31;133,66;28.05.09;88,79;109,97;
20090529;940;109,24;133,50;82,05;29.05.09;90,04;114,41;
20090530;990;97,03;66,71;105,73;30.05.09;90,64;120,83;
20090531;555;107,43;59,50;138,97;31.05.09;92,39;124,91;
20090601;738;85,28;71,60;97,04;01.06.09;92,92;118,92;
20090602;844;109,90;101,73;104,44;02.06.09;94,57;112,05;
20090603;929;82,01;113,75;47,44;03.06.09;94,26;102,39;
20090604;959;75,99;55,10;91,91;04.06.09;92,82;95,27;
20090605;1009;108,34;85,10;114,66;05.06.09;92,71;95,14;
20090606;1026;61,34;38,62;75,17;06.06.09;92,31;90,04;
20090607;569;69,86;104,47;29,05;07.06.09;92,09;84,68;
20090608;780;93,43;101,61;77,69;08.06.09;93,26;85,84;
20090609;850;74,05;108,78;64,81;09.06.09;94,45;80,72;
20090610;960;58,66;89,44;28,69;10.06.09;92,50;77,38;
20090611;955;104,06;89,91;109,60;11.06.09;92,87;81,39;
20090612;926;82,28;106,99;53,54;12.06.09;93,55;77,67;
20090613;1039;73,33;50,85;79,53;13.06.09;93,29;79,38;
20090614;539;61,46;12,25;91,99;14.06.09;93,69;78,18;
20090615;761;113,18;43,40;152,02;15.06.09;95,99;81,00;
20090616;819;117,29;80,64;147,98;16.06.09;97,78;87,18;
20090617;928;67,82;71,17;59,36;17.06.09;95,10;88,49;
20090618;951;125,40;111,12;150,61;18.06.09;94,74;91,54;
20090619;1062;87,34;87,07;77,81;19.06.09;94,69;92,26;
20090620;987;67,12;53,53;72,56;20.06.09;93,39;91,37;
20090621;542;67,23;36,56;81,31;21.06.09;93,02;92,20;
20090622;773;72,85;59,81;78,39;22.06.09;93,72;86,44;
20090623;866;68,85;53,39;82,70;23.06.09;93,38;79,52;
20090624;874;64,43;60,46;56,73;24.06.09;91,29;79,03;
20090625;971;75,05;74,82;68,08;25.06.09;88,53;71,84;
20090626;960;62,11;55,04;74,60;26.06.09;85,61;68,24;
20090627;1006;69,15;65,65;65,71;27.06.09;83,72;68,53;
20090628;545;60,78;60,59;60,65;28.06.09;82,10;67,60;
20090629;677;63,61;68,29;48,82;29.06.09;80,99;66,28;
20090630;804;115,36;98,58;109,63;30.06.09;81,25;72,93;
20090701;973;78,30;74,67;79,27;01.07.09;81,02;74,91;
20090702;842;59,01;31,38;85,06;02.07.09;79,32;72,62;
20090703;927;128,64;114,00;136,69;03.07.09;80,88;82,12;
20090704;860;61,63;61,44;51,25;04.07.09;80,40;81,05;
20090705;539;61,46;61,27;51,10;05.07.09;78,84;81,15;
20090706;673;113,21;49,07;155,53;06.07.09;80,57;88,23;
20090707;829;111,88;79,67;132,91;07.07.09;81,97;87,73;
20090708;843;82,52;78,35;78,42;08.07.09;81,60;88,34;
20090709;929;92,71;85,31;83,02;09.07.09;82,22;93,15;
20090710;963;75,68;82,30;62,93;10.07.09;82,79;85,58;
20090711;927;67,90;57,00;77,26;11.07.09;81,59;86,48;
20090712;543;48,80;60,82;30,44;12.07.09;80,47;84,67;
20090713;689;86,54;76,69;79,96;13.07.09;80,91;80,86;
20090714;793;79,37;83,29;69,47;14.07.09;81,51;76,22;
20090715;854;65,94;69,61;64,51;15.07.09;79,93;73,85;
20090716;893;48,22;59,17;49,35;16.07.09;77,63;67,49;
20090717;904;102,60;87,67;103,60;17.07.09;78,79;71,34;
20090718;963;86,00;116,59;57,21;18.07.09;77,48;73,92;
20090719;526;62,98;75,34;41,89;19.07.09;76,66;75,95;
20090720;698;66,44;75,70;47,36;20.07.09;76,64;73,08;
20090721;799;66,33;82,66;62,05;21.07.09;76,61;71,22;
20090722;828;76,01;95,72;66,53;22.07.09;76,72;72,66;
20090723;895;92,53;29,52;135,42;23.07.09;77,51;78,98;
20090724;925;139,67;142,81;148,89;24.07.09;80,01;84,28;
20090725;956;55,44;69,09;40,34;25.07.09;79,36;79,91;
20090726;557;71,37;83,00;59,34;26.07.09;79,67;81,11;
20090727;709;84,10;74,52;93,24;27.07.09;80,17;83,64;
20090728;794;112,64;66,55;152,64;28.07.09;81,90;90,25;
20090729;836;106,98;110,61;92,26;29.07.09;83,34;94,68;
20090730;898;66,40;51,48;67,48;30.07.09;81,71;90,94;
20090731;904;62,29;80,37;54,85;31.07.09;81,18;79,89;
20090801;943;31,62;35,02;29,21;01.08.09;80,26;76,49;
20090802;534;43,42;61,84;20,63;02.08.09;77,42;72,49;
20090803;674;108,13;117,59;89,91;03.08.09;78,97;75,93;
20090804;698;90,17;66,24;94,71;04.08.09;79,93;72,72;
20090805;800;91,10;57,79;117,07;05.08.09;79,19;70,45;
20090806;876;71,85;82,94;50,31;06.08.09;77,86;71,22;
20090807;884;116,16;119,54;99,71;07.08.09;78,98;78,92;
20090808;949;80,28;76,56;75,47;08.08.09;78,57;85,87;
20090809;524;50,57;63,02;31,54;09.08.09;77,73;86,89;
20090810;694;62,05;66,62;55,57;10.08.09;77,53;80,31;
20090811;756;70,11;104,84;29,15;11.08.09;78,24;77,45;
20090812;825;92,35;96,07;100,16;12.08.09;78,44;77,63;
20090813;868;38,16;53,26;25,39;13.08.09;77,06;72,81;
20090814;883;60,02;74,80;56,15;14.08.09;76,87;64,79;
20090815;943;52,69;77,04;29,21;15.08.09;77,02;60,85;
20090816;574;57,71;57,53;57,59;16.08.09;75,52;61,87;
20090817;672;103,52;108,11;90,18;17.08.09;76,10;67,79;
20090818;761;60,94;60,75;65,15;18.08.09;76,04;66,49;
20090819;809;114,65;146,95;74,91;19.08.09;77,64;69,67;
20090820;888;89,53;126,44;43,43;20.08.09;78,42;77,01;
20090821;903;55,03;58,51;42,71;21.08.09;77,72;76,30;
20090822;948;52,41;62,70;40,68;22.08.09;76,38;76,26;
20090823;565;70,36;81,83;58,50;23.08.09;74,07;78,06;
20090824;696;85,67;66,43;94,98;24.08.09;75,08;75,51;
20090825;745;80,04;106,39;66,55;25.08.09;75,37;78,24;
20090826;828;84,01;63,81;86,49;26.08.09;75,36;73,86;
20090827;879;37,69;45,08;31,34;27.08.09;72,86;66,46;
20090828;922;75,45;42,98;95,60;28.08.09;71,81;69,37;
20090829;904;124,59;94,98;146,26;29.08.09;73,75;79,69;
20090830;558;71,24;106,53;49,36;30.08.09;74,05;79,81;
20090831;662;65,05;49,88;74,90;31.08.09;75,16;76,87;
20090901;787;54,72;58,75;49,00;01.09.09;75,54;73,25;
20090902;821;72,63;88,49;46,97;02.09.09;74,36;71,62;
20090903;906;51,19;51,03;48,64;03.09.09;73,06;73,55;
20090904;924;89,63;71,48;101,36;04.09.09;73,01;75,58;
20090905;942;66,81;70,11;70,18;05.09.09;72,84;67,32;
20090906;581;74,12;79,58;56,89;06.09.09;71,44;67,73;
20090907;629;94,80;52,50;113,86;07.09.09;71,92;71,98;
20090908;767;86,38;111,94;64,64;08.09.09;73,12;76,51;
20090909;899;58,96;36,73;67,41;09.09.09;73,01;74,55;
20090910;1003;92,47;65,85;98,87;10.09.09;73,76;80,45;
20090911;963;79,12;89,16;74,37;11.09.09;73,32;78,95;
20090912;1035;70,41;76,58;63,87;12.09.09;74,39;79,46;
20090913;659;55,29;70,16;33,44;13.09.09;74,24;76,77;
20090914;746;71,05;70,83;59,08;14.09.09;74,85;73,38;
20090915;831;91,68;103,32;72,92;15.09.09;75,98;74,14;
20090916;913;83,45;115,75;54,31;16.09.09;75,31;77,64;
20090917;993;63,38;86,47;44,38;17.09.09;75,39;73,48;
20090918;916;173,58;173,05;168,40;18.09.09;77,36;86,98;
20090919;1039;89,27;57,21;100,74;19.09.09;77,35;89,67;
20090920;570;46,49;34,76;48,32;20.09.09;77,06;88,42;
20090921;762;86,94;60,67;93,99;21.09.09;78,22;90,69;
20090922;788;117,71;117,34;111,86;22.09.09;79,79;94,40;
20090923;917;65,02;43,22;78,10;23.09.09;79,11;91,77;
20090924;971;98,93;27,21;141,84;24.09.09;79,74;96,85;
20090925;945;136,71;41,93;198,21;25.09.09;81,49;91,58;
20090926;1054;144,57;56,40;214,30;26.09.09;85,05;99,48;
20090927;578;103,16;79,99;114,37;27.09.09;85,98;107,58;
20090928;765;129,90;69,07;172,83;28.09.09;86,16;113,72;
20090929;844;129,52;109,56;143,60;29.09.09;88,10;115,40;
20090930;913;156,01;101,28;187,05;30.09.09;91,13;128,40;
20091001;1001;132,37;105,57;159,60;01.10.09;93,72;133,18;
20091002;996;106,43;39,79;143,81;02.10.09;94,85;128,85;
20091003;1038;76,59;76,36;79,61;03.10.09;95,69;119,14;
20091004;577;68,89;57,23;76,38;04.10.09;95,00;114,25;
20091005;795;116,67;74,77;131,66;05.10.09;96,66;112,35;
20091006;843;102,17;86,18;111,10;06.10.09;97,60;108,45;
20091007;906;87,75;80,19;79,05;07.10.09;97,36;98,70;
20091008;962;89,53;68,66;103,08;08.10.09;97,47;92,58;
20091009;975;71,35;94,84;39,55;09.10.09;97,88;87,56;
20091010;1067;96,24;61,90;113,59;10.10.09;98,01;90,37;
20091011;584;107,77;113,09;103,77;11.10.09;98,96;95,93;
20091012;745;88,93;106,39;88,74;12.10.09;99,58;91,96;
20091013;781;93,31;109,94;84,65;13.10.09;100,85;90,70;
20091014;876;102,10;90,48;113,20;14.10.09;101,88;92,75;
20091015;907;58,44;29,13;78,96;15.10.09;100,77;88,31;
20091016;943;105,38;105,06;105,16;16.10.09;101,50;93,17;
20091017;1058;68,88;62,43;78,11;17.10.09;101,69;89,26;
20091018;561;76,76;58,87;88,38;18.10.09;98,46;84,83;
20091019;757;118,15;183,22;50,94;19.10.09;99,42;89,00;
20091020;857;81,17;69,36;90,00;20.10.09;100,58;87,27;
20091021;911;94,54;87,00;90,71;21.10.09;100,83;86,19;
20091022;957;96,92;103,52;86,35;22.10.09;100,14;91,69;
20091023;1012;94,93;104,42;81,66;23.10.09;101,14;90,19;
20091024;1040;95,55;114,31;95,35;24.10.09;101,02;94,00;
20091025;564;76,35;105,39;78,14;25.10.09;99,01;93,95;
20091026;806;82,20;98,33;68,35;26.10.09;96,93;88,81;
20091027;818;89,09;72,67;101,02;27.10.09;96,46;89,94;
20091028;858;115,82;153,96;89,89;28.10.09;95,99;92,98;
20091029;949;69,81;111,35;23,22;29.10.09;94,00;89,11;
20091030;963;79,12;82,30;68,65;30.10.09;91,44;86,85;
20091031;1014;58,80;58,62;65,20;31.10.09;88,99;81,60;
20091101;602;49,52;65,83;27,45;01.11.09;87,09;77,77;
20091102;792;66,92;41,70;83,47;02.11.09;86,77;75,58;
20091103;810;122,69;179,39;61,21;03.11.09;88,56;80,38;
20091104;899;77,38;36,73;98,05;04.11.09;87,25;74,89;
20091105;1001;66,19;59,38;66,04;05.11.09;86,05;74,37;
20091106;1007;82,24;91,82;60,18;06.11.09;85,87;74,82;
20091107;1026;71,03;103,00;37,59;07.11.09;85,25;76,57;
20091108;575;46,09;45,95;38,32;08.11.09;84,41;76,08;
20091109;764;95,39;129,67;50,48;09.11.09;84,38;80,14;
20091110;818;93,14;64,59;101,02;10.11.09;83,89;75,92;
20091111;887;112,04;148,92;80,74;11.11.09;84,67;80,87;
20091112;974;68,02;47,47;73,53;12.11.09;83,82;81,13;
20091113;1029;90,14;89,86;91,01;13.11.09;83,42;82,26;
20091114;1087;57,90;54,69;55,75;14.11.09;83,41;80,39;
20091115;556;59,58;95,03;19,82;15.11.09;81,88;82,31;
20091116;787;84,18;67,14;91,00;16.11.09;82,39;80,71;
20091117;863;111,31;76,53;165,97;17.11.09;83,54;83,31;
20091118;931;56,93;63,85;47,34;18.11.09;81,50;75,44;
20091119;950;94,15;118,19;69,59;19.11.09;81,93;79,17;
20091120;946;80,54;97,74;64,06;20.11.09;81,47;77,80;
20091121;1052;69,27;87,90;68,08;21.11.09;80,54;79,42;
20091122;616;53,78;53,61;53,66;22.11.09;79,17;78,59;
20091123;749;101,72;105,82;102,97;23.11.09;79,38;81,10;
20091124;821;96,84;72,40;100,65;24.11.09;80,06;79,03;
20091125;855;100,73;123,60;70,88;25.11.09;80,68;85,29;
20091126;783;80,38;84,35;70,36;26.11.09;80,39;83,32;
20091127;881;75,20;67,47;81,29;27.11.09;79,03;82,56;
20091128;986;77,27;53,59;89,40;28.11.09;79,28;83,70;
20091129;558;71,24;82,86;59,24;29.11.09;79,02;86,20;
20091130;751;119,09;70,36;139,38;30.11.09;81,03;88,68;
20091201;837;91,03;78,91;85,56;01.12.09;82,41;87,85;
20091202;916;133,80;129,79;156,37;02.12.09;84,64;92,57;
20091203;962;117,08;96,12;143,17;03.12.09;84,46;97,82;
20091204;1018;91,11;84,34;108,23;04.12.09;84,91;100,09;
20091205;967;82,21;102,45;51,27;05.12.09;85,45;100,80;
20091206;595;44,54;66,60;55,55;06.12.09;84,19;96,98;
20091207;818;101,24;72,67;127,96;07.12.09;85,20;94,43;
20091208;871;98,88;144,08;75,90;08.12.09;86,96;95,55;
20091209;922;68,26;78,80;53,78;09.12.09;86,05;86,19;
20091210;1011;58,98;84,93;43,59;10.12.09;84,91;77,89;
20091211;1007;75,66;78,71;60,18;11.12.09;83,70;75,68;
20091212;957;69,23;55,21;69,08;12.12.09;83,74;73,83;
20091213;571;81,22;46,27;96,48;13.12.09;83,45;79,07;
20091214;766;90,81;51,73;115,07;14.12.09;84,54;77,58;
20091215;867;87,88;83,80;82,60;15.12.09;85,49;76,01;
20091216;921;104,30;78,88;107,67;16.12.09;86,16;81,15;
20091217;911;54,54;36,25;60,47;17.12.09;84,26;80,52;
20091218;891;70,64;74,13;55,65;18.12.09;84,72;79,80;
20091219;967;78,79;75,13;74,06;19.12.09;84,21;81,17;
20091220;540;73,61;48,92;81,61;20.12.09;83,98;80,08;
20091221;666;69,63;49,59;74,45;21.12.09;83,99;77,06;
20091222;706;46,92;28,07;70,23;22.12.09;83,76;71,21;
20091223;722;64,23;100,63;38,15;23.12.09;82,51;65,48;
20091224;661;90,21;39,97;125,02;24.12.09;82,29;70,58;
20091225;326;81,29;121,56;84,49;25.12.09;81,64;72,10;
20091226;425;155,89;217,57;103,70;26.12.09;84,16;83,11;
20091227;537;123,37;135,29;92,33;27.12.09;85,77;90,22;
20091228;583;176,14;215,25;141,74;28.12.09;89,06;105,44;
20091229;615;204,68;257,75;152,28;29.12.09;93,51;127,97;
20091230;686;169,01;182,93;192,73;30.12.09;95,17;142,94;
20091231;747;115,30;194,52;73,75;31.12.09;95,98;146,52;
20100101;546;200,21;241,93;171,53;01.01.10;98,20;163,51;
20100102;812;110,15;113,87;94,98;02.01.10;97,96;156,98;
20100103;507;91,47;104,22;86,93;03.01.10;97,98;152,42;
20100104;692;177,12;190,89;214,95;04.01.10;101,14;152,56;
20100105;757;122,53;148,32;123,72;05.01.10;103,74;140,83;
20100106;820;161,59;177,20;161,24;06.01.10;105,75;139,77;
20100107;907;102,26;116,51;91,11;07.01.10;105,86;137,90;
20100108;901;110,30;117,29;110,06;08.01.10;107,26;125,06;
20100109;967;51,38;47,81;56,97;09.01.10;107,01;116,66;
20100110;517;76,89;114,98;42,62;10.01.10;107,05;114,58;
20100111;698;71,19;66,24;71,03;11.01.10;107,12;99,45;
20100112;815;117,87;97,25;135,19;12.01.10;108,34;98,78;
20100113;924;121,89;157,26;119,24;13.01.10;109,38;93,11;
20100114;925;82,37;57,12;95,29;14.01.10;109,19;90,27;
20100115;945;80,62;132,79;29,15;15.01.10;108,40;86,03;
20100116;1068;40,32;49,47;25,79;16.01.10;107,93;84,45;
20100117;548;48,36;24,10;60,32;17.01.10;107,19;80,37;
20100118;692;71,80;76,36;55,73;18.01.10;106,95;80,46;
20100119;928;96,38;106,76;89,05;19.01.10;107,71;77,39;
20100120;978;84,68;87,79;73,23;20.01.10;108,21;72,08;
20100121;1009;91,92;130,92;60,06;21.01.10;109,71;73,44;
20100122;986;50,39;40,19;50,29;22.01.10;109,25;69,12;
20100123;1178;81,55;95,31;88,85;23.01.10;108,96;75,01;
20100124;541;55,11;73,25;40,73;24.01.10;108,09;75,98;
20100125;802;119,78;148,24;89,30;25.01.10;106,89;82,83;
20100126;913;90,71;94,04;72,41;26.01.10;105,80;82,02;
20100127;1019;65,02;71,30;59,47;27.01.10;102,09;79,21;
20100128;1013;114,45;104,32;119,64;28.01.10;99,09;82,43;
20100129;1043;63,52;56,99;73,95;29.01.10;95,57;84,30;
20100130;1178;78,74;78,49;79,50;30.01.10;94,35;83,90;
20100131;541;73,48;61,04;81,46;31.01.10;90,13;86,53;
20100201;783;143,84;67,48;189,97;01.02.10;91,25;89,96;
20100202;897;96,02;110,45;79,84;02.02.10;91,40;90,72;
20100203;964;113,40;82,22;142,87;03.02.10;89,28;97,63;
20100204;1024;129,40;122,55;145,26;04.02.10;89,51;99,77;
20100205;1007;92,11;85,26;93,00;05.02.10;87,19;103,85;
20100206;1160;62,82;62,63;61,74;06.02.10;85,88;101,58;
20100207;546;54,60;48,39;60,54;07.02.10;84,02;98,88;
20100208;805;78,18;82,05;82,12;08.02.10;84,91;89,50;
20100209;881;67,68;97,46;62,53;09.02.10;84,61;85,46;
20100210;950;108,09;111,24;92,78;10.02.10;85,84;84,70;
20100211;1026;96,86;115,87;69,80;11.02.10;85,14;80,05;
20100212;1029;77,26;89,86;64,24;12.02.10;83,65;77,93;
20100213;1276;46,73;36,23;60,44;13.02.10;82,46;75,63;
20100214;647;40,96;71,46;8,51;14.02.10;81,14;73,68;
20100215;778;85,16;118,85;63,73;15.02.10;82,63;74,68;
20100216;899;128,97;146,94;116,43;16.02.10;85,32;83,43;
20100217;1004;75,89;85,52;71,33;17.02.10;85,46;78,83;
20100218;1105;62,95;47,82;69,80;18.02.10;84,34;73,99;
20100219;1051;119,77;50,27;162,49;19.02.10;85,51;80,06;
20100220;1247;58,44;68,85;44,18;20.02.10;84,40;81,73;
20100221;609;76,15;75,92;81,41;21.02.10;85,25;86,76;
20100222;856;61,92;54,01;64,36;22.02.10;84,60;83,44;
20100223;923;86,13;121,65;53,72;23.02.10;85,63;77,32;
20100224;1005;88,99;78,86;98,67;24.02.10;84,61;79,19;
20100225;1033;60,93;38,36;74,66;25.02.10;83,62;78,91;
20100226;1068;80,64;92,76;56,74;26.02.10;84,14;73,32;
20100227;1251;45,01;52,80;44,04;27.02.10;81,82;71,40;
20100228;626;42,33;52,75;26,40;28.02.10;81,12;66,57;
20100301;854;62,06;77,34;64,51;01.03.10;80,56;66,59;
20100302;923;78,96;100,18;53,72;02.03.10;80,74;65,56;
20100303;936;63,70;35,28;76,51;03.03.10;78,07;61,95;
20100304;1019;81,27;71,30;81,09;04.03.10;77,58;64,85;
20100305;1001;86,04;72,58;88,06;05.03.10;76,67;65,63;
20100306;1208;82,27;92,95;77,53;06.03.10;75,10;70,95;
20100307;532;56,04;86,90;31,07;07.03.10;73,89;72,91;
20100308;838;126,49;126,10;105,18;08.03.10;76,02;82,11;
20100309;897;88,63;73,63;98,27;09.03.10;77,15;83,49;
20100310;927;85,76;99,75;59,43;10.03.10;77,40;86,64;
20100311;1031;93,18;83,28;90,84;11.03.10;78,25;88,34;
20100312;1046;85,51;82,09;73,73;12.03.10;77,50;88,27;
20100313;1176;50,70;67,40;32,79;13.03.10;75,96;83,76;
20100314;559;35,56;11,82;59,13;14.03.10;74,57;80,83;
20100315;846;105,72;101,49;110,70;15.03.10;76,54;77,86;
20100316;889;59,62;59,44;49,57;16.03.10;77,16;73,72;
20100317;911;76,36;65,25;72,57;17.03.10;76,87;72,38;
20100318;1009;85,36;91,64;65,52;18.03.10;75,41;71,26;
20100319;1062;81,10;55,97;88,19;19.03.10;75,59;70,63;
20100320;1167;45,42;39,62;42,49;20.03.10;75,00;69,88;
20100321;547;36,34;24,15;40,29;21.03.10;72,22;69,99;
20100322;776;59,76;25,53;85,19;22.03.10;72,27;63,42;
20100323;857;81,17;123,31;77,14;23.03.10;72,43;66,50;
20100324;905;62,23;58,38;60,87;24.03.10;72,44;64,48;
20100325;1048;53,73;18,91;73,59;25.03.10;71,36;59,96;
20100326;1064;59,15;49,66;62,13;26.03.10;70,37;56,83;
20100327;1212;71,06;32,70;95,45;27.03.10;70,71;60,49;
20100328;550;36,14;0,00;60,10;28.03.10;69,22;60,46;
20100329;816;60,89;56,66;81,01;29.03.10;69,75;60,63;
20100330;937;137,88;155,07;141,11;30.03.10;72,94;68,73;
20100331;948;66,39;48,77;81,36;31.03.10;73,08;69,32;
20100401;1014;91,47;91,19;97,79;01.04.10;73,50;74,71;
20100402;845;121,53;125,06;136,91;02.04.10;75,43;83,62;
20100403;1036;99,12;121,13;69,13;03.04.10;76,02;87,63;
20100404;491;94,45;67,26;112,20;04.04.10;76,30;95,96;
20100405;796;91,55;91,27;76,13;05.04.10;76,61;100,34;
20100406;797;112,22;99,44;103,68;06.04.10;78,48;96,68;
20100407;935;138,17;113,02;147,30;07.04.10;78,87;106,93;
20100408;974;139,44;101,72;164,03;08.04.10;80,57;113,78;
20100409;1008;164,31;144,15;191,28;09.04.10;83,18;119,90;
20100410;1143;69,56;34,67;86,76;10.04.10;82,40;115,67;
20100411;565;46,90;23,38;58,50;11.04.10;81,11;108,88;
20100412;821;121,04;80,45;161,04;12.04.10;83,45;113,09;
20100413;923;132,79;100,18;161,15;13.04.10;86,70;116,03;
20100414;987;97,33;100,38;106,05;14.04.10;86,42;110,20;
20100415;1030;115,78;96,19;139,06;15.04.10;88,29;106,82;
20100416;1030;67,54;83,36;58,83;16.04.10;87,99;92,99;
20100417;1167;45,42;56,60;33,04;17.04.10;86,66;89,54;
20100418;546;66,74;60,48;60,54;18.04.10;86,18;92,38;
20100419;809;110,56;81,64;136,19;19.04.10;88,36;90,88;
20100420;883;123,80;112,20;112,30;20.04.10;91,27;89,59;
20100421;997;59,81;59,62;66,31;21.04.10;91,27;84,23;
20100422;958;58,78;48,26;57,51;22.04.10;90,53;76,09;
20100423;1018;84,60;64,88;97,41;23.04.10;91,27;78,53;
20100424;1172;65,01;67,63;56,41;24.04.10;91,65;81,33;
20100425;532;49,81;37,24;72,49;25.04.10;91,34;78,91;
20100426;827;72,10;79,86;59,95;26.04.10;91,37;73,42;
20100427;858;69,49;100,07;32,10;27.04.10;92,48;65,66;
20100428;905;43,92;51,09;30,44;28.04.10;91,92;63,39;
20100429;1003;62,75;59,26;54,93;29.04.10;89,41;63,96;
20100430;1085;42,74;36,52;45,70;30.04.10;88,62;57,98;
20100501;1173;31,06;50,68;14,09;01.05.10;86,61;53,13;
20100502;574;23,08;23,01;19,20;02.05.10;83,33;49,31;
20100503;809;147,41;163,28;115,76;03.05.10;84,94;60,07;
20100504;870;129,46;136,65;107,65;04.05.10;86,11;68,63;
20100505;942;84,40;84,14;87,72;05.05.10;85,87;74,41;
20100506;1006;69,15;72,22;71,19;06.05.10;84,43;75,33;
20100507;1166;76,71;101,96;42,52;07.05.10;82,38;80,18;
20100508;1222;51,50;43,24;49,59;08.05.10;79,45;83,10;
20100509;558;59,37;71,02;49,36;09.05.10;75,95;88,28;
20100510;821;76,66;96,54;67,10;10.05.10;76,19;78,18;
20100511;873;91,07;121,05;50,48;11.05.10;77,66;72,69;
20100512;995;46,61;46,47;44,29;12.05.10;75,18;67,29;
20100513;990;53,54;33,36;61,21;13.05.10;72,54;65,06;
20100514;1050;100,95;125,80;99,69;14.05.10;72,66;68,53;
20100515;1230;78,10;64,44;85,10;15.05.10;71,40;72,33;
20100516;519;70,21;50,90;74,30;16.05.10;71,49;73,88;
20100517;792;125,48;125,09;132,16;17.05.10;74,16;80,85;
20100518;930;135,35;106,53;154,02;18.05.10;76,45;87,18;
20100519;1032;157,28;147,20;144,13;19.05.10;78,01;102,99;
20100520;1010;114,79;124,25;92,73;20.05.10;77,71;111,74;
20100521;1027;132,24;102,90;150,20;21.05.10;80,12;116,21;
20100522;1202;104,72;87,92;114,58;22.05.10;81,65;120,01;
20100523;561;59,05;70,64;68,74;23.05.10;80,80;118,42;
20100524;797;95,59;82,87;96,77;24.05.10;81,82;114,15;
20100525;895;99,93;81,18;123,11;25.05.10;83,49;109,09;
20100526;929;110,54;78,20;142,32;26.05.10;84,77;102,41;
20100527;971;81,88;54,42;96,45;27.05.10;85,18;97,71;
20100528;1028;90,23;70,67;101,82;28.05.10;86,73;91,71;
20100529;1194;74,91;49,78;92,28;29.05.10;87,13;87,45;
20100530;556;29,79;35,64;19,82;30.05.10;86,70;83,27;
20100531;694;100,24;76,14;127,01;31.05.10;89,01;83,93;
20100601;800;165,63;148,61;206,59;01.06.10;93,76;93,31;
20100602;947;181,89;76,72;273,41;02.06.10;94,91;103,51;
20100603;1009;131,32;72,00;174,72;03.06.10;94,97;110,57;
20100604;1016;97,81;32,50;140,98;04.06.10;95,42;111,66;
20100605;1256;92,31;52,59;114,04;05.06.10;96,19;114,14;
20100606;549;66,37;12,03;100,35;06.06.10;95,85;119,37;
20100607;838;150,21;102,46;177,50;07.06.10;99,14;126,51;
20100608;875;117,36;75,48;132,22;08.06.10;101,07;119,61;
20100609;989;73,69;26,71;100,27;09.06.10;100,97;104,15;
20100610;1036;147,08;82,88;186,12;10.06.10;102,84;106,40;
20100611;1083;100,94;103,68;91,56;11.06.10;104,65;106,85;
20100612;1226;35,13;32,32;35,95;12.06.10;104,03;98,68;
20100613;533;93,22;99,13;82,69;13.06.10;103,78;102,52;
20100614;838;90,92;47,29;118,33;14.06.10;104,20;94,05;
20100615;930;103,30;63,92;118,47;15.06.10;105,31;92,04;
20100616;969;88,88;61,34;96,65;16.06.10;104,09;94,21;
20100617;1040;89,18;101,61;63,57;17.06.10;102,55;85,94;
20100618;1002;119,01;92,28;126,45;18.06.10;101,27;88,52;
20100619;1198;49,77;38,59;55,18;19.06.10;99,10;90,61;
20100620;537;67,86;86,10;51,29;20.06.10;96,96;86,99;
20100621;814;89,53;64,91;108,29;21.06.10;96,45;86,79;
20100622;934;131,23;127,29;147,46;22.06.10;98,86;90,78;
20100623;1083;82,58;67,08;81,39;23.06.10;98,42;89,88;
20100624;1039;89,27;76,28;100,74;24.06.10;98,07;89,89;
20100625;1108;59,79;71,53;39,78;25.06.10;96,38;81,43;
20100626;1207;57,63;32,83;68,46;26.06.10;95,57;82,56;
20100627;535;30,96;12,35;41,19;27.06.10;93,59;77,29;
20100628;810;77,70;65,23;88,42;28.06.10;93,69;75,60;
20100629;964;113,40;68,51;148,58;29.06.10;96,47;73,05;
20100630;962;96,42;96,12;85,90;30.06.10;96,35;75,02;
20100701;984;94,26;80,55;95,18;01.07.10;93,97;75,74;
20100702;983;64,03;47,03;84,06;02.07.10;90,04;76,34;
20100703;1101;45,13;77,99;40,03;03.07.10;87,17;74,56;
20100704;546;30,33;36,29;20,18;04.07.10;84,92;74,47;
20100705;675;39,26;39,14;32,65;05.07.10;83,15;68,98;
20100706;834;111,21;47,52;145,32;06.07.10;84,64;68,66;
20100707;883;93,79;89,76;81,11;07.07.10;82,76;68,29;
20100708;946;140,07;153,60;128,12;08.07.10;83,52;74,83;
20100709;995;66,58;92,93;44,29;09.07.10;83,28;75,20;
20100710;1133;64,32;81,61;38,90;10.07.10;80,52;77,94;
20100711;550;54,21;48,03;50,08;11.07.10;78,97;81,35;
20100712;800;28,98;33,02;27,55;12.07.10;78,76;79,88;
20100713;828;140,02;143,58;146,37;13.07.10;80,32;84,00;
20100714;899;158,44;132,24;177,71;14.07.10;82,57;93,23;
20100715;935;124,00;120,09;117,84;15.07.10;83,26;90,94;
20100716;1011;45,87;52,26;38,14;16.07.10;81,83;87,98;
20100717;1186;36,31;38,98;46,45;17.07.10;80,07;83,98;
20100718;525;50,48;62,90;31,48;18.07.10;77,78;83,44;
20100719;786;71,65;58,82;77,10;19.07.10;78,51;89,54;
20100720;860;88,59;84,48;89,68;20.07.10;79,20;82,19;
20100721;931;99,63;120,60;100,59;21.07.10;79,54;73,79;
20100722;905;65,89;65,68;66,96;22.07.10;77,36;65,49;
20100723;1033;73,76;76,72;69,33;23.07.10;77,07;69,47;
20100724;1084;51,95;30,46;66,07;24.07.10;75,82;71,70;
20100725;536;61,80;61,61;61,67;25.07.10;75,89;73,32;
20100726;774;132,67;145,07;113,88;26.07.10;78,39;82,04;
20100727;866;99,45;122,03;76,34;27.07.10;80,67;83,59;
20100728;897;103,40;73,63;135,12;28.07.10;81,53;84,13;
20100729;917;65,02;86,43;54,07;29.07.10;79,92;84,01;
20100730;972;74,98;108,72;56,68;30.07.10;79,20;84,18;
20100731;1129;85,09;122,85;53,68;31.07.10;78,90;88,92;
20100801;514;90,23;115,65;75,03;01.08.10;79,77;92,98;
20100802;759;117,84;95,72;145,16;02.08.10;82,19;90,86;
20100803;824;112,56;112,22;93,60;03.08.10;84,93;92,73;
20100804;865;99,57;106,90;108,27;04.08.10;86,95;92,18;
20100805;969;85,46;115,87;68,22;05.08.10;86,09;95,10;
20100806;973;64,69;54,30;62,28;06.08.10;85,12;93,63;
20100807;1073;52,48;61,55;41,07;07.08.10;82,20;88,98;
20100808;504;85,44;52,42;98,38;08.08.10;82,83;88,29;
20100809;759;48,01;34,81;58,07;09.08.10;82,28;78,32;
20100810;859;77,13;46,13;89,79;10.08.10;83,05;73,25;
20100811;862;69,17;61,30;70,30;11.08.10;84,39;68,91;
20100812;871;83,67;68,25;88,55;12.08.10;82,51;68,66;
20100813;918;54,13;71,95;30,01;13.08.10;79,03;67,15;
20100814;1142;46,41;23,13;57,89;14.08.10;76,44;66,28;
20100815;481;61,98;41,19;68,72;15.08.10;76,98;62,93;
20100816;742;66,97;35,61;81,67;16.08.10;78,00;65,64;
20100817;792;83,65;33,36;111,29;17.08.10;79,11;66,57;
20100818;852;108,86;155,04;51,73;18.08.10;80,35;72,24;
20100819;929;96,27;92,42;83,02;19.08.10;80,61;74,04;
20100820;923;57,42;64,40;41,78;20.08.10;79,20;74,51;
20100821;1072;80,34;80,09;77,08;21.08.10;79,68;79,36;
20100822;557;71,37;59,29;69,23;22.08.10;79,60;80,70;
20100823;736;76,51;80,76;74,85;23.08.10;80,42;82,06;
20100824;818;105,29;177,63;47,14;24.08.10;81,87;85,15;
20100825;885;97,32;134,33;74,70;25.08.10;80,69;83,50;
20100826;868;83,96;91,31;76,16;26.08.10;80,17;81,74;
20100827;940;95,15;112,42;99,63;27.08.10;79,90;87,13;
20100828;1105;71,95;89,66;59,83;28.08.10;80,13;85,93;
20100829;502;65,99;118,41;21,95;29.08.10;79,83;85,17;
20100830;751;97,04;114,33;73,36;30.08.10;80,23;88,10;
20100831;780;123,16;127,01;98,88;31.08.10;81,33;90,65;
20100901;874;94,75;128,47;69,34;01.09.10;80,56;90,28;
20100902;928;60,68;85,41;35,62;02.09.10;78,83;86,96;
20100903;1020;81,19;64,75;81,01;03.09.10;78,21;84,97;
20100904;1124;56,00;58,76;53,91;04.09.10;77,23;82,69;
20100905;527;37,71;37,60;31,36;05.09.10;76,33;78,65;
20100906;632;52,41;31,35;61,02;06.09.10;76,33;72,27;
20100907;843;113,96;117,52;91,49;07.09.10;77,28;70,96;
20100908;950;87,17;90,38;81,19;08.09.10;78,59;69,88;
20100909;1009;45,96;32,73;60,06;09.09.10;77,55;67,77;
20100910;1032;86,67;102,40;80,07;10.09.10;78,13;68,55;
20100911;1221;21,70;16,23;22,56;11.09.10;76,07;63,66;
20100912;588;45,07;67,40;37,48;12.09.10;75,76;64,71;
20100913;879;71,60;90,17;43,87;13.09.10;76,60;67,45;
20100914;950;80,20;83,43;69,59;14.09.10;77,21;62,63;
20100915;997;63,13;13,25;99,46;15.09.10;77,08;59,19;
20100916;1025;61,40;64,44;48,37;16.09.10;76,34;61,40;
20100917;964;89,34;75,37;102,87;17.09.10;75,69;61,78;
20100918;1207;60,38;71,14;50,21;18.09.10;74,49;67,30;
20100919;504;72,30;65,52;65,58;19.09.10;74,99;71,19;
20100920;804;70,04;98,58;34,26;20.09.10;74,65;70,97;
20100921;821;100,87;104,58;114,07;21.09.10;75,63;73,92;
20100922;885;67,37;37,31;80,92;22.09.10;75,33;74,53;
20100923;993;80,06;26,61;110,96;23.09.10;74,48;77,20;
20100924;1053;91,23;87,81;78,48;24.09.10;74,28;77,46;
20100925;1271;62,55;46,77;73,68;25.09.10;73,57;77,78;
20100926;621;64,01;95,72;44,36;26.09.10;72,53;76,59;
20100927;834;95,33;102,95;105,69;27.09.10;73,31;80,20;
20100928;890;89,33;81,63;99,04;28.09.10;74,09;78,55;
20100929;959;82,90;82,65;91,91;29.09.10;73,62;80,77;
20100930;1050;69,41;50,32;73,45;30.09.10;71,82;79,25;
20101001;1065;80,87;105,43;51,73;01.10.10;71,36;77,77;
20101002;1226;27,02;32,32;17,97;02.10.10;70,24;72,69;
20101003;581;45,61;34,10;56,89;03.10.10;69,05;70,07;
20101004;834;75,47;95,03;72,66;04.10.10;69,70;67,23;
20101005;923;111,26;150,27;113,40;05.10.10;72,15;70,36;
20101006;942;98,46;140,23;70,18;06.10.10;73,69;72,58;
20101007;984;104,36;120,82;106,37;07.10.10;73,37;77,58;
20101008;1035;67,21;70,20;63,87;08.10.10;72,70;75,63;
20101009;1246;55,83;68,91;44,21;09.10.10;73,03;79,74;
20101010;660;55,21;70,05;50,08;10.10.10;71,98;81,11;
20101011;802;70,22;65,88;75,56;11.10.10;73,60;80,36;
20101012;924;64,53;92,92;59,62;12.10.10;74,25;73,69;
20101013;946;52,52;83,78;34,94;13.10.10;73,61;67,13;
20101014;1025;77,56;57,99;91,37;14.10.10;73,53;63,30;
20101015;1060;71,88;105,93;77,96;15.10.10;73,82;63,96;
20101016;1309;45,55;30,27;54,71;16.10.10;73,29;62,50;
20101017;558;77,17;71,02;78,98;17.10.10;72,88;65,63;
20101018;863;30,71;45,92;25,53;18.10.10;71,89;59,99;
20101019;950;83,69;76,48;86,98;19.10.10;72,27;62,73;
20101020;1000;69,56;52,84;77,13;20.10.10;72,26;65,16;
20101021;1076;43,10;67,52;35,84;21.10.10;70,33;60,24;
20101022;1121;65,01;94,27;54,06;22.10.10;70,25;59,26;
20101023;1222;40,66;54,05;31,56;23.10.10;68,94;58,56;
20101024;525;63,10;50,32;73,45;24.10.10;68,00;56,55;
20101025;848;50,78;70,10;38,98;25.10.10;67,61;59,41;
20101026;892;44,56;44,43;37,06;26.10.10;66,96;53,83;
20101027;890;85,61;89,05;86,66;27.10.10;66,64;56,12;
20101028;1008;55,87;65,52;65,58;28.10.10;65,52;57,94;
20101029;1059;78,20;68,60;88,44;29.10.10;65,37;59,83;
20101030;1249;98,13;79,32;105,86;30.10.10;66,32;68,04;
20101031;545;42,55;48,48;30,32;31.10.10;65,05;65,10;
20101101;863;130,51;168,37;102,14;01.11.10;68,50;76,49;
20101102;913;130,62;144,68;114,65;02.11.10;71,33;88,78;
20101103;972;81,79;81,54;73,68;03.11.10;71,54;88,24;
20101104;997;79,74;139,12;38,68;04.11.10;70,49;91,65;
20101105;1025;54,94;32,22;64,50;05.11.10;69,04;88,32;
20101106;1243;58,63;95,64;31,02;06.11.10;67,51;82,68;
20101107;560;65,07;117,94;19,68;07.11.10;67,44;85,90;
20101108;823;92,57;72,23;107,10;08.11.10;68,67;80,48;
20101109;907;131,48;174,77;103,26;09.11.10;71,21;80,60;
20101110;960;79,36;96,32;51,65;10.11.10;71,52;80,26;
20101111;945;87,63;97,85;69,96;11.11.10;72,29;81,38;
20101112;1009;75,51;78,55;81,90;12.11.10;73,05;84,32;
20101113;1245;47,89;26,53;57,52;13.11.10;72,06;82,79;
20101114;514;70,89;64,25;64,31;14.11.10;72,03;83,62;
20101115;849;120,95;23,34;181,69;15.11.10;74,54;87,67;
20101116;929;121,23;63,99;154,18;16.11.10;76,01;86,21;
20101117;981;77,66;67,33;73,00;17.11.10;77,58;85,97;
20101118;1030;73,97;57,71;90,93;18.11.10;77,25;84,02;
20101119;1054;103,71;87,73;120,22;19.11.10;78,39;88,05;
20101120;1288;82,30;71,79;102,65;20.11.10;79,70;92,96;
20101121;609;119,67;86,76;144,74;21.11.10;81,52;99,93;
20101122;849;113,15;70,01;142,75;22.11.10;83,94;98,81;
20101123;899;77,38;44,08;104,17;23.11.10;84,41;92,55;
20101124;854;166,79;46,40;238,68;24.11.10;88,28;105,28;
20101125;869;91,49;98,81;76,07;25.11.10;89,84;107,78;
20101126;941;56,32;42,11;58,54;26.11.10;88,87;101,01;
20101127;1197;66,42;77,25;50,63;27.11.10;89,22;98,75;
20101128;536;67,98;24,64;92,50;28.11.10;88,88;91,36;
20101129;854;159,03;61,87;225,78;29.11.10;90,91;97,92;
20101130;885;183,41;111,94;224,10;30.11.10;95,60;113,06;
20101201;951;94,05;34,73;144,82;01.12.10;94,39;102,67;
20101202;992;100,18;53,26;138,84;02.12.10;93,37;103,91;
20101203;1073;86,44;80,02;92,42;03.12.10;93,53;108,22;
20101204;1196;88,63;66,27;110,55;04.12.10;93,83;111,39;
20101205;543;42,70;12,16;60,87;05.12.10;93,42;107,78;
20101206;838;110,68;133,99;98,61;06.12.10;95,15;100,87;
20101207;984;127,92;134,24;106,37;07.12.10;97,25;92,94;
20101208;930;67,68;56,81;71,08;08.12.10;96,42;89,18;
20101209;897;88,63;66,27;92,12;09.12.10;94,99;87,53;
20101210;1028;61,22;44,97;80,38;10.12.10;94,38;83,92;
20101211;1196;52,62;33,13;59,88;11.12.10;93,22;78,78;
20101212;518;70,34;102,00;42,54;12.12.10;93,05;82,73;
20101213;821;72,63;72,40;67,10;13.12.10;93,87;77,29;
20101214;884;67,45;74,71;56,09;14.12.10;93,76;68,65;
20101215;912;72,64;57,94;78,53;15.12.10;92,15;69,36;
20101216;971;136,46;129,24;147,51;16.12.10;92,65;76,20;
20101217;1051;107,16;125,68;89,11;17.12.10;93,64;82,76;
20101218;1166;79,55;56,64;99,22;18.12.10;93,82;86,60;
20101219;518;89,53;76,50;85,08;19.12.10;93,35;89,35;
20101220;749;128,26;88,18;154,46;20.12.10;94,88;97,29;
20101221;845;156,81;101,61;228,18;21.12.10;96,12;110,06;
20101222;829;163,83;175,28;146,20;22.12.10;97,81;123,08;
20101223;797;124,69;149,17;96,77;23.12.10;99,39;121,40;
20101224;864;126,52;160,53;133,90;24.12.10;98,04;124,17;
20101225;227;131,34;145,48;97,08;25.12.10;99,37;131,57;
20101226;442;104,92;149,43;62,32;26.12.10;100,99;133,77;
20101227;568;87,48;93,02;77,59;27.12.10;101,69;127,94;
20101228;640;134,57;185,76;103,29;28.12.10;103,91;124,76;
20101229;687;53,04;57,68;40,09;29.12.10;100,38;108,94;
20101230;698;161,36;151,40;165,74;30.12.10;99,64;114,18;
20101231;803;45,38;57,58;41,16;31.12.10;98,02;102,58;
20110101;716;83,28;101,47;69,25;01.01.11;97,46;95,72;
20110102;490;60,84;80,87;33,73;02.01.11;96,61;89,42;
20110103;625;74,20;116,24;52,89;03.01.11;96,12;87,52;
20110104;750;119,25;149,71;110,18;04.01.11;98,68;85,34;
20110105;892;44,56;29,62;55,58;05.01.11;96,47;84,12;
20110106;939;74,08;63,30;76,27;06.01.11;94,68;71,66;
20110107;977;74,59;67,60;84,58;07.01.11;94,91;75,83;
20110108;1215;81,79;76,10;81,61;08.01.11;94,68;75,62;
20110109;516;83,46;89,60;85,41;09.01.11;95,42;78,85;
20110110;827;96,13;111,81;106,58;10.01.11;96,87;81,98;
20110111;890;89,33;96,47;86,66;11.01.11;97,50;77,71;
20110112;936;74,32;49,39;88,29;12.01.11;97,56;81,96;
20110113;969;61,53;74,98;56,85;13.01.11;97,36;80,16;
20110114;990;66,92;66,71;83,47;14.01.11;97,17;79,07;
20110115;1169;70,84;45,20;80,11;15.01.11;94,99;77,50;
20110116;507;32,67;39,08;21,73;16.01.11;92,50;70,25;
20110117;723;91,63;63,95;99,06;17.01.11;92,91;69,61;
20110118;872;56,98;22,72;75,81;18.01.11;91,82;64,99;
20110119;899;62,64;36,73;73,54;19.01.11;89,63;63,32;
20110120;897;59,09;51,54;55,27;20.01.11;86,38;62,97;
20110121;968;88,97;61,41;96,75;21.01.11;83,88;66,12;
20110122;1243;61,29;47,82;75,34;22.01.11;81,77;64,75;
20110123;500;72,88;39,63;88,14;23.01.11;79,98;70,50;
20110124;774;107,00;59,73;135,23;24.01.11;79,17;72,69;
20110125;876;204,20;286,51;119,49;25.01.11;82,48;93,72;
20110126;961;113,75;144,33;74,52;26.01.11;83,35;101,03;
20110127;1013;68,67;78,24;59,82;27.01.11;81,16;102,39;
20110128;999;69,63;52,89;71,69;28.01.11;81,71;99,63;
20110129;1197;63,65;82,77;46,02;29.01.11;78,45;99,97;
20110130;571;46,41;34,70;57,89;30.01.11;78,49;96,19;
20110131;815;89,42;81,04;87,87;31.01.11;78,69;93,68;
20110201;870;118,03;106,28;139,31;01.02.11;80,60;81,37;
20110202;905;98,83;116,77;79,13;02.02.11;81,42;79,24;
20110203;965;113,28;116,35;119,89;03.02.11;81,22;85,61;
20110204;945;94,64;111,83;93,27;04.02.11;82,89;89,18;
20110205;1202;66,14;54,95;73,33;05.02.11;82,62;89,54;
20110206;506;52,37;52,21;65,32;06.02.11;81,88;90,39;
20110207;834;59,58;63,35;46,24;07.02.11;81,14;86,13;
20110208;878;56,59;82,75;31,37;08.02.11;80,25;77,35;
20110209;880;86,58;120,09;56,34;09.02.11;79,93;75,60;
20110210;987;104,04;100,38;94,89;10.02.11;80,42;74,28;
20110211;984;97,63;114,11;83,98;11.02.11;81,20;74,70;
20110212;1221;59,69;54,09;54,14;12.02.11;81,14;73,78;
20110213;522;69,81;88,57;52,77;13.02.11;81,23;76,27;
20110214;822;76,57;56,24;80,42;14.02.11;81,42;78,70;
20110215;894;55,58;81,27;30,81;15.02.11;82,19;78,56;
20110216;905;62,23;36,49;73,05;16.02.11;81,21;75,08;
20110217;974;88,43;74,59;90,50;17.02.11;82,25;72,85;
20110218;997;66,45;26,50;99,46;18.02.11;82,38;68,39;
20110219;1213;76,46;92,56;54,50;19.02.11;82,96;70,79;
20110220;537;61,69;73,80;71,81;20.02.11;82,05;69,63;
20110221;699;109,00;122,83;86,69;21.02.11;83,64;74,26;
20110222;829;163,83;143,41;166,13;22.02.11;86,67;89,73;
20110223;902;73,45;65,90;79,40;23.02.11;85,55;91,33;
20110224;1012;144,02;110,95;174,20;24.02.11;83,55;99,27;
20110225;962;137,74;96,12;160,35;25.02.11;84,35;109,46;
20110226;1189;128,16;61,10;171,43;26.02.11;86,33;116,84;
20110227;533;62,15;49,57;72,35;27.02.11;86,08;116,91;
20110228;803;107,26;98,70;109,77;28.02.11;87,53;116,66;
20110301;907;178,96;167,49;200,44;01.03.11;91,95;118,82;
20110302;939;127,00;70,34;152,54;02.03.11;93,21;126,47;
20110303;962;154,95;185,37;125,99;03.03.11;94,44;128,03;
20110304;997;119,61;139,12;104,99;04.03.11;95,13;125,44;
20110305;1244;87,87;63,71;106,28;05.03.11;94,28;119,69;
20110306;521;50,86;88,74;42,30;06.03.11;92,82;118,07;
20110307;788;138,72;217,92;90,88;07.03.11;95,24;122,57;
20110308;878;166,01;195,58;138,04;08.03.11;99,03;120,72;
20110309;930;199,47;220,16;171,79;09.03.11;103,69;131,07;
20110310;1045;136,31;170,65;115,98;10.03.11;106,35;128,41;
20110311;993;136,77;152,98;133,15;11.03.11;108,02;130,86;
20110312;1245;93,12;68,97;106,20;12.03.11;107,66;131,61;
20110313;576;103,52;114,67;95,64;13.03.11;107,86;139,13;
20110314;866;87,98;83,89;95,42;14.03.11;108,80;131,88;
20110315;911;141,81;188,50;133,04;15.03.11;111,20;128,43;
20110316;916;166,35;129,79;186,44;16.03.11;114,19;123,69;
20110317;1083;116,23;128,07;106,82;17.03.11;116,21;120,83;
20110318;1031;147,80;160,15;170,99;18.03.11;119,07;122,40;
20110319;1315;133,51;180,81;138,25;19.03.11;120,57;128,17;
20110320;553;95,84;95,55;99,62;20.03.11;121,55;127,07;
20110321;919;151,39;251,54;77,93;21.03.11;124,05;136,13;
20110322;910;192,93;210,48;181,62;22.03.11;128,42;143,44;
20110323;888;231,28;260,32;192,32;23.03.11;132,50;152,71;
20110324;1099;144,68;150,24;135,34;24.03.11;131,86;156,78;
20110325;1088;130,92;163,90;106,33;25.03.11;133,77;154,37;
20110326;1219;103,26;108,36;108,46;26.03.11;132,42;150,04;
20110327;521;101,73;139,45;95,17;27.03.11;131,22;150,89;
20110328;804;131,84;164,30;116,48;28.03.11;131,34;148,09;
20110329;911;196,35;239,25;181,42;29.03.11;135,81;148,58;
20110330;953;125,13;187,12;92,49;30.03.11;136,41;133,42;
20110331;971;126,23;142,84;124,82;31.03.11;134,65;130,78;
20110401;1000;125,88;151,91;104,67;01.04.11;134,61;130,06;
20110402;1159;65,74;68,38;61,79;02.04.11;131,64;124,70;
20110403;552;72,01;95,72;69,86;03.04.11;130,05;120,45;
20110404;829;71,93;119,51;19,94;04.04.11;129,52;111,90;
20110405;897;103,40;117,81;85,98;05.04.11;131,27;98,62;
20110406;940;130,39;203,76;82,05;06.04.11;130,99;99,37;
20110407;1021;74,62;77,63;70,14;07.04.11;127,95;91,99;
20110408;1016;84,77;110,51;65,07;08.04.11;124,12;86,12;
20110409;1211;51,97;54,54;40,94;09.04.11;121,31;84,16;
20110410;535;74,30;111,11;30,89;10.04.11;119,23;84,48;
20110411;772;98,69;154,00;42,82;11.04.11;119,42;88,31;
20110412;900;88,34;95,40;79,57;12.04.11;118,91;86,15;
20110413;891;111,53;118,60;123,66;13.04.11;119,70;83,46;
20110414;958;110,65;130,99;92,01;14.04.11;118,66;88,61;
20110415;992;86,82;99,87;66,64;15.04.11;116,01;88,90;
20110416;1232;67,22;85,78;40,24;16.04.11;114,37;91,08;
20110417;549;30,17;48,12;10,03;17.04.11;110,45;84,77;
20110418;800;86,95;123,84;48,20;18.04.11;108,90;83,10;
20110419;857;96,63;84,77;102,85;19.04.11;108,93;84,28;
20110420;902;80,79;95,19;73,29;20.04.11;106,57;79,89;
20110421;986;117,59;133,97;106,16;21.04.11;104,06;80,88;
20110422;934;81,57;120,21;41,29;22.04.11;99,07;80,13;
20110423;1121;73,88;76,59;78,63;23.04.11;96,71;81,08;
20110424;494;93,88;120,33;66,91;24.04.11;95,48;90,18;
20110425;805;78,18;98,46;75,28;25.04.11;94,64;88,93;
20110426;828;144,02;127,63;166,33;26.04.11;96,05;95,70;
20110427;903;124,73;168,23;103,71;27.04.11;95,81;101,98;
20110428;959;110,53;130,86;74,68;28.04.11;92,95;100,97;
20110429;1010;68,88;78,47;54,54;29.04.11;91,08;99,16;
20110430;900;114,10;132,09;128,54;30.04.11;90,67;104,90;
20110501;572;69,49;92,37;57,79;01.05.11;88,79;101,42;
20110502;776;115,26;178,74;78,09;02.05.11;90,44;106,72;
20110503;886;269,19;357,82;230,06;03.05.11;97,02;124,60;
20110504;850;113,02;155,41;84,26;04.05.11;98,39;122,92;
20110505;982;101,20;127,79;106,59;05.05.11;98,31;121,59;
20110506;1012;104,75;130,53;81,66;06.05.11;97,46;126,71;
20110507;1183;120,41;178,66;79,17;07.05.11;98,98;127,62;
20110508;510;51,96;77,70;32,41;08.05.11;97,89;125,11;
20110509;841;126,04;141,36;124,46;09.05.11;100,36;126,65;
20110510;894;140,80;147,76;129,41;10.05.11;102,58;108,31;
20110511;896;88,73;110,57;86,08;11.05.11;102,24;104,84;
20110512;982;80,96;100,89;84,15;12.05.11;102,00;101,95;
20110513;1016;114,11;156,02;92,18;13.05.11;102,08;103,29;
20110514;1179;53,38;61,62;46,73;14.05.11;100,18;93,71;
20110515;527;94,29;100,26;73,17;15.05.11;100,42;99,76;
20110516;722;87,17;118,92;68,67;16.05.11;101,09;94,21;
20110517;932;74,64;77,95;76,84;17.05.11;102,57;84,75;
20110518;893;85,32;96,15;80,20;18.05.11;102,52;84,27;
20110519;948;150,25;132,37;145,28;19.05.11;104,30;94,17;
20110520;1057;81,48;81,23;83,39;20.05.11;104,33;89,51;
20110521;1266;65,41;78,26;60,92;21.05.11;102,59;91,22;
20110522;546;84,94;36,29;110,99;22.05.11;102,70;89,89;
20110523;801;119,93;131,93;123,80;23.05.11;104,24;94,57;
20110524;861;134,66;130,41;159,96;24.05.11;105,59;103,14;
20110525;890;119,10;118,74;105,23;25.05.11;106,96;107,97;
20110526;927;103,63;135,37;89,14;26.05.11;105,61;101,31;
20110527;982;94,45;60,53;129,03;27.05.11;104,60;103,16;
20110528;1140;69,74;57,94;77,32;28.05.11;103,24;103,78;
20110529;504;72,30;91,73;54,65;29.05.11;103,36;101,97;
20110530;680;112,04;106,84;105,32;30.05.11;103,29;100,85;
20110531;828;140,02;167,51;119,76;31.05.11;105,64;101,61;
20110601;896;96,12;132,68;55,34;01.06.11;105,00;98,33;
20110602;959;86,35;103,31;97,66;02.06.11;98,91;95,86;
20110603;989;66,99;66,78;66,84;03.06.11;97,37;91,94;
20110604;1171;53,75;67,68;37,64;04.06.11;95,79;89,65;
20110605;511;77,79;103,40;53,90;05.06.11;94,89;90,44;
20110606;796;62,42;74,68;55,37;06.06.11;92,96;83,35;
20110607;901;106,62;146,61;61,14;07.06.11;94,78;78,58;
20110608;895;122,14;110,69;129,26;08.06.11;94,65;82,29;
20110609;948;101,33;125,41;69,73;09.06.11;93,34;84,43;
20110610;987;90,62;93,68;94,89;10.06.11;93,40;87,81;
20110611;1196;52,62;66,27;32,24;11.06.11;92,45;87,65;
20110612;542;103,90;158,42;81,31;12.06.11;92,11;91,38;
20110613;783;105,77;118,09;91,47;13.06.11;93,86;97,57;
20110614;841;43,33;54,97;26,20;14.06.11;92,16;88,53;
20110615;931;81,84;99,32;65,09;15.06.11;91,98;82,77;
20110616;975;115,52;115,16;101,70;16.06.11;93,35;84,80;
20110617;1063;77,91;111,84;57,01;17.06.11;93,10;82,98;
20110618;1181;67,32;78,29;65,31;18.06.11;90,33;85,08;
20110619;507;65,34;104,22;54,33;19.06.11;89,80;79,57;
20110620;804;74,16;57,50;75,37;20.06.11;90,09;75,06;
20110621;878;79,23;67,70;87,84;21.06.11;89,90;80,19;
20110622;886;56,08;59,64;43,52;22.06.11;87,77;76,51;
20110623;979;128,58;155,17;112,54;23.06.11;87,57;78,37;
20110624;979;115,04;155,17;95,66;24.06.11;87,43;83,68;
20110625;1159;74,31;79,78;80,81;25.06.11;86,45;84,68;
20110626;496;73,46;66,58;77,75;26.06.11;85,75;85,84;
20110627;794;108,47;158,05;48,57;27.06.11;87,05;90,74;
20110628;851;66,17;54,33;64,74;28.06.11;86,84;88,87;
20110629;894;81,52;73,88;73,95;29.06.11;85,82;92,51;
20110630;980;101,41;60,66;129,29;30.06.11;84,54;88,63;
20110701;1007;88,82;98,38;87,53;01.07.11;84,29;84,88;
20110702;1126;52,95;87,99;14,68;02.07.11;83,18;81,83;
20110703;504;98,59;117,94;76,51;03.07.11;84,23;85,42;
20110704;612;70,37;86,34;72,01;04.07.11;84,79;79,97;
20110705;790;83,86;83,60;83,68;05.07.11;84,99;82,50;
20110706;877;41,55;52,72;31,41;06.07.11;84,29;76,79;
20110707;888;93,26;119,00;74,45;07.07.11;83,85;75,63;
20110708;963;65,36;61,73;68,65;08.07.11;81,96;72,28;
20110709;1139;66,89;57,99;67,71;09.07.11;80,81;74,27;
20110710;513;83,94;90,12;85,91;10.07.11;80,59;72,18;
20110711;741;84,94;124,79;44,61;11.07.11;81,66;74,26;
20110712;830;75,83;79,58;73,01;12.07.11;80,73;73,11;
20110713;891;92,95;126,02;61,83;13.07.11;80,30;80,45;
20110714;929;74,88;92,42;47,44;14.07.11;81,35;77,83;
20110715;977;91,54;155,49;39,47;15.07.11;81,67;81,57;
20110716;1165;51,18;79,37;28,37;16.07.11;79,53;79,32;
20110717;502;59,39;78,94;32,92;17.07.11;78,91;75,82;
20110718;728;72,80;108,87;52,97;18.07.11;79,10;74,08;
20110719;838;126,49;173,39;98,61;19.07.11;81,13;81,32;
20110720;863;92,12;91,84;95,75;20.07.11;81,73;81,20;
20110721;914;90,61;122,85;48,22;21.07.11;82,11;83,45;
20110722;955;62,44;82,99;40,38;22.07.11;82,32;79,29;
20110723;1090;82,05;121,19;60,65;23.07.11;80,77;83,70;
20110724;496;33,39;13,32;44,43;24.07.11;78,05;79,99;
20110725;750;83,92;96,87;80,80;25.07.11;78,37;81,57;
20110726;787;92,60;117,49;56,00;26.07.11;79,01;76,73;
20110727;934;88,67;127,29;58,98;27.07.11;78,35;76,24;
20110728;877;101,98;120,50;81,66;28.07.11;79,54;77,86;
20110729;972;95,42;149,49;73,68;29.07.11;80,01;82,58;
20110730;1151;74,83;91,81;57,44;30.07.11;79,12;81,54;
20110731;498;53,21;66,31;33,19;31.07.11;77,93;84,38;
20110801;752;88,10;131,74;51,28;01.08.11;79,11;84,97;
20110802;769;90,46;85,89;85,97;02.08.11;78,83;84,67;
20110803;803;86,63;106,93;54,88;03.08.11;79,38;84,38;
20110804;860;77,04;53,76;83,28;04.08.11;79,15;80,81;
20110805;956;51,98;62,18;40,34;05.08.11;79,50;74,61;
20110806;1074;30,84;36,90;25,65;06.08.11;77,42;68,32;
20110807;487;74,82;94,93;45,25;07.08.11;77,73;71,41;
20110808;769;94,77;111,65;78,80;08.08.11;78,66;72,36;
20110809;787;63,14;50,35;91,00;09.08.11;77,97;68,46;
20110810;826;44,11;23,99;60,03;10.08.11;76,61;62,39;
20110811;870;91,38;106,28;82,32;11.08.11;77,13;64,43;
20110812;956;69,30;89,81;51,86;12.08.11;76,34;66,91;
20110813;1076;46,18;24,55;66,56;13.08.11;75,38;69,10;
20110814;501;39,67;39,55;32,99;14.08.11;73,65;64,08;
20110815;733;131,06;216,25;45,09;15.08.11;76,31;69,26;
20110816;790;54,51;75,24;27,89;16.08.11;76,15;68,03;
20110817;853;38,83;46,46;38,75;17.08.11;75,02;67,28;
20110818;908;109,45;138,20;91,01;18.08.11;74,45;69,86;
20110819;969;119,65;163,58;73,91;19.08.11;75,37;77,05;
20110820;1102;111,22;167,82;79,99;20.08.11;76,06;86,34;
20110821;501;39,67;65,92;11,00;21.08.11;75,30;86,34;
20110822;762;143,46;216,69;65,07;22.08.11;77,34;88,11;
20110823;821;197,71;257,43;127,49;23.08.11;82,82;108,57;
20110824;871;159,73;227,49;88,55;24.08.11;85,35;125,84;
20110825;906;109,69;131,22;85,13;25.08.11;85,92;125,87;
20110826;954;93,75;145,39;46,20;26.08.11;86,09;122,18;
20110827;1131;87,87;116,79;63,32;27.08.11;85,62;118,84;
20110828;537;55,52;73,80;51,29;28.08.11;84,29;121,10;
20110829;741;125,17;187,18;96,65;29.08.11;85,96;118,49;
20110830;756;61,34;87,36;29,15;30.08.11;86,23;99,01;
20110831;909;91,10;123,52;78,79;31.08.11;86,33;89,21;
20110901;914;90,61;79,49;90,41;01.09.11;86,34;86,48;
20110902;944;105,27;104,95;93,37;02.09.11;86,96;88,13;
20110903;1124;91,36;41,13;132,33;03.09.11;87,44;88,63;
20110904;488;54,30;81,21;22,58;04.09.11;87,52;88,45;
20110905;671;123,42;108,27;123,15;05.09.11;90,60;88,20;
20110906;765;138,56;138,14;115,22;06.09.11;92,73;99,23;
20110907;905;87,85;87,58;97,40;07.09.11;92,50;98,77;
20110908;966;99,45;123,07;79,84;08.09.11;93,71;100,03;
20110909;1098;90,51;108,27;75,26;09.09.11;95,25;97,92;
20110910;1245;95,79;132,63;70,80;10.09.11;95,40;98,55;
20110911;561;53,14;82,41;39,28;11.09.11;94,86;98,39;
20110912;842;110,16;149,04;78,51;12.09.11;96,99;96,49;
20110913;917;111,98;136,85;90,11;13.09.11;99,40;92,70;
20110914;930;78,36;92,32;65,16;14.09.11;97,65;91,34;
20110915;970;85,38;95,33;79,51;15.09.11;98,68;89,33;
20110916;1048;72,70;113,44;42,05;16.09.11;99,81;86,79;
20110917;1241;69,40;74,51;66,59;17.09.11;98,47;83,02;
20110918;553;53,91;47,77;49,81;18.09.11;96,28;83,13;
20110919;819;56,63;88,71;26,91;19.09.11;94,46;75,48;
20110920;844;70,65;70,43;78,33;20.09.11;95,49;69,57;
20110921;941;102,09;133,36;64,40;21.09.11;94,11;72,96;
20110922;984;84,16;87,26;78,38;22.09.11;90,33;72,79;
20110923;1032;93,09;134,40;74,73;23.09.11;88,11;75,70;
20110924;1258;57,93;63,00;52,55;24.09.11;86,38;74,06;
20110925;503;39,51;26,26;43,81;25.09.11;84,57;72,01;
20110926;813;73,34;89,36;47,43;26.09.11;84,09;74,40;
20110927;839;86,86;94,47;72,23;27.09.11;85,13;76,71;
20110928;949;55,85;41,76;63,86;28.09.11;82,82;70,11;
20110929;990;93,69;106,74;72,34;29.09.11;83,90;71,47;
20110930;1017;68,40;84,43;43,34;30.09.11;83,14;67,94;
20111001;1211;82,06;81,81;100,08;01.10.11;82,86;71,39;
20111002;531;37,43;49,75;31,12;02.10.11;80,60;71,09;
20111003;828;92,02;135,60;46,57;03.10.11;80,62;73,76;
20111004;900;73,61;80,72;67,33;04.10.11;81,26;71,87;
20111005;902;66,10;58,58;79,40;05.10.11;79,35;73,33;
20111006;996;86,47;86,21;71,90;06.10.11;77,62;72,30;
20111007;1023;74,48;122,67;48,47;07.10.11;77,17;73,17;
20111008;1173;48,01;73,20;28,18;08.10.11;75,46;68,30;
20111009;514;38,67;38,55;42,87;09.10.11;73,73;68,48;
20111010;778;55,35;76,40;28,32;10.10.11;72,38;63,24;
20111011;816;85,25;137,60;40,51;11.10.11;73,45;64,90;
20111012;893;137,25;192,30;117,21;12.10.11;74,35;75,07;
20111013;950;135,99;152,95;139,17;13.10.11;75,15;82,14;
20111014;986;73,91;100,48;55,87;14.10.11;75,01;82,06;
20111015;1204;68,78;76,80;68,63;15.10.11;74,45;85,03;
20111016;489;54,19;67,53;56,33;16.10.11;73,84;87,25;
20111017;790;96,44;117,05;69,73;17.10.11;74,74;93,12;
20111018;869;114,36;159,61;76,07;18.10.11;76,75;97,28;
20111019;907;51,13;29,13;60,74;19.10.11;76,57;84,97;
20111020;965;72,09;82,13;57,09;20.10.11;76,62;75,84;
20111021;1019;110,53;168,52;59,47;21.10.11;76,90;81,07;
20111022;1185;64,29;83,60;46,49;22.10.11;76,24;80,43;
20111023;553;71,88;47,77;89,66;23.10.11;75,53;82,96;
20111024;755;96,53;122,47;94,86;24.10.11;76,82;82,97;
20111025;883;82,53;89,76;74,87;25.10.11;78,25;78,43;
20111026;926;64,39;64,19;53,54;26.10.11;77,95;80,32;
20111027;982;53,97;26,90;72,93;27.10.11;76,86;77,73;
20111028;1030;51,46;32,06;64,18;28.10.11;76,71;69,29;
20111029;1163;48,42;56,79;37,90;29.10.11;75,20;67,03;
20111030;443;59,82;89,45;24,87;30.10.11;74,91;65,30;
20111031;801;82,71;107,19;68,78;31.10.11;74,94;63,33;
20111101;827;80,11;87,85;59,95;01.11.11;76,36;62,98;
20111102;969;37,60;27,26;51,17;02.11.11;74,54;59,16;
20111103;1050;110,42;88,06;131,17;03.11.11;75,77;67,22;
20111104;1040;111,48;127,01;95,35;04.11.11;77,28;75,80;
20111105;1200;60,73;38,53;73,45;05.11.11;76,43;77,55;
20111106;520;31,85;50,81;10,59;06.11.11;75,01;73,56;
20111107;808;65,60;65,39;75,00;07.11.11;75,59;71,11;
20111108;844;82,42;54,78;110,96;08.11.11;77,05;71,44;
20111109;940;112,77;49,18;152,38;09.11.11;78,96;82,18;
20111110;1032;80,25;64,00;85,41;10.11.11;78,80;77,87;
20111111;1042;66,76;57,05;79,30;11.11.11;76,45;71,48;
20111112;1208;52,10;54,68;63,85;12.11.11;73,65;70,25;
20111113;518;76,74;76,50;85,08;13.11.11;73,75;76,66;
20111114;797;95,59;82,87;110,59;14.11.11;74,64;80,95;
20111115;900;114,10;73,39;165,27;15.11.11;76,64;85,47;
20111116;913;83,45;86,81;96,54;16.11.11;76,20;81,28;
20111117;1006;108,66;111,61;125,95;17.11.11;76,01;85,34;
20111118;1063;109,07;74,56;139,93;18.11.11;77,94;91,39;
20111119;1225;75,72;53,92;89,94;19.11.11;78,07;94,76;
20111120;567;58,42;34,95;77,73;20.11.11;76,33;92,14;
20111121;772;111,56;128,33;85,63;21.11.11;77,90;94,43;
20111122;853;58,25;38,71;71,04;22.11.11;77,45;86,45;
20111123;905;102,49;72,98;121,75;23.11.11;77,65;89,17;
20111124;830;67,85;47,75;86,29;24.11.11;77,16;83,34;
20111125;956;83,16;55,27;103,73;25.11.11;77,78;79,64;
20111126;1129;49,88;35,10;68,31;26.11.11;77,65;75,94;
20111127;498;113,08;119,36;88,50;27.11.11;79,70;83,75;
20111128;817;105,42;88,93;134,86;28.11.11;81,60;82,88;
20111129;861;107,73;130,41;108,77;29.11.11;83,20;89,94;
20111130;983;84,25;53,75;106,48;30.11.11;83,25;87,34;
20111201;1019;104,03;32,41;151,38;01.12.11;84,05;92,51;
20111202;1048;104,31;44,12;141,93;02.12.11;86,27;95,53;
20111203;1123;76,69;70,58;68,68;03.12.11;85,15;99,36;
20111204;510;58,46;64,75;43,21;04.12.11;83,38;91,55;
20111205;819;97,07;96,77;94,17;05.12.11;84,59;90,36;
20111206;896;73,94;36,86;98,38;06.12.11;85,99;85,53;
20111207;864;49,84;30,58;70,14;07.12.11;85,47;80,62;
20111208;951;87,08;48,62;115,86;08.12.11;85,62;78,20;
20111209;1017;71,66;45,46;97,50;09.12.11;84,25;73,53;
20111210;1120;32,53;29,49;29,51;10.12.11;82,66;67,23;
20111211;488;33,94;40,60;22,58;11.12.11;81,57;63,72;
20111212;765;99,59;138,14;72,01;12.12.11;83,15;64,08;
20111213;850;89,63;132,09;45,37;13.12.11;83,58;66,33;
20111214;879;113,06;82,65;125,35;14.12.11;84,16;75,36;
20111215;1007;82,24;65,59;98,47;15.12.11;83,10;74,67;
20111216;1059;118,86;137,21;119,65;16.12.11;84,28;81,41;
20111217;1100;48,18;60,04;45,07;17.12.11;82,27;83,64;
20111218;481;68,87;41,19;80,17;18.12.11;80,93;88,63;
20111219;769;86,15;103,06;85,97;19.12.11;81,27;86,71;
20111220;827;180,25;111,81;233,15;20.12.11;85,34;99,66;
20111221;868;80,14;114,14;50,77;21.12.11;84,29;94,96;
20111222;874;83,38;75,57;88,24;22.12.11;85,13;95,12;
20111223;787;75,76;67,14;70,00;23.12.11;84,23;88,96;
20111224;849;93,64;77,79;116,80;24.12.11;85,09;95,46;
20111225;421;62,95;78,44;52,34;25.12.11;84,42;94,61;
20111226;417;103,27;158,39;39,63;26.12.11;86,20;97,06;
20111227;582;68,30;79,44;66,26;27.12.11;84,71;81,06;
20111228;688;86,67;105,60;56,05;28.12.11;84,08;82,00;
20111229;688;115,55;76,80;136,12;29.12.11;84,34;86,59;
20111230;763;125,90;138,50;101,08;30.12.11;85,73;93,75;
20111231;865;57,44;22,91;76,43;31.12.11;84,18;88,58;
20120101;503;72,44;65,65;65,71;01.01.12;83,12;89,94;
20120102;496;60,11;66,58;66,64;02.01.12;82,56;83,77;
20120103;752;88,10;70,26;95,24;03.01.12;83,55;86,60;
20120104;818;76,94;48,45;94,29;04.01.12;82,88;85,21;
20120105;884;82,44;44,83;112,17;05.01.12;83,16;80,48;
20120106;922;100,60;50,14;137,43;06.01.12;84,86;76,87;
20120107;1078;73,75;73,52;61,32;07.01.12;84,41;79,20;
20120108;535;55,73;74,07;51,49;08.01.12;83,88;76,81;
20120109;787;88,39;58,75;105,00;09.01.12;85,74;80,85;
20120110;845;66,64;31,27;84,75;10.01.12;86,83;77,78;
20120111;924;103,97;64,33;125,20;11.01.12;86,98;81,64;
20120112;957;103,84;103,52;126,64;12.01.12;87,45;84,70;
20120113;1013;98,10;65,20;125,08;13.01.12;86,95;84,35;
20120114;1195;102,56;55,27;138,30;14.01.12;87,63;88,46;
20120115;497;53,32;53,16;55,42;15.01.12;85,45;88,12;
20120116;682;72,86;77,47;64,62;16.01.12;86,27;85,90;
20120117;819;56,63;32,26;80,72;17.01.12;85,86;84,47;
20120118;897;73,86;51,54;79,84;18.01.12;85,45;80,17;
20120119;963;103,20;89,16;108,69;19.01.12;82,88;80,07;
20120120;934;70,93;49,50;82,58;20.01.12;82,58;76,19;
20120121;1151;60,44;51,64;62,22;21.01.12;81,81;70,18;
20120122;507;39,20;65,14;21,73;22.01.12;80,59;68,16;
20120123;756;109,54;96,10;131,17;23.01.12;81,12;73,40;
20120124;896;103,52;29,49;159,86;24.01.12;82,47;80,10;
20120125;959;65,63;27,55;91,91;25.01.12;81,22;78,92;
20120126;927;85,76;64,12;112,91;26.01.12;81,80;76,43;
20120127;964;58,42;54,81;68,58;27.01.12;80,86;74,64;
20120128;1160;51,40;74,02;47,49;28.01.12;78,72;73,35;
20120129;520;38,22;50,81;31,78;29.01.12;75,80;73,21;
20120130;748;128,43;97,13;169,39;30.01.12;78,17;75,91;
20120131;852;69,98;77,52;71,13;31.01.12;78,08;71,12;
20120201;859;134,97;146,09;166,75;01.02.12;80,58;81,03;
20120202;974;57,82;81,37;62,22;02.02.12;79,57;77,03;
20120203;965;102,98;82,13;119,89;03.02.12;80,44;83,40;
20120204;1105;65,95;77,70;64,81;04.02.12;79,89;85,48;
20120205;492;40,40;53,70;22,39;05.02.12;77,88;85,79;
20120206;769;124,92;120,24;143,28;06.02.12;79,59;85,29;
20120207;834;142,99;118,79;165,14;07.02.12;82,50;95,72;
20120208;886;82,25;67,09;87,05;08.02.12;82,29;88,19;
20120209;1004;85,78;72,36;104,25;09.02.12;82,93;92,18;
20120210;1018;68,33;64,88;70,35;10.02.12;81,74;87,23;
20120211;1169;51,01;45,20;51,84;11.02.12;79,98;85,10;
20120212;511;45,38;64,63;21,56;12.02.12;78,22;85,81;
20120213;750;61,83;61,64;51,42;13.02.12;76,87;76,80;
20120214;865;80,42;76,36;108,27;14.02.12;77,77;67,86;
20120215;875;128,72;128,32;125,92;15.02.12;79,63;74,50;
20120216;972;81,79;67,95;102,02;16.02.12;80,47;73,93;
20120217;998;49,79;52,94;49,68;17.02.12;79,67;71,28;
20120218;1132;90,72;58,35;116,80;18.02.12;79,25;76,95;
20120219;546;42,47;60,48;30,27;19.02.12;78,30;76,53;
20120220;662;150,12;79,82;191,40;20.02.12;81,29;89,15;
20120221;796;141,49;74,68;207,63;21.02.12;84,70;97,87;
20120222;917;101,15;64,82;120,15;22.02.12;84,42;93,93;
20120223;970;68,30;47,66;85,19;23.02.12;83,25;92,00;
20120224;976;152,73;121,81;163,69;24.02.12;86,15;106,71;
20120225;1164;133,75;90,79;151,45;25.02.12;87,75;112,86;
20120226;514;51,56;0,00;85,74;26.02.12;87,52;114,16;
20120227;783;55,00;59,05;49,25;27.02.12;87,64;100,57;
20120228;875;113,57;98,13;125,92;28.02.12;90,15;96,58;
20120229;902;146,90;124,48;152,69;29.02.12;90,77;103,12;
20120301;978;91,45;87,79;84,49;01.03.12;91,48;106,42;
20120302;963;99,76;48,01;131,58;02.03.12;90,31;98,86;
20120303;1123;70,79;29,41;98,11;03.03.12;90,74;89,86;
20120304;526;94,46;62,78;104,73;04.03.12;90,46;95,99;
20120305;796;116,52;49,78;152,26;05.03.12;92,15;104,78;
20120306;897;110,79;95,72;110,55;06.03.12;94,49;104,38;
20120307;863;138,18;99,49;178,74;07.03.12;94,93;103,14;
20120308;967;154,15;122,94;176,61;08.03.12;95,31;112,09;
20120309;1051;132,38;131,97;120,56;09.03.12;96,98;116,75;
20120310;1195;24,95;27,63;23,05;10.03.12;94,95;110,21;
20120311;503;46,10;65,65;32,86;11.03.12;94,21;103,30;
20120312;834;71,49;47,52;85,87;12.03.12;94,89;96,86;
20120313;871;64,65;91,00;50,60;13.03.12;95,53;90,27;
20120314;958;69,16;82,73;57,51;14.03.12;95,78;80,41;
20120315;969;64,95;47,71;79,59;15.03.12;95,26;67,67;
20120316;1002;72,73;79,10;60,48;16.03.12;93,40;59,15;
20120317;1181;53,29;55,92;51,31;17.03.12;92,45;63,20;
20120318;524;31,61;50,42;21,03;18.03.12;91,84;61,13;
20120319;774;107,00;128,00;85,41;19.03.12;92,38;66,20;
20120320;855;104,61;139,05;57,99;20.03.12;94,45;71,91;
20120321;799;124,38;123,99;144,79;21.03.12;93,60;79,79;
20120322;1029;67,60;96,28;42,83;22.03.12;91,13;80,17;
20120323;994;93,31;146,18;60,96;23.03.12;90,87;83,11;
20120324;1162;51,31;68,21;52,15;24.03.12;90,30;82,83;
20120325;515;51,46;89,77;32,09;25.03.12;86,93;85,67;
20120326;790;79,67;83,60;90,65;26.03.12;85,13;81,76;
20120327;854;116,37;77,34;135,47;27.03.12;87,29;83,44;
20120328;908;149,58;145,48;133,48;28.03.12;90,44;87,04;
20120329;913;83,45;86,81;72,41;29.03.12;89,44;89,31;
20120330;932;103,07;127,56;70,93;30.03.12;87,97;90,70;
20120331;1198;91,25;82,70;87,37;31.03.12;87,97;96,41;
20120401;514;141,78;128,50;171,49;01.04.12;89,37;109,31;
20120402;772;154,47;77,00;221,22;02.04.12;92,16;120,00;
20120403;862;134,50;122,59;153,38;03.04.12;93,49;122,59;
20120404;867;126,08;182,83;114,37;04.04.12;93,81;119,23;
20120405;992;116,87;126,50;94,41;05.04.12;94,01;124,01;
20120406;863;88,28;76,53;89,37;06.04.12;92,35;121,89;
20120407;1158;91,54;79,85;90,39;07.04.12;90,26;121,93;
20120408;519;76,59;101,81;53,07;08.04.12;88,40;112,62;
20120409;731;126,88;99,39;135,65;09.04.12;91,80;108,68;
20120410;770;116,15;60,04;150,25;10.04.12;94,14;106,06;
20120411;889;85,70;44,58;117,74;11.04.12;94,61;100,29;
20120412;921;136,67;107,57;167,48;12.04.12;97,01;103,12;
20120413;999;112,74;112,39;121,32;13.04.12;98,46;106,61;
20120414;1115;83,19;47,39;98,82;14.04.12;99,07;105,42;
20120415;526;56,68;50,23;73,31;15.04.12;98,54;102,57;
20120416;774;136,95;119,47;128,12;16.04.12;101,33;104,01;
20120417;844;117,75;117,38;97,91;17.04.12;104,20;104,24;
20120418;901;99,27;109,96;91,71;18.04.12;103,94;106,18;
20120419;916;65,09;36,05;90,21;19.04.12;102,62;95,95;
20120420;957;100,38;55,21;132,40;20.04.12;101,82;94,19;
20120421;1166;48,30;56,64;47,25;21.04.12;101,18;89,20;
20120422;493;60,47;26,79;78,22;22.04.12;100,08;89,74;
20120423;769;90,46;85,89;78,80;23.04.12;101,39;83,10;
20120424;816;93,37;64,75;114,77;24.04.12;102,79;79,62;
20120425;947;83,95;125,54;58,17;25.04.12;102,93;77,43;
20120426;949;118,68;125,27;104,49;26.04.12;103,01;85,09;
20120427;980;84,50;74,13;84,32;27.04.12;100,84;82,82;
20120428;1169;34,00;33,90;37,70;28.04.12;99,19;80,78;
20120429;521;69,94;76,06;63,44;29.04.12;98,08;82,13;
20120430;763;99,85;121,19;79,42;30.04.12;98,37;83,47;
20120501;793;75,19;74,96;76,42;01.05.12;96,15;80,87;
20120502;870;87,57;68,32;94,98;02.05.12;93,92;81,39;
20120503;944;101,76;62,97;128,39;03.05.12;92,83;78,98;
20120504;958;62,24;48,26;74,76;04.05.12;90,70;75,80;
20120505;1191;38,94;61,00;18,50;05.05.12;88,10;76,50;
20120506;520;25,48;38,10;21,19;06.05.12;86,01;70,15;
20120507;768;60,39;60,20;50,21;07.05.12;84,97;64,51;
20120508;823;84,52;80,25;80,33;08.05.12;85,24;65,84;
20120509;910;54,60;21,77;72,65;09.05.12;82,83;61,13;
20120510;956;55,44;48,36;57,63;10.05.12;80,80;54,52;
20120511;991;110,31;106,64;105,62;11.05.12;81,62;61,38;
20120512;1179;30,91;39,21;18,69;12.05.12;78,10;60,24;
20120513;492;53,86;67,12;55,99;13.05.12;76,14;64,29;
20120514;804;65,92;57,50;61,67;14.05.12;75,56;65,08;
20120515;858;92,66;61,58;109,15;15.05.12;76,76;66,24;
20120516;889;67,07;59,44;68,17;16.05.12;74,43;68,02;
20120517;922;53,89;64,47;59,75;17.05.12;72,30;67,80;
20120518;923;147,15;71,56;196,96;18.05.12;73,90;73,07;
20120519;1153;77,57;57,28;81,23;19.05.12;74,31;79,73;
20120520;540;73,61;85,62;61,21;20.05.12;73,42;82,55;
20120521;729;59,07;72,48;37,78;21.05.12;73,78;81,57;
20120522;830;115,74;127,32;99,56;22.05.12;75,62;84,87;
20120523;846;86,14;62,46;91,17;23.05.12;75,48;87,60;
20120524;876;113,44;67,86;138,35;24.05.12;76,15;96,10;
20120525;1011;81,91;65,33;81,74;25.05.12;76,08;86,79;
20120526;1217;57,16;43,42;72,43;26.05.12;74,03;83,87;
20120527;496;46,75;53,26;33,32;27.05.12;72,77;80,03;
20120528;631;157,49;167,47;148,42;28.05.12;76,89;94,09;
20120529;800;91,10;82,56;82,64;29.05.12;77,59;90,57;
20120530;863;88,28;76,53;108,52;30.05.12;77,21;90,88;
20120531;973;91,92;88,24;90,59;31.05.12;77,76;87,80;
20120601;927;67,90;57,00;71,31;01.06.12;77,11;85,80;
20120602;1155;48,76;51,47;47,70;02.06.12;75,34;84,60;
20120603;510;12,99;12,95;10,80;03.06.12;73,70;79,78;
20120604;734;40,62;44,99;30,02;04.06.12;73,76;63,08;
20120605;738;67,33;62,65;67,18;05.06.12;75,15;59,68;
20120606;806;69,87;90,14;47,84;06.06.12;75,47;57,05;
20120607;901;102,94;117,29;91,71;07.06.12;76,08;58,63;
20120608;927;92,91;85,50;89,14;08.06.12;77,36;62,20;
20120609;1184;89,53;94,83;74,45;09.06.12;78,49;68,03;
20120610;494;60,35;66,85;66,91;10.06.12;76,83;74,79;
20120611;761;78,35;69,43;79,63;11.06.12;78,41;80,18;
20120612;828;92,02;95,72;93,15;12.06.12;79,68;83,71;
20120613;867;99,34;114,27;88,96;13.06.12;80,80;87,92;
20120614;972;112,46;101,93;119,02;14.06.12;81,46;89,28;
20120615;957;55,38;55,21;51,81;15.06.12;81,07;83,92;
20120616;1126;58,84;82,12;34,25;16.06.12;81,23;79,53;
20120617;476;69,59;41,63;81,01;17.06.12;78,65;80,85;
20120618;741;102,82;106,96;104,08;18.06.12;79,49;84,35;
20120619;831;111,61;111,27;92,81;19.06.12;80,75;87,15;
20120620;896;147,88;73,71;202,90;20.06.12;83,71;94,08;
20120621;907;73,04;80,10;66,81;21.06.12;82,29;88,45;
20120622;966;72,01;95,72;39,92;22.06.12;81,82;90,83;
20120623;1106;44,93;71,66;29,89;23.06.12;79,54;88,84;
20120624;494;60,35;80,22;33,46;24.06.12;78,82;87,52;
20120625;729;99,97;135,90;75,57;25.06.12;80,24;87,11;
20120626;816;129,90;161,88;108,02;26.06.12;83,02;89,73;
20120627;890;48,39;66,79;30,95;27.06.12;79,38;75,51;
20120628;900;92,02;110,08;67,33;28.06.12;79,41;78,22;
20120629;993;80,06;79,82;66,57;29.06.12;79,14;79,37;
20120630;1163;45,57;39,75;52,11;30.06.12;77,59;79,47;
20120701;508;19,56;13,00;21,69;01.07.12;75,98;73,64;
20120702;731;45,32;36,14;45,22;02.07.12;75,87;65,83;
20120703;813;77,42;73,12;88,09;03.07.12;78,01;58,33;
20120704;717;129,36;119,75;130,62;04.07.12;80,97;69,90;
20120705;801;82,71;98,95;61,90;05.07.12;81,48;68,57;
20120706;846;62,65;46,84;65,12;06.07.12;81,24;66,08;
20120707;1036;60,75;44,63;69,13;07.07.12;79,84;68,25;
20120708;460;28,80;28,72;23,95;08.07.12;77,70;69,57;
20120709;752;83,70;70,26;95,24;09.07.12;77,51;75,06;
20120710;781;97,55;101,48;84,65;10.07.12;78,75;77,93;
20120711;813;69,27;89,36;47,43;11.07.12;78,44;69,35;
20120712;853;66,02;30,97;90,42;12.07.12;77,58;66,96;
20120713;922;107,78;64,47;143,40;13.07.12;77,86;73,41;
20120714;1070;80,49;86,42;97,82;14.07.12;76,79;76,23;
20120715;481;48,21;82,39;22,91;15.07.12;76,55;79,00;
20120716;733;54,23;63,07;52,61;16.07.12;76,40;74,79;
20120717;744;155,83;186,42;185,11;17.07.12;79,27;83,12;
20120718;856;104,49;84,87;122,28;18.07.12;79,33;88,15;
20120719;919;147,79;208,42;125,89;19.07.12;80,53;99,83;
20120720;896;166,37;147,43;202,90;20.07.12;81,15;108,20;
20120721;1141;40,65;52,10;43,45;21.07.12;80,07;102,51;
20120722;513;58,12;64,37;53,69;22.07.12;79,61;103,92;
20120723;780;80,69;93,14;70,63;23.07.12;80,80;107,70;
20120724;815;109,74;170,18;60,84;24.07.12;82,45;101,12;
20120725;839;86,86;149,57;19,70;25.07.12;82,01;98,60;
20120726;954;76,39;110,77;57,75;26.07.12;80,23;88,40;
20120727;985;67,26;93,87;44,74;27.07.12;80,85;74,24;
20120728;1097;60,39;78,27;50,22;28.07.12;79,80;77,06;
20120729;510;71,45;142,46;21,60;29.07.12;79,51;78,97;
20120730;795;112,50;66,46;138,59;30.07.12;81,74;83,51;
20120731;865;65,10;61,08;63,69;31.07.12;83,26;77,14;
20120801;929;67,75;42,66;88,95;01.08.12;84,01;74,41;
20120802;942;52,75;49,08;52,63;02.08.12;83,19;71,03;
20120803;937;74,24;98,68;47,04;03.08.12;81,35;72,03;
20120804;1095;45,38;54,29;45,28;04.08.12;80,11;69,88;
20120805;499;53,11;79,42;44,16;05.08.12;79,79;67,26;
20120806;765;99,59;138,14;72,01;06.08.12;81,08;65,42;
20120807;896;114,61;110,57;110,67;07.08.12;83,94;72,49;
20120808;836;75,29;39,50;112,03;08.08.12;83,66;73,57;
20120809;985;87,44;93,87;78,30;09.08.12;83,33;78,52;
20120810;972;85,20;101,93;56,68;10.08.12;83,86;80,09;
20120811;1076;52,34;61,38;56,32;11.08.12;83,40;81,08;
20120812;518;63,95;89,25;53,18;12.08.12;81,94;82,63;
20120813;663;89,93;99,62;74,78;13.08.12;82,25;81,25;
20120814;729;109,06;108,72;90,68;14.08.12;84,28;80,46;
20120815;806;94,53;32,78;129,86;15.08.12;85,63;83,21;
20120816;900;95,70;66,05;116,30;16.08.12;83,62;84,39;
20120817;889;104,33;104,01;105,35;17.08.12;83,62;87,12;
20120818;1011;49,15;52,26;43,59;18.08.12;80,33;86,66;
20120819;478;34,65;55,27;23,05;19.08.12;75,94;82,48;
20120820;672;69,01;88,46;49,19;20.08.12;76,88;79,49;
20120821;703;75,39;103,35;54,85;21.08.12;77,46;74,68;
20120822;776;123,79;136,18;106,49;22.08.12;78,90;78,86;
20120823;913;76,19;79,58;78,44;23.08.12;77,78;76,07;
20120824;903;69,70;65,83;61,01;24.08.12;77,21;71,13;
20120825;1033;28,86;38,36;16,00;25.08.12;75,62;68,23;
20120826;496;53,43;79,90;33,32;26.08.12;75,16;70,91;
20120827;717;83,16;110,54;61,47;27.08.12;75,92;72,93;
20120828;764;73,71;34,58;100,95;28.08.12;75,99;72,69;
20120829;864;65,18;61,16;70,14;29.08.12;74,42;64,32;
20120830;944;84,22;97,95;75,87;30.08.12;75,05;65,46;
20120831;1004;69,29;52,63;76,82;31.08.12;75,11;65,41;
20120901;1100;48,18;54,04;35,06;01.09.12;74,95;68,17;
20120902;517;64,07;76,65;53,28;02.09.12;74,61;69,69;
20120903;691;57,53;76,47;39,86;03.09.12;75,02;66,02;
20120904;795;83,34;91,39;62,37;04.09.12;76,03;67,40;
20120905;892;81,70;96,26;67,94;05.09.12;75,43;69,76;
20120906;1025;54,94;45,11;53,75;06.09.12;73,44;65,58;
20120907;1045;69,74;88,48;57,99;07.09.12;73,26;65,64;
20120908;1206;63,18;49,29;82,22;08.09.12;72,45;67,78;
20120909;601;66,14;65,94;55,00;09.09.12;71,81;68,08;
20120910;748;66,43;70,64;73,65;10.09.12;72,28;69,35;
20120911;835;79,34;63,28;79,17;11.09.12;72,80;68,78;
20120912;902;99,16;73,22;103,83;12.09.12;73,10;71,27;
20120913;1057;65,81;68,73;57,33;13.09.12;71,66;72,83;
20120914;956;76,23;48,36;92,20;14.09.12;71,05;73,76;
20120915;1206;49,44;27,38;59,38;15.09.12;69,51;71,79;
20120916;529;75,14;87,40;72,90;16.09.12;68,54;73,08;
20120917;756;92,02;34,95;123,88;17.09.12;69,97;76,73;
20120918;799;82,92;57,86;89,63;18.09.12;71,57;77,25;
20120919;874;53,06;30,23;63,03;19.09.12;71,04;70,66;
20120920;1013;52,32;45,64;54,38;20.09.12;70,27;68,73;
20120921;927;67,90;85,50;59,43;21.09.12;68,41;67,54;
20120922;1176;28,17;28,08;23,42;22.09.12;66,81;64,50;
20120923;512;51,76;51,60;43,04;23.09.12;66,21;61,16;
20120924;769;60,31;34,35;71,64;24.09.12;67,26;56,63;
20120925;840;74,93;86,49;85,26;25.09.12;67,98;55,49;
20120926;911;87,27;65,25;108,85;26.09.12;68,11;60,38;
20120927;994;106,64;132,89;94,22;27.09.12;69,21;68,14;
20120928;994;89,98;59,80;116,39;28.09.12;70,04;71,29;
20120929;1175;62,02;78,69;37,51;29.09.12;69,30;76,13;
20120930;501;59,51;79,10;32,99;30.09.12;68,97;77,24;
20121001;763;52,10;69,25;43,32;01.10.12;69,10;76,06;
20121002;896;81,34;117,94;67,63;02.10.12;69,68;76,98;
20121003;882;63,85;52,42;62,46;03.10.12;69,89;73,63;
20121004;1058;72,01;68,67;62,48;04.10.12;69,51;68,69;
20121005;979;87,97;121,44;73,15;05.10.12;69,72;68,40;
20121006;1144;49,23;46,19;48,16;06.10.12;69,53;66,57;
20121007;505;39,36;26,16;43,64;07.10.12;68,52;63,69;
20121008;787;92,60;109,10;77,00;08.10.12;69,50;69,48;
20121009;827;108,15;71,88;146,55;09.10.12;70,90;73,31;
20121010;924;64,53;57,18;65,58;10.10.12;70,83;73,41;
20121011;1003;89,17;79,02;98,87;11.10.12;71,16;75,86;
20121012;1060;81,25;87,23;88,35;12.10.12;70,57;74,90;
20121013;1108;74,74;47,69;89,50;13.10.12;70,86;78,54;
20121014;499;46,47;52,94;33,12;14.10.12;69,87;79,56;
20121015;689;129,81;124,62;111,94;15.10.12;72,55;84,87;
20121016;870;79,96;30,37;107,65;16.10.12;72,71;80,85;
20121017;937;95,45;112,78;76,43;17.10.12;72,83;85,27;
20121018;1085;109,91;121,75;101,55;18.10.12;73,73;88,23;
20121019;1021;103,82;135,85;70,14;19.10.12;75,42;91,45;
20121020;1166;71,02;101,96;51,97;20.10.12;76,04;90,92;
20121021;521;82,66;38,03;116,31;21.10.12;76,53;96,09;
20121022;730;163,36;171,90;158,48;22.10.12;81,04;100,88;
20121023;902;106,50;95,19;116,04;23.10.12;82,86;104,68;
20121024;891;74,36;81,54;68,01;24.10.12;83,33;101,66;
20121025;1031;89,96;89,69;74,81;25.10.12;83,83;98,81;
20121026;976;67,88;87,97;56,44;26.10.12;83,19;93,68;
20121027;1126;50,01;76,25;19,57;27.10.12;81,30;90,68;
20121028;522;50,77;75,92;21,11;28.10.12;79,99;86,12;
20121029;763;117,22;129,84;108,30;29.10.12;81,83;79,53;
20121030;858;69,49;84,68;44,95;30.10.12;82,17;74,24;
20121031;925;75,20;128,52;23,82;31.10.12;82,94;74,36;
20121101;989;53,59;66,78;38,99;01.11.12;82,01;69,17;
20121102;1020;55,21;71,23;48,61;02.11.12;81,72;67,36;
20121103;1130;61,56;93,52;29,25;03.11.12;81,37;69,01;
20121104;537;55,52;86,10;30,78;04.11.12;80,29;69,69;
20121105;807;61,57;73,66;54,61;05.11.12;80,70;61,74;
20121106;818;129,59;104,97;127,96;06.11.12;83,71;70,32;
20121107;912;43,59;43,45;48,32;07.11.12;82,08;65,80;
20121108;1058;59,49;43,70;67,69;08.11.12;80,46;66,65;
20121109;1012;72,01;58,74;81,66;09.11.12;80,71;69,05;
20121110;1225;54,08;48,52;58,46;10.11.12;79,54;67,98;
20121111;513;51,66;51,50;42,96;11.11.12;78,55;67,43;
20121112;795;108,34;91,39;110,87;12.11.12;79,67;74,11;
20121113;865;61,27;68,72;57,32;13.11.12;80,16;64,35;
20121114;873;56,92;90,79;25,24;14.11.12;77,73;66,25;
20121115;1132;96,57;110,86;87,60;15.11.12;78,29;71,55;
20121116;980;98,02;128,05;78,70;16.11.12;78,37;75,27;
20121117;1170;110,42;118,55;127,13;17.11.12;78,39;83,31;
20121118;586;79,14;101,44;75,21;18.11.12;77,57;87,24;
20121119;968;116,35;102,35;125,20;19.11.12;79,08;88,38;
20121120;855;135,60;108,15;173,97;20.11.12;80,84;99,00;
20121121;1055;116,18;125,21;114,88;21.11.12;79,27;107,47;
20121122;926;121,63;142,65;124,93;22.11.12;79,77;111,05;
20121123;865;122,55;152,71;95,53;23.11.12;81,38;114,55;
20121124;1059;62,56;68,60;52,02;24.11.12;80,47;107,71;
20121125;457;50,74;43,36;48,22;25.11.12;79,89;103,66;
20121126;779;110,56;118,70;91,93;26.11.12;81,91;102,83;
20121127;788;67,26;50,29;69,91;27.11.12;82,46;93,07;
20121128;897;55,39;95,72;24,57;28.11.12;80,40;84,38;
20121129;1047;56,95;75,70;36,83;29.11.12;79,98;75,14;
20121130;971;68,23;88,43;51,06;30.11.12;79,75;67,38;
20121201;1089;36,50;42,45;35,41;01.12.12;79,18;63,66;
20121202;495;73,61;66,71;77,91;02.12.12;79,80;66,93;
20121203;786;67,43;84,03;63,08;03.12.12;79,99;60,77;
20121204;877;101,98;105,43;100,51;04.12.12;81,54;65,73;
20121205;897;84,94;103,08;79,84;05.12.12;82,32;69,95;
20121206;1089;39,54;48,52;35,41;06.12.12;79,32;67,46;
20121207;927;107,20;135,37;77,26;07.12.12;81,44;73,03;
20121208;1082;61,23;61,04;61,10;08.12.12;81,50;76,56;
20121209;468;21,23;42,34;11,77;09.12.12;79,80;69,08;
20121210;774;59,92;51,20;64,06;10.12.12;80,00;68,01;
20121211;831;107,63;71,53;119,33;11.12.12;81,86;68,81;
20121212;854;108,61;123,74;103,21;12.12.12;81,87;72,20;
20121213;1036;95,92;82,88;95,72;13.12.12;83,03;80,25;
20121214;949;104,72;125,27;81,27;14.12.12;84,62;79,89;
20121215;1102;57,11;53,94;59,99;15.12.12;83,31;79,31;
20121216;518;57,55;51,00;53,18;16.12.12;81,96;84,49;
20121217;756;87,63;96,10;72,87;17.12.12;81,20;88,45;
20121218;825;80,30;136,10;33,39;18.12.12;81,24;84,55;
20121219;1104;102,02;125,63;89,82;19.12.12;80,76;83,61;
20121220;966;82,30;54,70;91,25;20.12.12;78,98;81,66;
20121221;946;77,04;55,85;87,35;21.12.12;77,68;77,71;
20121222;982;60,72;53,81;61,71;22.12.12;75,65;78,22;
20121223;489;67,74;94,55;45,06;23.12.12;73,82;79,68;
20121224;630;89,39;146,77;34,98;24.12.12;74,71;79,93;
20121225;220;105,40;180,13;25,04;25.12.12;76,54;83,51;
20121226;533;55,93;61,96;41,34;26.12.12;74,72;76,93;
20121227;748;62,00;61,81;66,28;27.12.12;74,54;74,03;
20121228;733;103,94;126,15;90,19;28.12.12;76,16;77,87;
20121229;789;46,18;75,34;13,96;29.12.12;75,80;75,80;
20121230;433;68,85;76,27;63,61;30.12.12;75,82;75,96;
20121231;803;49,50;49,35;54,88;31.12.12;76,25;70,26;
20130101;482;116,83;137,03;102,87;01.01.13;77,69;71,89;
20130102;684;82,33;67,59;88,60;02.01.13;78,19;75,66;
20130103;887;78,43;119,14;43,48;03.01.13;77,41;78,01;
20130104;824;80,40;112,22;46,80;04.01.13;77,25;74,65;
20130105;1023;55,05;83,93;26,93;05.01.13;77,77;75,91;
20130106;459;21,65;28,78;12,00;06.01.13;74,92;69,17;
20130107;751;83,81;123,12;66,02;07.01.13;75,67;74,07;
20130108;822;84,63;96,42;67,02;08.01.13;77,78;69,47;
20130109;894;70,40;132,98;24,65;09.01.13;78,13;67,77;
20130110;1032;54,57;57,60;48,04;10.01.13;76,37;64,36;
20130111;907;94,96;101,95;91,11;11.01.13;75,91;66,44;
20130112;1138;84,42;110,27;77,46;12.01.13;75,53;70,63;
20130113;474;55,91;69,67;46,49;13.01.13;73,90;75,53;
20130114;769;77,54;128,83;42,98;14.01.13;74,58;74,63;
20130115;849;124,86;194,49;84,35;15.01.13;76,82;80,38;
20130116;931;96,07;120,60;88,76;16.01.13;77,11;84,04;
20130117;1052;125,95;131,84;136,15;17.01.13;78,63;94,24;
20130118;949;146,60;187,91;168,35;18.01.13;80,11;101,62;
20130119;1153;106,30;137,48;119,45;19.01.13;80,91;104,75;
20130120;498;106,43;159,15;110,62;20.01.13;81,89;111,96;
20130121;708;121,65;130,60;155,62;21.01.13;83,92;118,27;
20130122;789;151,14;175,79;181,54;22.01.13;86,70;122,02;
20130123;878;116,96;90,27;144,31;23.01.13;87,62;125,01;
20130124;1042;98,55;95,08;105,74;24.01.13;87,39;121,09;
20130125;957;124,61;124,23;120,89;25.01.13;89,68;117,95;
20130126;1109;65,71;107,20;34,77;26.01.13;89,81;112,15;
20130127;476;69,59;111,00;46,29;27.01.13;88,66;106,89;
20130128;765;121,24;138,14;108,02;28.01.13;91,16;106,83;
20130129;805;37,03;41,02;34,22;29.01.13;90,10;90,53;
20130130;845;90,16;70,35;97,79;30.01.13;91,46;86,70;
20130131;1111;53,67;17,83;79,34;31.01.13;89,35;80,29;
20130201;963;134,15;137,17;131,58;01.02.13;91,08;81,65;
20130202;1108;38,87;53,65;29,83;02.02.13;89,76;77,82;
20130203;475;62,76;69,52;69,59;03.02.13;89,17;76,84;
20130204;761;82,71;86,79;86,87;04.02.13;90,10;71,34;
20130205;814;81,39;89,25;67,68;05.02.13;92,09;77,67;
20130206;864;92,02;122,31;76,51;06.02.13;92,36;77,94;
20130207;1047;75,93;126,17;36,83;07.02.13;92,07;81,12;
20130208;939;91,72;126,61;58,67;08.02.13;92,78;75,06;
20130209;1105;80,94;125,52;59,83;09.02.13;93,66;81,07;
20130210;473;105,05;139,64;69,88;10.02.13;94,00;87,11;
20130211;741;98,35;169,35;29,74;11.02.13;94,46;89,34;
20130212;836;91,14;102,71;72,49;12.02.13;95,64;90,73;
20130213;899;176,87;80,81;232,86;13.02.13;98,95;102,86;
20130214;1153;86,19;85,92;90,78;14.02.13;97,66;104,32;
20130215;949;73,30;90,48;58,05;15.02.13;96,90;101,69;
20130216;1200;66,25;38,53;87,23;16.02.13;94,91;99,59;
20130217;504;78,87;65,52;87,44;17.02.13;92,65;95,85;
20130218;630;63,10;73,39;69,96;18.02.13;91,21;90,82;
20130219;762;113,03;86,68;137,36;19.02.13;91,43;93,94;
20130220;838;86,96;110,34;65,74;20.02.13;90,28;81,10;
20130221;1096;33,25;12,05;45,24;21.02.13;86,35;73,54;
20130222;898;81,15;95,61;61,35;22.02.13;85,15;74,66;
20130223;1142;37,71;52,05;38,59;23.02.13;83,12;70,58;
20130224;503;39,51;39,39;32,86;24.02.13;80,29;64,96;
20130225;801;49,63;57,72;41,27;25.02.13;79,75;63,03;
20130226;840;114,36;102,22;111,49;26.02.13;81,24;63,23;
20130227;834;119,16;95,03;151,93;27.02.13;81,17;67,82;
20130228;1103;66,07;11,98;99,89;28.02.13;82,14;72,51;
20130301;934;56,75;42,43;70,78;01.03.13;81,03;69,03;
20130302;1174;31,04;22,50;32,85;02.03.13;80,27;68,07;
20130303;490;40,56;40,44;44,97;03.03.13;77,15;68,22;
20130304;730;45,38;54,29;52,83;04.03.13;77,37;67,62;
20130305;810;85,88;73,39;88,42;05.03.13;78,14;63,55;
20130306;884;89,93;52,30;112,17;06.03.13;78,38;59,37;
20130307;1113;89,29;94,95;89,09;07.03.13;78,65;62,69;
20130308;968;92,40;75,05;108,13;08.03.13;78,66;67,78;
20130309;1116;56,40;35,51;74,05;09.03.13;78,01;71,41;
20130310;522;57,11;75,92;52,77;10.03.13;76,85;73,77;
20130311;798;70,57;99,32;62,13;11.03.13;76,51;77,37;
20130312;787;92,60;109,10;91,00;12.03.13;76,09;78,33;
20130313;889;104,33;66,86;136,33;13.03.13;76,29;80,39;
20130314;1127;49,97;29,30;63,55;14.03.13;74,92;74,77;
20130315;956;86,63;62,18;121,01;15.03.13;71,91;73,94;
20130316;1174;87,47;50,63;112,62;16.03.13;71,96;78,38;
20130317;480;55,21;55,04;68,86;17.03.13;71,35;78,11;
20130318;741;107,29;115,87;96,65;18.03.13;72,72;83,36;
20130319;848;82,03;70,10;84,45;19.03.13;72,83;81,85;
20130320;868;72,51;83,70;50,77;20.03.13;73,14;77,30;
20130321;1238;85,62;53,35;102,35;21.03.13;72,23;82,39;
20130322;967;109,62;129,77;113,94;22.03.13;72,98;85,68;
20130323;1182;56,05;39,11;69,91;23.03.13;73,74;81,19;
20130324;497;59,99;26,58;77,59;24.03.13;73,04;81,87;
20130325;741;102,82;89,13;111,52;25.03.13;75,21;81,23;
20130326;791;87,94;116,90;48,75;26.03.13;76,82;82,08;
20130327;824;100,50;160,31;60,17;27.03.13;78,52;86,08;
20130328;1099;57,27;48,08;60,15;28.03.13;76,61;82,03;
20130329;794;125,16;124,77;124,89;29.03.13;76,81;84,25;
20130330;1119;59,21;53,12;68,92;30.03.13;76,58;84,70;
20130331;473;21,01;27,93;11,65;31.03.13;75,39;79,13;
20130401;732;99,56;36,09;142,99;01.04.13;77,68;78,66;
20130402;777;72,48;25,50;99,26;02.04.13;78,74;76,45;
20130403;816;77,13;56,66;81,01;03.04.13;79,80;73,12;
20130404;1071;123,72;80,17;149,17;04.04.13;81,06;82,61;
20130405;932;99,52;49,61;130,04;05.04.13;81,38;78,95;
20130406;1056;75,29;43,78;104,34;06.04.13;80,91;81,24;
20130407;477;90,28;96,92;80,84;07.04.13;80,84;91,14;
20130408;734;121,85;80,98;172,63;08.04.13;83,02;94,32;
20130409;848;82,03;70,10;97,45;09.04.13;83,86;95,69;
20130410;827;92,13;63,89;106,58;10.04.13;84,57;97,83;
20130411;1090;54,70;42,42;60,65;11.04.13;83,31;87,97;
20130412;886;97,21;44,73;149,23;12.04.13;83,07;87,64;
20130413;1139;78,52;52,19;101,57;13.04.13;84,02;88,10;
20130414;532;37,36;0,00;62,13;14.04.13;82,38;80,54;
20130415;692;105,31;76,36;111,45;15.04.13;82,98;78,18;
20130416;823;108,67;144,45;113,79;16.04.13;84,76;81,99;
20130417;862;153,72;245,19;70,30;17.04.13;86,31;90,79;
20130418;1044;82,50;88,57;84,43;18.04.13;86,32;94,76;
20130419;908;91,21;50,92;115,28;19.04.13;86,95;93,90;
20130420;1084;94,73;91,39;91,48;20.04.13;87,25;96,21;
20130421;508;65,21;65,01;86,76;21.04.13;85,77;100,19;
20130422;722;165,17;137,22;160,23;22.04.13;89,41;108,74;
20130423;821;153,32;152,85;134,20;23.04.13;92,52;115,12;
20130424;888;104,45;111,57;93,06;24.04.13;92,57;108,08;
20130425;1167;76,64;124,51;61,37;25.04.13;92,20;107,25;
20130426;942;98,46;91,15;99,42;26.04.13;92,13;108,28;
20130427;1136;69,98;75,58;67,89;27.04.13;92,55;104,75;
20130428;496;80,14;106,53;44,43;28.04.13;91,05;106,88;
20130429;741;89,41;98,05;66,91;29.04.13;92,06;96,06;
20130430;799;74,63;90,93;55,16;30.04.13;93,84;84,82;
20130501;865;68,93;76,36;63,69;01.05.13;92,82;79,74;
20130502;1034;70,48;76,65;74,59;02.05.13;92,76;78,86;
20130503;966;82,30;136,74;28,51;03.05.13;92,93;76,55;
20130504;1053;56,63;81,54;36,62;04.05.13;90,69;74,64;
20130505;481;61,98;68,66;57,27;05.05.13;89,44;72,05;
20130506;712;88,40;139,14;61,90;06.05.13;89,88;71,91;
20130507;798;83,02;99,32;82,84;07.05.13;89,64;73,11;
20130508;858;84,94;46,19;102,73;08.05.13;88,41;75,39;
20130509;1069;65,07;80,32;51,53;09.05.13;87,84;74,62;
20130510;922;61,08;71,63;41,83;10.05.13;86,81;71,59;
20130511;1166;71,02;73,64;61,42;11.05.13;87,35;73,64;
20130512;475;48,82;69,52;23,20;12.05.13;85,74;71,76;
20130513;715;78,76;110,85;53,93;13.05.13;85,74;70,39;
20130514;802;86,74;74,12;89,30;14.05.13;87,39;70,92;
20130515;893;44,51;59,17;30,85;15.05.13;85,36;65,14;
20130516;1033;89,79;121,48;74,66;16.05.13;84,73;68,67;
20130517;908;105,80;138,20;97,08;17.05.13;83,14;75,06;
20130518;1154;45,93;57,23;47,74;18.05.13;81,92;71,48;
20130519;512;103,52;90,30;118,36;19.05.13;82,33;79,29;
20130520;727;123,03;154,44;106,09;20.05.13;83,27;85,62;
20130521;799;95,36;90,93;117,21;21.05.13;84,28;86,85;
20130522;863;76,77;76,53;70,22;22.05.13;81,33;91,45;
20130523;1116;100,92;136,12;74,05;23.05.13;79,58;93,04;
20130524;915;104,99;158,80;54,19;24.05.13;79,60;92,93;
20130525;1170;99,09;129,84;84,75;25.05.13;80,35;100,52;
20130526;507;32,67;52,11;32,60;26.05.13;78,16;90,40;
20130527;629;126,39;126,00;140,13;27.05.13;80,04;90,88;
20130528;757;157,53;139,60;189,21;28.05.13;82,62;99,77;
20130529;827;108,15;95,84;139,89;29.05.13;83,24;104,25;
20130530;1044;95,19;94,90;89,71;30.05.13;83,93;103,43;
20130531;888;67,15;59,50;80,65;31.05.13;83,87;98,02;
20130601;1086;64,06;42,57;81,16;01.06.13;83,65;93,02;
20130602;518;51,16;51,00;42,54;02.06.13;82,61;95,66;
20130603;737;62,93;53,77;59,80;03.06.13;82,82;86,59;
20130604;812;110,15;73,21;128,91;04.06.13;84,43;79,82;
20130605;847;58,66;38,99;65,04;05.06.13;83,44;72,76;
20130606;1110;80,58;101,15;69,48;06.06.13;83,36;70,67;
20130607;910;156,53;188,71;145,29;07.06.13;85,74;83,44;
20130608;1100;78,30;90,06;70,11;08.06.13;86,18;85,47;
20130609;492;87,53;93,97;67,18;09.06.13;87,07;90,67;
20130610;712;97,70;120,59;77,37;10.06.13;87,96;95,63;
20130611;813;126,31;146,23;94,87;11.06.13;90,54;97,94;
20130612;860;80,89;76,80;70,46;12.06.13;90,61;101,12;
20130613;1049;82,10;132,22;68,27;13.06.13;90,46;101,34;
20130614;954;79,86;62,31;86,62;14.06.13;91,63;90,38;
20130615;1075;98,61;98,30;107,62;15.06.13;91,93;93,29;
20130616;478;90,09;69,09;115,25;16.06.13;91,40;93,65;
20130617;710;149,30;102,33;178,46;17.06.13;94,85;101,02;
20130618;800;124,22;99,07;130,84;18.06.13;95,54;100,72;
20130619;825;116,44;136,10;113,52;19.06.13;95,32;105,80;
20130620;1052;91,32;94,17;89,02;20.06.13;95,19;107,12;
20130621;899;73,69;95,51;61,28;21.06.13;95,08;106,24;
20130622;1169;42,51;33,90;47,13;22.06.13;93,14;98,22;
20130623;484;41,06;40,94;34,15;23.06.13;91,01;91,22;
20130624;737;89,89;125,46;52,32;24.06.13;90,70;82,73;
20130625;771;85,93;94,23;71,45;25.06.13;92,47;77,26;
20130626;821;96,84;104,58;80,52;26.06.13;91,49;74,46;
20130627;1017;39,09;32,47;43,34;27.06.13;87,54;67,00;
20130628;924;39,44;42,89;41,73;28.06.13;85,25;62,11;
20130629;1063;15,58;12,43;15,55;29.06.13;82,60;58,26;
20130630;497;66,65;106,31;33,25;30.06.13;82,58;61,92;
20130701;691;71,91;114,70;39,86;01.07.13;82,84;59,35;
20130702;768;107,83;77,40;129,12;02.07.13;84,73;62,48;
20130703;819;84,94;48,39;114,35;03.07.13;85,46;60,78;
20130704;897;77,55;58,91;79,84;04.07.13;84,38;66,27;
20130705;780;67,95;33,87;91,82;05.07.13;84,69;70,34;
20130706;1066;43,50;37,17;41,34;06.07.13;83,45;74,33;
20130707;435;68,54;30,37;88,65;07.07.13;80,52;74,60;
20130708;678;87,94;87,67;81,25;08.07.13;80,84;76,89;
20130709;770;98,95;111,51;78,70;09.07.13;81,22;75,62;
20130710;760;87,17;104,29;65,24;10.07.13;80,87;75,94;
20130711;1029;77,26;70,60;80,31;11.07.13;79,24;75,90;
20130712;838;75,11;102,46;39,44;12.07.13;79,04;76,92;
20130713;1027;54,83;57,88;59,01;13.07.13;78,13;78,54;
20130714;462;93,21;71,48;119,24;14.07.13;78,58;82,07;
20130715;658;125,86;110,41;117,21;15.07.13;79,49;87,48;
20130716;789;100,76;75,34;111,72;16.07.13;79,84;87,74;
20130717;790;117,41;108,69;118,55;17.07.13;78,78;92,06;
20130718;1017;55,37;25,98;81,25;18.07.13;76,48;88,94;
20130719;871;83,67;98,58;75,90;19.07.13;75,39;90,16;
20130720;1064;49,81;55,87;56,95;20.07.13;74,01;89,44;
20130721;454;43,78;0,00;72,81;21.07.13;73,01;82,38;
20130722;679;78,06;77,82;64,91;22.07.13;74,20;75,55;
20130723;752;74,89;105,39;58,61;23.07.13;75,32;71,85;
20130724;805;49,38;65,64;41,06;24.07.13;73,97;62,14;
20130725;970;54,64;68,09;39,76;25.07.13;72,93;62,03;
20130726;869;87,67;68,40;95,09;26.07.13;72,62;62,60;
20130727;1044;34,90;44,28;26,38;27.07.13;72,49;60,47;
20130728;451;88,14;146,45;61,08;28.07.13;74,11;66,81;
20130729;683;101,85;135,38;56,46;29.07.13;76,98;70,21;
20130730;723;96,22;82,22;106,68;30.07.13;77,97;73,26;
20130731;789;50,38;58,60;34,91;31.07.13;77,25;73,40;
20130801;1009;45,96;65,46;27,30;01.08.13;75,19;72,16;
20130802;835;43,64;31,64;52,78;02.08.13;73,81;65,87;
20130803;1058;65,75;87,40;57,28;03.08.13;73,42;70,28;
20130804;482;54,98;95,92;34,29;04.08.13;72,99;65,54;
20130805;656;85,84;70,48;92,38;05.08.13;74,40;63,25;
20130806;704;65,87;93,82;62,60;06.08.13;74,31;58,92;
20130807;798;128,68;182,09;131,17;07.08.13;75,67;70,10;
20130808;973;95,33;88,24;101,91;08.08.13;75,55;77,16;
20130809;897;81,24;117,81;67,56;09.08.13;75,35;82,53;
20130810;1038;73,40;95,44;58,38;10.08.13;75,22;83,62;
20130811;458;21,70;28,84;24,06;11.08.13;73,44;78,87;
20130812;664;84,81;99,47;82,97;12.08.13;74,44;78,72;
20130813;759;78,56;78,32;65,32;13.08.13;73,95;80,53;
20130814;782;42,36;33,78;42,27;14.08.13;71,17;68,20;
20130815;1048;75,86;63,02;84,11;15.08.13;70,34;65,42;
20130816;886;48,60;74,55;49,74;16.08.13;68,05;60,76;
20130817;1029;74,04;77,02;58,89;17.08.13;68,67;60,85;
20130818;432;99,68;107,02;102,02;18.08.13;69,20;71,99;
20130819;703;113,09;159,72;62,69;19.08.13;71,31;76,03;
20130820;722;96,35;73,18;99,19;20.08.13;73,06;78,57;
20130821;797;62,34;82,87;55,30;21.08.13;72,54;81,42;
20130822;960;58,66;75,68;45,91;22.08.13;72,00;78,97;
20130823;844;98,12;164,34;52,22;23.08.13;73,62;86,04;
20130824;1029;86,92;109,12;80,31;24.08.13;74,70;87,88;
20130825;476;69,59;83,25;46,29;25.08.13;74,10;83,58;
20130826;692;110,10;133,62;71,65;26.08.13;76,60;83,15;
20130827;685;154,75;202,48;112,59;27.08.13;78,82;91,50;
20130828;826;140,36;159,92;120,05;28.08.13;80,11;102,64;
20130829;918;187,64;179,87;198,04;29.08.13;83,15;121,07;
20130830;866;122,40;114,40;120,87;30.08.13;85,56;124,54;
20130831;1077;187,62;208,51;184,15;31.08.13;90,28;138,92;
20130901;518;108,71;140,26;63,81;01.09.13;92,45;144,51;
20130902;570;104,61;46,35;144,97;02.09.13;93,74;143,73;
20130903;753;105,58;96,48;124,37;03.09.13;95,43;136,70;
20130904;791;50,25;66,80;41,79;04.09.13;94,24;123,83;
20130905;1036;89,53;82,88;85,08;05.09.13;95,03;109,82;
20130906;867;126,08;129,50;114,37;06.09.13;94,94;110,34;
20130907;1168;59,56;79,17;42,45;07.09.13;93,75;92,05;
20130908;550;66,25;48,03;70,11;08.09.13;93,25;85,98;
20130909;772;111,56;154,00;64,22;09.09.13;94,52;86,97;
20130910;794;66,75;74,86;62,44;10.09.13;96,03;81,43;
20130911;869;110,55;98,81;139,47;11.09.13;96,88;90,04;
20130912;1042;76,30;95,08;74,02;12.09.13;96,81;88,15;
20130913;904;95,27;116,90;79,22;13.09.13;98,57;83,75;
20130914;1108;77,73;41,73;99,44;14.09.13;98,63;86,34;
20130915;561;64,95;70,64;78,56;15.09.13;99,18;86,16;
20130916;726;127,76;109,17;129,00;16.09.13;100,97;88,47;
20130917;794;112,64;91,50;111,01;17.09.13;101,40;95,03;
20130918;837;83,11;102,58;59,24;18.09.13;100,40;91,11;
20130919;1077;58,44;30,66;76,73;19.09.13;99,14;88,56;
20130920;985;90,80;73,76;100,67;20.09.13;100,09;87,92;
20130921;1154;66,02;74,40;62,06;21.09.13;100,33;86,25;
20130922;490;81,12;121,31;56,21;22.09.13;99,77;88,56;
20130923;724;164,71;228,06;152,18;23.09.13;102,36;93,84;
20130924;761;174,12;216,98;130,31;24.09.13;105,84;102,62;
20130925;822;124,93;104,45;127,34;25.09.13;106,34;108,59;
20130926;1025;129,27;109,54;145,12;26.09.13;105,49;118,71;
20130927;933;131,37;84,95;171,23;27.09.13;105,19;124,51;
20130928;1124;91,36;82,27;102,93;28.09.13;101,98;128,13;
20130929;476;76,55;55,50;92,59;29.09.13;100,45;127,47;
20130930;768;116,46;94,60;143,46;30.09.13;98,08;120,58;
20131001;848;132,82;147,98;116,94;01.10.13;98,88;114,68;
20131002;859;65,56;53,82;76,96;02.10.13;97,58;106,20;
20131003;1071;40,21;43,17;51,44;03.10.13;95,40;93,47;
20131004;974;102,03;128,84;73,53;04.10.13;97,13;89,28;
20131005;1109;35,84;41,69;29,81;05.10.13;95,34;81,35;
20131006;504;98,59;91,73;87,44;06.10.13;94,42;84,50;
20131007;715;125,09;203,22;53,93;07.10.13;96,61;85,73;
20131008;812;93,83;138,28;67,84;08.10.13;97,52;80,16;
20131009;868;87,78;53,26;107,90;09.10.13;96,73;83,34;
20131010;1090;57,74;54,53;70,76;10.10.13;96,43;85,84;
20131011;948;66,39;55,74;69,73;11.10.13;94,96;80,75;
20131012;1098;39,22;54,14;20,07;12.10.13;93,72;81,23;
20131013;490;20,28;26,96;22,49;13.10.13;91,22;70,05;
20131014;738;85,28;80,55;89,58;14.10.13;91,48;64,36;
20131015;776;102,45;119,16;70,99;15.10.13;92,73;65,59;
20131016;848;66,41;31,15;84,45;16.10.13;90,68;62,54;
20131017;1041;63,64;63,45;68,80;17.10.13;89,05;63,38;
20131018;911;72,72;58,00;78,61;18.10.13;88,70;64,29;
20131019;1047;60,11;44,16;73,66;19.10.13;88,76;67,27;
20131020;511;51,86;51,70;43,12;20.10.13;87,46;71,78;
20131021;717;133,98;119,75;145,98;21.10.13;89,72;78,74;
20131022;844;70,65;93,91;45,69;22.10.13;89,37;74,20;
20131023;825;88,34;96,07;80,13;23.10.13;86,83;77,33;
20131024;980;60,84;40,44;73,08;24.10.13;83,05;76,93;
20131025;912;50,85;57,94;36,24;25.10.13;80,58;73,80;
20131026;1086;57,95;42,57;60,87;26.10.13;78,21;73,50;
20131027;477;62,50;96,92;34,65;27.10.13;75,91;75,02;
20131028;723;73,31;100,49;45,72;28.10.13;75,31;66,35;
20131029;805;65,84;82,05;41,06;29.10.13;74,95;65,66;
20131030;826;88,23;111,94;93,37;30.10.13;74,01;65,65;
20131031;990;60,23;106,74;11,13;31.10.13;71,59;65,56;
20131101;922;64,67;64,47;59,75;01.11.13;71,56;67,53;
20131102;1070;65,01;104,94;30,89;02.11.13;72,39;68,54;
20131103;522;69,81;88,57;63,32;03.11.13;71,31;69,58;
20131104;719;55,29;36,74;61,30;04.11.13;71,96;67,01;
20131105;776;59,76;68,09;42,60;05.11.13;70,67;66,14;
20131106;827;76,10;55,90;79,94;06.11.13;69,04;64,41;
20131107;1051;53,58;56,56;57,66;07.11.13;67,69;63,46;
20131108;907;120,52;43,69;163,99;08.11.13;68,79;71,44;
20131109;1137;104,88;92,94;106,59;09.11.13;70,36;77,14;
20131110;473;35,02;13,96;58,23;10.11.13;69,31;72,17;
20131111;725;91,38;72,88;91,18;11.11.13;71,05;77,32;
20131112;828;88,02;23,93;126,41;12.11.13;73,31;81,36;
20131113;878;45,27;22,57;56,47;13.11.13;71,97;76,95;
20131114;999;99,48;79,34;110,29;14.11.13;71,88;83,51;
20131115;891;92,95;51,89;129,84;15.11.13;72,76;79,57;
20131116;1112;29,79;29,70;34,68;16.11.13;71,63;68,84;
20131117;486;47,71;54,36;45,34;17.11.13;70,80;70,66;
20131118;716;83,28;46,12;100,02;18.11.13;71,57;69,50;
20131119;774;94,16;85,33;85,41;19.11.13;72,98;70,38;
20131120;896;81,34;58,97;98,38;20.11.13;71,22;75,53;
20131121;1066;62,15;43,37;77,52;21.11.13;70,94;70,19;
20131122;952;76,55;55,50;81,01;22.11.13;70,55;67,85;
20131123;1125;55,95;23,48;78,35;23.11.13;70,39;71,59;
20131124;506;58,92;39,16;76,21;24.11.13;70,65;73,19;
20131125;745;164,52;17,73;273,60;25.11.13;74,21;84,80;
20131126;816;186,74;97,13;243,04;26.11.13;78,35;98,02;
20131127;785;67,52;42,07;91,23;27.11.13;78,15;96,05;
20131128;917;57,80;21,61;78,10;28.11.13;77,89;95,43;
20131129;827;76,10;55,90;79,94;29.11.13;77,48;95,36;
20131130;1039;38,26;19,07;58,32;30.11.13;76,75;92,84;
20131201;463;14,31;0,00;23,80;01.12.13;75,07;86,46;
20131202;702;37,75;9,41;54,93;02.12.13;74,16;68,35;
20131203;768;81,95;94,60;64,56;03.12.13;74,57;53,38;
20131204;834;99,30;95,03;112,29;04.12.13;76,03;57,92;
20131205;1041;44,55;31,72;58,21;05.12.13;75,53;56,03;
20131206;929;49,92;56,88;41,51;06.12.13;74,65;52,29;
20131207;1041;44,55;44,41;37,04;07.12.13;74,35;53,19;
20131208;524;82,18;88,23;63,08;08.12.13;73,08;62,89;
20131209;754;65,90;35,04;80,37;09.12.13;71,78;66,91;
20131210;813;61,12;56,87;60,99;10.12.13;72,65;63,93;
20131211;834;67,52;15,84;99,08;11.12.13;71,85;59,39;
20131212;1092;57,64;42,34;65,58;12.12.13;70,84;61,26;
20131213;879;45,22;15,03;62,67;13.12.13;70,84;60,59;
20131214;1026;54,89;51,50;53,69;14.12.13;69,35;62,07;
20131215;491;33,73;40,35;33,66;15.12.13;67,38;55,15;
20131216;719;41,46;0,00;68,96;16.12.13;67,77;51,65;
20131217;771;116,00;137,06;92,89;17.12.13;70,04;59,50;
20131218;793;112,79;124,93;97,26;18.12.13;71,03;65,96;
20131219;984;67,33;80,55;61,58;19.12.13;70,13;67,35;
20131220;936;106,17;70,56;147,14;20.12.13;70,96;76,05;
20131221;981;64,16;67,33;50,54;21.12.13;71,03;77,38;
20131222;466;71,09;70,87;82,75;22.12.13;70,84;82,71;
20131223;628;47,47;42,07;43,86;23.12.13;70,56;83,57;
20131224;656;75,74;80,55;75,58;24.12.13;71,12;77,82;
20131225;250;92,75;158,51;44,07;25.12.13;68,73;74,96;
20131226;632;104,83;135,86;61,02;26.12.13;66,00;80,32;
20131227;662;115,09;99,77;124,83;27.12.13;67,59;81,59;
20131228;770;86,04;128,66;64,39;28.12.13;68,53;84,72;
20131229;435;45,69;60,73;25,33;29.12.13;67,51;81,09;
20131230;579;68,65;34,22;104,66;30.12.13;68,53;84,11;
20131231;626;121,71;158,26;79,20;31.12.13;72,11;90,68;
20140101;443;112,16;178,91;37,31;01.01.14;74,59;93,45;
20140102;726;82,13;90,97;68,29;02.01.14;74,59;90,21;
20140103;674;117,95;97,99;130,78;03.01.14;75,21;90,62;
20140104;924;32,27;57,18;17,89;04.01.14;74,81;82,94;
20140105;455;65,52;101,61;36,32;05.01.14;75,33;85,77;
20140106;672;103,52;137,60;65,58;06.01.14;77,29;90,75;
20140107;760;91,53;165,12;21,75;07.01.14;77,60;86,44;
20140108;812;93,83;154,54;47,49;08.01.14;78,53;83,82;
20140109;970;61,47;74,90;51,11;09.01.14;78,55;80,87;
20140110;891;96,66;96,37;92,74;10.01.14;79,52;77,83;
20140111;1102;42,08;47,95;39,99;11.01.14;79,00;79,23;
20140112;469;7,06;14,08;11,75;12.01.14;77,73;70,88;
20140113;760;108,97;121,67;101,48;13.01.14;79,53;71,66;
20140114;759;91,65;78,32;101,62;14.01.14;81,46;71,68;
20140115;830;87,80;79,58;86,29;15.01.14;83,00;70,81;
20140116;981;60,78;47,13;61,77;16.01.14;81,16;70,72;
20140117;867;64,95;76,18;76,25;17.01.14;79,57;66,19;
20140118;1102;63,13;59,93;59,99;18.01.14;79,43;69,19;
20140119;447;81,52;103,43;61,62;19.01.14;78,61;79,83;
20140120;657;85,71;110,58;50,31;20.01.14;79,33;76,51;
20140121;715;125,09;129,32;100,16;21.01.14;81,13;81,28;
20140122;768;81,95;77,40;71,73;22.01.14;82,28;80,45;
20140123;974;61,22;54,25;67,87;23.01.14;81,79;80,51;
20140124;903;106,38;73,14;122,02;24.01.14;82,25;86,43;
20140125;1067;62,09;74,28;61,96;25.01.14;80,82;86,28;
20140126;470;91,62;84,32;93,77;26.01.14;80,04;87,72;
20140127;691;105,47;143,37;71,75;27.01.14;80,69;90,55;
20140128;769;64,61;42,94;78,80;28.01.14;81,32;81,91;
20140129;843;66,80;47,01;78,42;29.01.14;81,26;79,74;
20140130;1018;45,56;32,44;59,53;30.01.14;78,72;77,51;
20140131;875;75,72;37,74;94,44;31.01.14;77,50;73,12;
20140201;1083;36,70;18,30;45,78;01.02.14;75,99;69,50;
20140202;454;65,67;87,29;60,67;02.02.14;74,24;65,79;
20140203;677;156,58;87,80;187,16;03.02.14;78,39;73,09;
20140204;766;51,89;86,22;28,77;04.02.14;77,93;71,27;
20140205;834;91,35;87,11;85,87;05.02.14;77,53;74,78;
20140206;985;43,72;26,82;61,52;06.02.14;75,93;74,52;
20140207;874;60,64;52,90;63,03;07.02.14;74,83;72,37;
20140208;1072;43,26;36,97;41,11;08.02.14;74,22;73,30;
20140209;507;71,87;78,16;76,06;09.02.14;73,40;74,19;
20140210;718;55,36;73,59;30,69;10.02.14;73,84;59,73;
20140211;810;77,70;81,54;68,01;11.02.14;76,19;63,42;
20140212;832;59,72;31,75;72,84;12.02.14;74,55;58,90;
20140213;973;68,09;61,09;62,28;13.02.14;73,77;62,38;
20140214;913;61,68;50,64;66,37;14.02.14;72,89;62,53;
20140215;1112;68,52;59,40;69,36;15.02.14;73,15;66,13;
20140216;522;50,77;37,96;63,32;16.02.14;72,68;63,12;
20140217;628;84,40;63,10;87,72;17.02.14;73,39;67,27;
20140218;766;95,14;86,22;93,49;18.02.14;73,84;69,76;
20140219;818;85,04;56,52;94,29;19.02.14;73,82;73,38;
20140220;972;115,87;81,54;153,03;20.02.14;73,51;80,20;
20140221;881;116,56;74,97;156,33;21.02.14;74,67;88,04;
20140222;1145;28,93;11,54;38,49;22.02.14;73,59;82,39;
20140223;516;38,52;51,20;42,71;23.02.14;71,33;80,64;
20140224;764;69,37;77,80;50,48;24.02.14;71,57;78,49;
20140225;807;61,57;90,03;40,96;25.02.14;70,57;73,70;
20140226;832;71,67;39,69;86,08;26.02.14;69,44;71,78;
20140227;1005;65,92;72,29;54,82;27.02.14;69,49;64,65;
20140228;888;70,88;59,50;86,85;28.02.14;69,62;58,12;
20140301;1137;101,97;75,52;121,13;01.03.14;71,50;68,56;
20140302;496;133,57;79,90;177,71;02.03.14;73,43;82,14;
20140303;736;180,03;188,45;232,04;03.03.14;78,21;97,94;
20140304;824;213,07;112,22;267,43;04.03.14;83,12;119,59;
20140305;821;213,84;64,36;322,09;05.03.14;85,03;139,90;
20140306;973;142,99;61,09;186,84;06.03.14;88,07;150,91;
20140307;902;165,26;131,80;189,33;07.03.14;90,53;164,39;
20140308;1068;52,73;30,92;61,90;08.03.14;90,83;157,36;
20140309;483;102,87;27,35;148,28;09.03.14;92,24;152,97;
20140310;698;118,64;56,77;149,96;10.03.14;94,75;144,20;
20140311;748;115,14;97,13;132,57;11.03.14;96,19;130,21;
20140312;853;124,27;100,66;142,08;12.03.14;98,49;117,42;
20140313;1014;84,94;58,62;92,36;13.03.14;98,73;109,12;
20140314;925;103,85;78,54;142,94;14.03.14;100,20;100,35;
20140315;1085;97,70;66,96;111,70;15.03.14;101,19;106,77;
20140316;491;107,95;94,16;100,98;16.03.14;102,73;107,50;
20140317;784;135,21;101,09;175,67;17.03.14;104,96;109,86;
20140318;751;194,08;35,18;300,76;18.03.14;109,73;121,14;
20140319;844;153,07;93,91;189,29;19.03.14;112,02;125,26;
20140320;1082;97,97;54,94;117,10;20.03.14;112,12;127,12;
20140321;901;117,65;80,64;134,52;21.03.14;113,20;129,09;
20140322;1106;74,88;5,97;124,53;22.03.14;111,84;125,83;
20140323;509;84,60;64,88;108,23;23.03.14;110,77;122,49;
20140324;732;122,18;117,30;135,47;24.03.14;113,88;120,63;
20140325;754;140,59;52,56;197,27;25.03.14;117,28;112,99;
20140326;855;108,48;108,15;122,42;26.03.14;118,59;106,62;
20140327;1026;87,17;45,06;112,76;27.03.14;119,44;105,08;
20140328;886;112,16;82,00;136,79;28.03.14;120,79;104,30;
20140329;1134;73,03;58,24;82,59;29.03.14;121,03;104,03;
20140330;497;59,99;66,45;44,34;30.03.14;120,66;100,51;
20140331;772;85,82;34,22;114,18;31.03.14;120,12;95,32;
20140401;767;120,93;86,11;129,29;01.04.14;119,70;92,51;
20140402;909;94,75;58,13;109,09;02.04.14;116,86;90,55;
20140403;942;63,30;56,09;58,48;03.04.14;111,87;87,14;
20140404;890;59,55;96,47;30,95;04.04.14;106,72;79,62;
20140405;1096;60,45;48,21;60,32;05.04.14;103,97;77,83;
20140406;510;19,49;12,95;21,60;06.04.14;99,11;72,04;
20140407;756;56,96;43,68;65,58;07.04.14;99,26;67,92;
20140408;800;115,94;66,05;137,73;08.04.14;99,69;67,20;
20140409;814;142,43;81,14;189,50;09.04.14;100,48;74,02;
20140410;1012;85,11;52,21;108,87;10.04.14;99,48;77,13;
20140411;876;52,94;37,70;62,89;11.04.14;97,11;76,19;
20140412;1057;62,68;43,74;67,76;12.04.14;96,36;76,51;
20140413;501;46,28;26,37;65,98;13.04.14;94,44;80,33;
20140414;742;125,00;62,31;170,76;14.04.14;95,35;90,05;
20140415;767;129,57;60,28;172,38;15.04.14;96,07;92,00;
20140416;829;143,85;119,51;172,78;16.04.14;96,36;92,20;
20140417;960;82,81;55,04;114,77;17.04.14;92,65;91,88;
20140418;766;95,14;43,11;129,45;18.04.14;90,72;97,90;
20140419;1060;53,13;18,69;72,76;19.04.14;89,23;96,54;
20140420;480;69,01;27,52;91,82;20.04.14;87,61;99,79;
20140421;663;89,93;99,62;66,47;21.04.14;88,11;94,78;
20140422;709;135,49;121,10;124,32;22.04.14;89,81;95,62;
20140423;808;114,79;65,39;150,00;23.04.14;89,56;91,47;
20140424;992;66,79;39,95;88,85;24.04.14;87,10;89,18;
20140425;843;125,74;94,02;150,31;25.04.14;87,67;93,56;
20140426;1060;65,63;31,15;88,35;26.04.14;86,96;95,34;
20140427;487;81,62;67,81;101,81;27.04.14;85,94;97,14;
20140428;712;116,31;46,38;170,22;28.04.14;87,38;100,91;
20140429;790;125,79;83,60;167,36;29.04.14;89,57;99,53;
20140430;837;182,05;94,69;230,36;30.04.14;92,78;109,13;
20140501;1004;79,18;52,63;104,25;01.05.14;91,39;110,91;
20140502;899;92,12;44,08;134,81;02.05.14;91,30;106,10;
20140503;1025;93,72;115,99;96,74;03.05.14;92,32;110,12;
20140504;509;91,11;103,81;119,06;04.05.14;93,37;111,47;
20140505;726;63,88;45,49;75,88;05.05.14;93,48;103,98;
20140506;741;111,76;124,79;126,39;06.05.14;96,56;101,98;
20140507;826;80,21;23,99;113,38;07.05.14;97,33;87,43;
20140508;955;121,40;55,33;167,29;08.05.14;97,52;93,46;
20140509;913;119,73;137,45;102,58;09.05.14;96,76;97,40;
20140510;1052;50,38;56,50;47,13;10.05.14;95,60;91,21;
20140511;491;94,45;94,16;112,20;11.05.14;96,99;91,69;
20140512;706;93,84;74,84;93,64;12.05.14;98,02;95,97;
20140513;755;114,08;78,73;131,34;13.05.14;100,28;96,30;
20140514;877;113,31;105,43;119,35;14.05.14;99,89;101,03;
20140515;990;60,23;66,71;50,08;15.05.14;97,58;92,29;
20140516;876;79,41;82,94;100,62;16.05.14;95,44;86,53;
20140517;1069;40,28;37,07;51,53;17.05.14;94,02;85,09;
20140518;490;67,60;53,92;101,19;18.05.14;93,10;81,25;
20140519;704;56,46;103,20;23,48;19.05.14;93,21;75,91;
20140520;767;77,74;34,44;107,74;20.05.14;93,50;70,72;
20140521;874;94,75;113,35;88,24;21.05.14;93,66;68,07;
20140522;1020;58,46;64,75;48,61;22.05.14;91,10;67,82;
20140523;902;110,17;139,12;103,83;23.05.14;90,94;72,21;
20140524;1045;66,57;56,88;68,53;24.05.14;90,93;75,97;
20140525;506;111,29;117,48;108,87;25.05.14;90,45;82,21;
20140526;613;43,23;32,32;44,93;26.05.14;89,71;80,32;
20140527;675;68,71;68,49;57,13;27.05.14;89,27;79,03;
20140528;824;96,48;64,12;113,66;28.05.14;88,61;79,27;
20140529;922;114,97;114,62;119,50;29.05.14;88,25;87,35;
20140530;868;64,88;38,05;82,51;30.05.14;84,35;80,88;
20140531;1097;48,31;54,19;45,20;31.05.14;83,32;78,27;
20140601;476;34,80;55,50;11,57;01.06.14;81,41;67,34;
20140602;694;57,28;38,07;79,38;02.06.14;80,19;69,35;
20140603;785;84,40;109,38;70,18;03.06.14;79,97;71,59;
20140604;823;76,47;88,28;60,24;04.06.14;80,39;68,73;
20140605;951;107,98;138,90;75,31;05.06.14;80,26;67,73;
20140606;938;52,97;49,29;46,99;06.06.14;79,36;66,03;
20140607;1110;23,87;17,85;24,82;07.06.14;76,10;62,54;
20140608;474;69,89;55,74;81,36;08.06.14;74,44;67,55;
20140609;698;75,93;75,70;63,14;09.06.14;75,29;70,22;
20140610;781;114,52;126,85;84,65;10.06.14;75,96;74,52;
20140611;815;130,06;153,98;114,91;11.06.14;77,17;82,18;
20140612;979;87,97;107,94;84,41;12.06.14;76,30;79,32;
20140613;966;99,45;102,56;91,25;13.06.14;75,84;85,96;
20140614;1116;74,21;118,36;34,55;14.06.14;76,30;93,15;
20140615;505;65,60;78,47;87,27;15.06.14;75,84;92,53;
20140616;661;135,31;159,87;108,35;16.06.14;79,01;101,02;
20140617;752;207,04;228,36;205,12;17.06.14;83,66;114,23;
20140618;802;144,56;189,41;123,64;18.06.14;86,60;116,30;
20140619;1012;104,75;110,95;97,99;19.06.14;87,50;118,70;
20140620;876;143,70;158,33;188,66;20.06.14;89,13;125,02;
20140621;1079;89,03;85,70;91,90;21.06.14;90,15;127,14;
20140622;483;102,87;54,70;148,28;22.06.14;89,90;132,46;
20140623;719;129,00;101,05;137,92;23.06.14;91,98;131,56;
20140624;812;155,02;146,41;162,83;24.06.14;93,44;124,13;
20140625;840;94,64;125,80;98,38;25.06.14;95,16;117,00;
20140626;1011;95,02;84,93;103,53;26.06.14;96,03;115,61;
20140627;897;136,64;125,17;159,68;27.06.14;97,37;114,60;
20140628;1119;76,97;88,54;68,92;28.06.14;96,10;112,88;
20140629;436;91,17;75,74;101,08;29.06.14;96,98;111,21;
20140630;709;84,10;111,79;77,70;30.06.14;98,17;104,79;
20140701;804;127,72;106,79;143,89;01.07.14;101,27;100,89;
20140702;836;134,72;118,51;138,38;02.07.14;103,85;106,62;
20140703;925;93,11;99,96;83,38;03.07.14;104,14;106,35;
20140704;720;92,02;45,87;122,42;04.07.14;104,66;99,97;
20140705;1041;73,19;95,17;47,63;05.07.14;103,50;99,43;
20140706;437;90,96;30,23;126,06;06.07.14;104,77;99,40;
20140707;641;124,03;175,16;120,32;07.07.14;108,11;105,11;
20140708;781;114,52;143,77;112,86;08.07.14;109,59;103,22;
20140709;819;109,21;96,77;147,98;09.07.14;110,70;99,58;
20140710;970;75,13;68,09;68,15;10.07.14;109,39;97,01;
20140711;882;116,43;82,37;137,41;11.07.14;108,94;100,49;
20140712;1029;57,95;89,86;32,12;12.07.14;107,93;98,32;
20140713;457;123,22;115,62;144,66;13.07.14;108,73;102,93;
20140714;658;151,03;200,75;150,70;14.07.14;111,29;106,78;
20140715;783;97,30;67,48;133,68;15.07.14;112,35;104,32;
20140716;807;160,09;130,95;184,32;16.07.14;113,17;111,59;
20140717;966;147,45;143,58;165,38;17.07.14;111,19;121,92;
20140718;847;207,28;241,73;273,17;18.07.14;113,28;134,90;
20140719;1048;173,85;144,95;231,29;19.07.14;115,58;151,46;
20140720;456;116,23;115,87;157,06;20.07.14;114,66;150,46;
20140721;635;203,45;93,61;286,29;21.07.14;118,48;157,95;
20140722;745;208,98;106,39;303,18;22.07.14;122,01;173,90;
20140723;839;217,15;102,34;308,61;23.07.14;124,95;182,06;
20140724;914;119,60;101,17;126,57;24.07.14;123,77;178,08;
20140725;882;180,28;127,30;212,37;25.07.14;126,63;174,22;
20140726;1035;131,22;63,81;170,33;26.07.14;127,83;168,13;
20140727;450;110,42;146,77;110,18;27.07.14;126,96;167,30;
20140728;665;149,44;158,91;165,68;28.07.14;129,37;159,58;
20140729;721;169,99;164,89;175,74;29.07.14;132,00;154,01;
20140730;819;202,23;112,90;269,06;30.07.14;135,94;151,88;
20140731;958;141,77;103,41;166,77;31.07.14;136,41;155,05;
20140801;832;151,30;142,89;152,29;01.08.14;136,96;150,91;
20140802;986;47,03;46,89;55,87;02.08.14;135,42;138,88;
20140803;458;36,16;43,26;48,11;03.08.14;133,56;128,28;
20140804;617;155,70;192,68;151,79;04.08.14;136,31;129,17;
20140805;691;172,58;210,28;151,48;05.08.14;139,03;129,54;
20140806;789;159,54;125,57;195,50;06.08.14;140,22;123,44;
20140807;876;177,73;128,17;226,40;07.08.14;142,32;128,58;
20140808;811;212,40;105,87;285,30;08.08.14;145,76;137,31;
20140809;1049;142,10;119,63;157,55;09.08.14;148,00;150,89;
20140810;451;117,52;87,87;158,80;10.08.14;148,03;162,51;
20140811;625;206,70;158,51;246,80;11.08.14;152,99;169,80;
20140812;704;150,57;131,34;187,81;12.08.14;153,90;166,65;
20140813;759;165,85;95,72;210,49;13.08.14;154,40;167,55;
20140814;931;106,74;56,75;136,10;14.08.14;154,71;157,41;
20140815;779;131,82;84,78;155,58;15.08.14;153,77;145,90;
20140816;987;83,90;40,15;117,21;16.08.14;151,65;137,59;
20140817;458;79,56;57,68;84,20;17.08.14;147,39;132,16;
20140818;629;115,86;73,50;140,13;18.08.14;145,46;119,19;
20140819;613;216,15;140,07;260,62;19.08.14;148,79;128,56;
20140820;727;123,03;145,36;113,67;20.08.14;146,11;122,44;
20140821;863;153,54;214,29;127,67;21.08.14;144,26;129,12;
20140822;786;109,58;92,43;126,16;22.08.14;140,68;125,95;
20140823;1036;108,71;82,88;132,94;23.08.14;140,31;129,49;
20140824;496;66,79;39,95;77,75;24.08.14;136,53;127,66;
20140825;672;167,60;167,08;139,36;25.08.14;137,74;135,06;
20140826;729;118,14;81,54;136,02;26.08.14;138,00;121,05;
20140827;764;143,08;138,32;165,85;27.08.14;137,79;123,92;
20140828;917;97,53;72,03;120,15;28.08.14;135,37;115,92;
20140829;779;157,34;84,78;219,23;29.08.14;133,88;122,74;
20140830;1013;127,53;78,24;179,46;30.08.14;133,40;125,43;
20140831;479;103,73;96,52;115,01;31.08.14;131,82;130,71;
20140901;567;227,85;139,78;310,91;01.09.14;137,84;139,32;
20140902;710;219,28;139,54;294,85;02.09.14;143,95;153,76;
20140903;791;184,26;133,60;215,90;03.09.14;144,90;159,65;
20140904;889;219,84;133,73;297,45;04.09.14;146,48;177,12;
20140905;929;117,67;85,31;142,32;05.09.14;145,08;171,45;
20140906;1106;101,83;95,55;124,53;06.09.14;142,55;167,78;
20140907;547;78,73;84,52;80,57;07.09.14;138,10;164,21;
20140908;721;147,02;128,25;160,46;08.09.14;138,26;152,66;
20140909;779;110,56;118,70;99,01;09.09.14;138,03;137,13;
20140910;805;131,68;155,89;116,34;10.09.14;135,53;129,62;
20140911;953;118,18;76,24;156,08;11.09.14;134,45;115,10;
20140912;847;168,17;171,55;175,61;12.09.14;134,52;122,31;
20140913;1127;99,94;76,19;112,43;13.09.14;134,30;122,04;
20140914;520;101,93;139,72;127,13;14.09.14;133,30;125,35;
20140915;675;112,87;136,99;97,94;15.09.14;134,27;120,48;
20140916;800;157,35;140,35;179,04;16.09.14;136,86;127,16;
20140917;767;159,80;189,45;150,83;17.09.14;138,32;131,18;
20140918;954;118,06;96,92;127,04;18.09.14;135,05;131,16;
20140919;873;132,81;90,79;176,69;19.09.14;135,38;126,11;
20140920;1085;76,33;91,31;60,93;20.09.14;132,81;122,73;
20140921;498;79,82;79,58;88,50;21.09.14;131,81;119,58;
20140922;698;80,68;141,94;47,36;22.09.14;130,88;114,98;
20140923;758;179,18;182,98;159,89;23.09.14;134,63;118,09;
20140924;857;146,88;161,84;134,99;24.09.14;133,94;116,25;
20140925;955;107,53;103,74;121,14;25.09.14;133,58;114,75;
20140926;810;151,31;163,08;129,22;26.09.14;133,86;117,39;
20140927;952;128,74;111,00;138,88;27.09.14;134,90;124,88;
20140928;496;60,11;93,21;22,21;28.09.14;131,66;122,06;
20140929;785;101,28;109,38;98,25;29.09.14;130,78;125,00;
20140930;783;97,30;59,05;126,64;30.09.14;130,57;113,31;
20141001;795;108,34;41,54;145,52;01.10.14;126,58;107,80;
20141002;920;57,61;64,61;53,89;02.10.14;121,19;100,67;
20141003;892;103,98;96,26;104,99;03.10.14;118,52;93,91;
20141004;1103;81,09;77,84;79,91;04.10.14;113,89;87,10;
20141005;525;50,48;62,90;31,48;05.10.14;111,65;85,72;
20141006;730;95,29;126,67;75,47;06.10.14;111,43;84,87;
20141007;833;67,60;71,36;59,52;07.10.14;111,06;80,63;
20141008;859;80,98;76,89;96,20;08.10.14;108,86;76,72;
20141009;967;75,36;54,64;91,15;09.10.14;107,69;79,26;
20141010;871;121,70;98,58;132,82;10.10.14;107,36;81,79;
20141011;978;64,35;13,51;95,76;11.10.14;105,56;79,40;
20141012;484;41,06;27,29;45,53;12.10.14;101,33;78,05;
20141013;698;80,68;66,24;86,82;13.10.14;100,68;75,96;
20141014;754;70,29;43,80;80,37;14.10.14;99,63;76,35;
20141015;851;89,53;62,09;97,10;15.10.14;98,85;77,57;
20141016;966;68,58;34,19;85,54;16.10.14;95,89;76,60;
20141017;919;86,51;86,24;83,92;17.10.14;93,45;71,57;
20141018;1039;51,01;76,28;47,72;18.10.14;91,21;69,67;
20141019;517;57,67;51,10;53,28;19.10.14;88,71;72,04;
20141020;655;75,86;50,42;92,52;20.10.14;88,69;71,35;
20141021;818;60,74;64,59;60,61;21.10.14;88,06;69,99;
20141022;844;78,50;78,26;84,85;22.10.14;87,99;68,41;
20141023;981;74,29;114,46;50,54;23.10.14;84,49;69,23;
20141024;831;91,68;87,43;86,18;24.10.14;82,65;69,96;
20141025;1065;111,97;99,23;129,32;25.10.14;82,80;78,67;
20141026;527;37,71;50,13;20,91;26.10.14;79,01;75,82;
20141027;651;96,68;142,04;59,24;27.10.14;77,94;78,80;
20141028;713;139,38;101,90;146,80;28.10.14;80,58;90,03;
20141029;789;92,37;83,71;118,70;29.10.14;80,29;92,01;
20141030;897;103,40;95,72;104,41;30.10.14;80,49;96,17;
20141031;885;89,83;97,02;74,70;31.10.14;79,87;95,91;
20141101;1053;97,52;131,72;78,48;01.11.14;81,20;93,84;
20141102;516;44,94;51,20;53,38;02.11.14;79,24;94,87;
20141103;696;80,91;47,45;94,98;03.11.14;79,23;92,62;
20141104;705;79,88;93,68;62,51;04.11.14;80,21;84,12;
20141105;896;103,52;81,09;110,67;05.11.14;80,48;85,71;
20141106;969;41,02;13,63;56,85;06.11.14;79,60;76,80;
20141107;918;90,21;71,95;96,02;07.11.14;79,91;76,86;
20141108;1113;62,50;23,74;84,14;08.11.14;79,48;71,85;
20141109;493;67,19;93,78;55,87;09.11.14;77,66;75,03;
20141110;687;57,86;67,30;40,09;10.11.14;77,44;71,74;
20141111;731;77,04;81,32;60,29;11.11.14;78,64;71,33;
20141112;750;57,42;35,23;80,80;12.11.14;77,87;64,75;
20141113;915;61,54;14,44;90,31;13.11.14;77,58;67,68;
20141114;941;77,45;84,23;81,96;14.11.14;77,17;65,86;
20141115;1082;97,97;67,15;117,10;15.11.14;78,15;70,92;
20141116;517;51,26;12,78;74,59;16.11.14;76,98;68,65;
20141117;655;136,55;100,84;159,80;17.11.14;79,83;79,89;
20141118;758;87,40;104,56;101,75;18.11.14;80,82;81,37;
20141119;826;92,24;103,95;73,36;19.11.14;81,37;86,34;
20141120;966;89,16;82,05;114,06;20.11.14;82,31;90,29;
20141121;899;110,54;88,16;128,69;21.11.14;83,38;95,02;
20141122;1104;54,01;41,88;54,89;22.11.14;82,71;88,74;
20141123;519;76,59;89,08;63,69;23.11.14;82,20;92,36;
20141124;676;142,11;127,01;154,84;24.11.14;83,21;93,15;
20141125;749;163,64;105,82;183,88;25.11.14;87,40;104,04;
20141126;751;119,09;140,71;117,37;26.11.14;88,15;107,88;
20141127;820;80,79;88,60;60,46;27.11.14;86,20;106,68;
20141128;802;90,87;115,29;75,56;28.11.14;86,15;103,87;
20141129;1012;49,10;65,26;32,66;29.11.14;84,34;103,17;
20141130;513;83,94;115,87;53,69;30.11.14;84,14;104,22;
20141201;633;57,56;52,17;60,92;01.12.14;82,81;92,14;
20141202;730;108,91;144,76;60,37;02.12.14;84,94;84,32;
20141203;824;88,44;48,09;113,66;03.12.14;85,19;79,95;
20141204;959;89,81;103,31;74,68;04.12.14;85,52;81,23;
20141205;848;62,50;70,10;51,97;05.12.14;84,16;77,18;
20141206;1021;61,64;45,28;75,54;06.12.14;84,84;78,97;
20141207;527;44,00;62,66;41,81;07.12.14;83,30;73,27;
20141208;696;109,47;123,36;110,81;08.12.14;84,87;80,68;
20141209;777;72,48;110,50;49,63;09.12.14;85,05;75,48;
20141210;799;107,79;173,59;75,84;10.12.14;86,71;78,24;
20141211;973;81,71;122,18;67,94;11.12.14;86,87;77,08;
20141212;897;77,55;80,99;67,56;12.12.14;87,54;79,23;
20141213;1061;71,81;112,05;31,15;13.12.14;87,88;80,69;
20141214;488;88,24;108,27;67,73;14.12.14;88,24;87,01;
20141215;643;66,97;102,72;51,41;15.12.14;87,21;80,94;
20141216;706;136,07;102,91;179,47;16.12.14;90,03;90,02;
20141217;801;144,74;131,93;165,06;17.12.14;90,31;95,30;
20141218;944;122,82;111,94;151,73;18.12.14;91,49;101,17;
20141219;806;110,97;106,53;136,70;19.12.14;92,11;105,95;
20141220;947;73,46;90,67;46,54;20.12.14;91,59;106,18;
20141221;484;109,51;136,46;91,06;21.12.14;91,55;109,22;
20141222;625;74,20;95,11;70,52;22.12.14;92,23;110,25;
20141223;641;56,85;82,43;42,97;23.12.14;91,57;98,93;
20141224;643;123,64;123,26;154,22;24.12.14;90,95;95,92;
20141225;301;44,02;21,94;54,91;25.12.14;86,97;84,66;
20141226;552;114,02;167,51;49,90;26.12.14;86,80;85,10;
20141227;708;60,82;65,30;46,69;27.12.14;86,13;83,29;
20141228;405;32,72;16,31;40,81;28.12.14;84,19;72,32;
20141229;499;92,94;79,42;88,32;29.12.14;85,65;75,00;
20141230;571;69,62;69,40;57,89;30.12.14;85,18;76,83;
20141231;636;93,75;62,31;112,61;31.12.14;86,38;72,56;
20150101;533;74,58;49,57;82,69;01.01.15;85,24;76,92;
20150102;620;106,86;117,18;97,74;02.01.15;85,85;75,90;
20150103;868;53,43;60,87;44,43;03.01.15;84,64;74,84;
20150104;402;16,48;16,43;13,70;04.01.15;83,10;72,52;
20150105;592;100,72;111,57;74,45;05.01.15;84,41;73,63;
20150106;694;66,82;104,69;31,75;06.01.15;85,17;73,23;
20150107;715;78,76;92,37;61,64;07.01.15;84,14;71,09;
20150108;825;168,64;232,17;133,55;08.01.15;87,35;84,53;
20150109;819;64,71;112,90;26,91;09.01.15;85,91;78,51;
20150110;955;138,75;228,23;92,30;10.01.15;87,82;90,70;
20150111;448;96,12;103,20;86,08;11.01.15;88,43;102,08;
20150112;604;148,08;240,57;91,21;12.01.15;90,98;108,84;
20150113;765;151,56;259,01;79,21;13.01.15;93,09;120,95;
20150114;787;88,39;151,06;77,00;14.01.15;93,80;122,32;
20150115;923;132,79;257,61;23,87;15.01.15;93,69;117,20;
20150116;870;156,11;258,12;82,32;16.01.15;94,07;130,26;
20150117;1010;108,23;156,94;70,91;17.01.15;93,58;125,90;
20150118;424;78,13;109,04;51,97;18.01.15;92,49;123,33;
20150119;606;120,26;130,79;109,09;19.01.15;94,05;119,35;
20150120;737;175,29;250,93;119,60;20.01.15;96,24;122,74;
20150121;803;148,51;189,18;123,49;21.01.15;98,72;131,33;
20150122;874;98,54;136,02;69,34;22.01.15;100,11;126,44;
20150123;850;109,12;124,32;97,22;23.01.15;99,63;119,73;
20150124;1017;97,72;123,39;92,09;24.01.15;101,42;118,22;
20150125;420;110,42;141,53;91,82;25.01.15;101,30;122,84;
20150126;658;135,93;200,75;117,21;26.01.15;103,80;125,07;
20150127;731;95,16;126,49;67,83;27.01.15;105,88;113,63;
20150128;769;146,46;197,54;107,46;28.01.15;107,66;113,34;
20150129;881;105,28;89,96;125,06;29.01.15;108,85;114,30;
20150130;864;126,52;107,02;133,90;30.01.15;109,95;116,78;
20150131;991;60,17;66,65;55,59;31.01.15;109,47;111,42;
20150201;406;114,23;97,61;122,12;01.02.15;109,71;111,96;
20150202;655;101,15;121,00;109,34;02.02.15;111,30;107,00;
20150203;727;141,25;190,78;136,40;03.02.15;115,46;113,58;
20150204;767;90,70;51,67;122,10;04.02.15;115,13;105,61;
20150205;889;89,43;59,44;99,15;05.02.15;115,88;103,35;
20150206;816;166,44;161,88;168,78;06.02.15;118,80;109,05;
20150207;1048;116,95;132,35;99,88;07.02.15;117,08;117,16;
20150208;464;107,09;113,87;94,98;08.02.15;118,49;116,14;
20150209;642;128,99;61,73;163,04;09.02.15;118,17;120,12;
20150210;691;134,23;95,58;183,37;10.02.15;119,44;119,12;
20150211;777;110,85;136,00;113,44;11.02.15;118,20;122,00;
20150212;908;76,61;116,38;54,60;12.02.15;115,70;120,17;
20150213;854;139,64;77,34;174,17;13.02.15;117,41;116,34;
20150214;988;60,35;86,90;39,03;14.02.15;114,99;108,25;
20150215;468;70,78;98,79;47,09;15.02.15;112,15;103,06;
20150216;517;102,52;166,08;53,28;16.02.15;111,96;99,28;
20150217;696;123,75;151,83;134,56;17.02.15;113,48;97,78;
20150218;771;154,67;171,33;135,76;18.02.15;114,62;104,05;
20150219;875;143,86;158,51;157,40;19.02.15;113,58;113,65;
20150220;823;136,85;128,40;147,26;20.02.15;113,19;113,25;
20150221;1012;72,01;45,68;92,54;21.02.15;112,30;114,92;
20150222;475;83,69;97,33;81,19;22.02.15;111,46;116,76;
20150223;650;168,18;162,58;161,03;23.02.15;113,80;126,14;
20150224;711;149,09;130,05;154,97;24.02.15;115,09;129,76;
20150225;753;114,38;96,48;124,37;25.02.15;114,38;124,01;
20150226;906;95,06;58,32;121,61;26.02.15;114,37;117,04;
20150227;813;105,94;97,49;115,19;27.02.15;113,02;112,62;
20150228;1028;51,56;32,12;64,31;28.02.15;111,23;109,70;
20150301;446;111,41;59,24;135,87;01.03.15;110,73;113,66;
20150302;691;105,47;28,67;151,48;02.03.15;112,24;104,70;
20150303;754;149,37;105,12;175,35;03.03.15;113,41;104,74;
20150304;789;218,32;125,57;279,29;04.03.15;117,31;119,59;
20150305;855;77,49;84,97;64,43;05.03.15;115,19;117,08;
20150306;847;86,04;93,57;91,06;06.03.15;115,03;114,24;
20150307;1065;59,10;37,21;77,59;07.03.15;114,02;115,31;
20150308;462;86,04;71,48;107,32;08.03.15;111,34;111,69;
20150309;664;79,82;29,84;116,15;09.03.15;110,10;108,03;
20150310;738;89,77;62,65;104,51;10.03.15;109,53;99,51;
20150311;764;78,04;77,80;72,11;11.03.15;107,83;79,47;
20150312;941;105,61;112,30;81,96;12.03.15;106,87;83,49;
20150313;830;67,85;63,66;59,74;13.03.15;105,44;80,89;
20150314;941;66,89;70,19;81,96;14.03.15;105,12;82,00;
20150315;511;116,69;90,48;150,93;15.03.15;104,35;86,38;
20150316;667;109,26;99,02;107,37;16.03.15;105,98;90,59;
20150317;715;97,29;46,19;130,98;17.03.15;106,87;91,66;
20150318;762;117,37;69,34;144,59;18.03.15;107,36;97,28;
20150319;1008;55,87;39,31;65,58;19.03.15;105,10;90,17;
20150320;804;94,76;90,36;102,78;20.03.15;103,10;94,02;
20150321;933;74,56;49,55;88,57;21.03.15;100,79;95,11;
20150322;504;78,87;39,31;120,24;22.03.15;98,86;89,71;
20150323;674;98,30;39,20;130,78;23.03.15;99,74;88,15;
20150324;726;100,38;90,97;106,23;24.03.15;100,29;88,59;
20150325;723;105,38;100,49;91,44;25.03.15;98,20;86,87;
20150326;929;103,41;120,86;94,88;26.03.15;96,68;93,66;
20150327;798;199,25;215,19;214,01;27.03.15;99,51;108,59;
20150328;902;91,81;117,16;61,08;28.03.15;99,40;111,06;
20150329;513;129,14;128,75;150,34;29.03.15;100,17;118,24;
20150330;672;123,24;78,63;172,16;30.03.15;102,56;121,80;
20150331;733;131,06;63,07;165,35;31.03.15;103,21;126,18;
20150401;763;138,93;112,53;158,84;01.04.15;104,33;130,98;
20150402;902;113,85;146,45;85,51;02.04.15;103,15;132,47;
20150403;706;150,14;112,26;202,88;03.04.15;100,87;125,45;
20150404;840;165,63;94,35;203,31;04.04.15;103,81;136,00;
20150405;512;116,46;129,00;107,60;05.04.15;104,83;134,19;
20150406;624;116,79;148,18;97,11;06.04.15;106,75;133,26;
20150407;752;110,13;70,26;146,52;07.04.15;107,55;130,27;
20150408;735;166,76;143,78;209,87;08.04.15;110,45;134,25;
20150409;860;134,81;138,24;128,12;09.04.15;111,95;137,24;
20150410;839;142,14;86,59;183,85;10.04.15;114,09;136,10;
20150411;929;74,88;63,99;83,02;11.04.15;113,06;123,14;
20150412;500;53,00;52,84;44,07;12.04.15;112,57;114,07;
20150413;669;79,22;78,98;98,82;13.04.15;112,98;108,71;
20150414;708;121,65;83,96;147,84;14.04.15;113,14;110,35;
20150415;784;143,66;134,79;175,67;15.04.15;114,29;107,05;
20150416;949;104,72;97,44;133,52;16.04.15;114,54;102,75;
20150417;836;99,06;94,80;92,26;17.04.15;113,93;96,60;
20150418;907;47,48;43,69;48,59;18.04.15;113,65;92,68;
20150419;508;97,81;104,01;75,91;19.04.15;113,75;99,09;
20150420;650;91,73;60,97;118,66;20.04.15;114,32;100,87;
20150421;738;85,28;107,39;82,11;21.04.15;114,54;95,68;
20150422;745;75,59;70,92;96,13;22.04.15;113,78;85,95;
20150423;922;61,08;35,82;83,65;23.04.15;112,47;79,72;
20150424;826;156,40;183,91;126,72;24.04.15;114,17;87,91;
20150425;879;41,45;60,11;25,07;25.04.15;112,10;87,05;
20150426;506;39,28;52,21;32,66;26.04.15;106,77;78,69;
20150427;697;76,04;85,28;71,13;27.04.15;106,25;76,45;
20150428;720;46,01;27,52;61,21;28.04.15;103,48;70,84;
20150429;709;84,10;93,16;62,16;29.04.15;102,17;72,05;
20150430;942;52,75;49,08;52,63;30.04.15;99,56;70,86;
20150501;869;76,24;38,00;95,09;01.05.15;97,47;59,41;
20150502;879;41,45;37,57;50,14;02.05.15;95,06;59,41;
20150503;529;43,83;62,43;20,83;03.05.15;91,51;60,06;
20150504;610;70,60;64,96;63,22;04.05.15;88,35;59,28;
20150505;666;44,76;39,67;49,63;05.05.15;85,96;59,10;
20150506;731;99,69;108,42;82,90;06.05.15;85,39;61,33;
20150507;876;64,28;67,86;69,18;07.05.15;83,86;62,98;
20150508;831;71,75;55,64;86,18;08.05.15;80,69;62,34;
20150509;860;50,07;53,76;44,84;09.05.15;77,87;63,57;
20150510;504;52,58;65,52;32,79;10.05.15;74,88;64,82;
20150511;642;118,67;72,01;145,88;11.05.15;76,34;71,69;
20150512;746;62,17;35,41;88,62;12.05.15;76,65;74,18;
20150513;724;114,38;100,35;129,36;13.05.15;77,82;76,27;
20150514;898;77,47;73,55;67,48;14.05.15;76,35;78,16;
20150515;800;95,24;74,30;117,07;15.05.15;74,73;81,51;
20150516;932;78,19;85,04;70,93;16.05.15;73,85;85,53;
20150517;517;76,89;89,43;63,93;17.05.15;73,11;89,00;
20150518;650;112,12;81,29;152,56;18.05.15;75,26;88,06;
20150519;619;128,44;138,71;151,30;19.05.15;76,29;97,53;
20150520;788;71,46;58,67;76,90;20.05.15;75,61;91,40;
20150521;875;56,79;37,74;62,96;21.05.15;74,66;88,45;
20150522;786;84,29;92,43;70,09;22.05.15;74,95;86,88;
20150523;861;80,79;107,39;57,59;23.05.15;75,61;87,25;
20150524;472;63,16;111,94;35,01;24.05.15;72,50;85,29;
20150525;535;86,68;111,11;61,78;25.05.15;74,01;81,66;
20150526;620;37,40;42,61;35,54;26.05.15;73,94;68,65;
20150527;716;83,28;92,25;76,94;27.05.15;74,18;70,34;
20150528;889;55,89;37,15;74,36;28.05.15;74,51;70,21;
20150529;836;55,47;71,10;32,95;29.05.15;73,56;66,10;
20150530;869;68,61;60,80;69,73;30.05.15;74,09;64,36;
20150531;473;84,04;55,85;93,18;31.05.15;74,35;67,34;
20150601;686;106,23;154,05;88,34;01.06.15;76,51;70,13;
20150602;659;65,35;60,13;66,88;02.06.15;77,23;74,13;
20150603;744;129,12;142,04;118,47;03.06.15;79,18;80,67;
20150604;945;84,13;97,85;58,30;04.06.15;80,49;84,71;
20150605;901;62,50;65,97;61,14;05.06.15;79,25;85,71;
20150606;903;36,68;36,57;30,50;06.06.15;78,33;81,15;
20150607;459;86,60;86,34;96,02;07.06.15;78,82;81,52;
20150608;648;81,79;40,77;110,52;08.06.15;79,88;78,02;
20150609;694;95,46;76,14;103,19;09.06.15;81,31;82,33;
20150610;750;48,58;26,42;58,76;10.06.15;78,97;70,82;
20150611;904;54,97;21,92;79,22;11.06.15;78,73;66,66;
20150612;875;41,64;45,29;37,78;12.06.15;76,31;63,68;
20150613;885;56,15;59,70;49,80;13.06.15;75,60;66,46;
20150614;512;64,70;51,60;64,56;14.06.15;74,58;63,33;
20150615;629;63,20;84,00;43,79;15.06.15;74,08;60,67;
20150616;725;114,23;100,21;113,98;16.06.15;75,33;63,35;
20150617;746;79,93;79,68;81,23;17.06.15;74,25;67,83;
20150618;917;83,09;100,84;78,10;18.06.15;72,74;71,85;
20150619;823;44,27;48,15;46,86;19.06.15;71,83;72,22;
20150620;866;99,45;160,16;50,89;20.06.15;73,26;78,41;
20150621;488;74,67;121,81;33,87;21.06.15;72,94;79,83;
20150622;621;90,68;116,99;70,97;22.06.15;73,27;83,76;
20150623;672;103,52;88,46;106,57;23.06.15;74,61;82,23;
20150624;703;84,82;75,16;86,20;24.06.15;74,55;82,93;
20150625;885;131,01;67,17;174,30;25.06.15;77,67;89,77;
20150626;813;81,49;89,36;60,99;26.06.15;77,61;95,09;
20150627;848;78,13;109,04;51,97;27.06.15;78,35;92,04;
20150628;482;109,96;95,92;114,29;28.06.15;80,17;97,09;
20150629;629;136,93;178,51;87,58;29.06.15;82,44;103,69;
20150630;763;169,32;173,13;187,73;30.06.15;85,29;113,09;
20150701;818;93,14;96,89;87,55;01.07.15;84,85;114,28;
20150702;901;84,56;87,97;73,37;02.07.15;85,49;107,65;
20150703;800;86,95;57,79;110,18;03.07.15;84,08;108,43;
20150704;727;50,12;63,59;53,04;04.07.15;82,95;104,43;
20150705;412;80,40;128,25;80,23;05.07.15;83,55;100,20;
20150706;606;109,33;65,39;127,27;06.07.15;85,97;96,26;
20150707;686;82,09;86,65;64,24;07.07.15;85,82;83,80;
20150708;697;61,78;37,90;79,04;08.07.15;85,15;79,32;
20150709;904;58,63;21,92;79,22;09.07.15;83,92;75,62;
20150710;802;107,39;82,35;123,64;10.07.15;85,88;78,53;
20150711;853;81,55;61,94;90,42;11.07.15;86,77;83,02;
20150712;472;105,27;97,95;116,72;12.07.15;88,89;86,58;
20150713;646;123,07;92,02;153,50;13.07.15;91,12;88,54;
20150714;685;67,70;19,28;104,55;14.07.15;91,22;86,49;
20150715;749;229,98;35,27;367,76;15.07.15;96,78;110,51;
20150716;901;117,65;21,99;183,43;16.07.15;96,90;118,94;
20150717;834;146,96;134,63;138,72;17.07.15;99,13;124,60;
20150718;835;63,47;79,10;46,18;18.07.15;98,48;122,01;
20150719;470;98,67;70,26;105,49;19.07.15;100,29;121,07;
20150720;608;125,31;108,63;144,97;20.07.15;101,15;121,39;
20150721;666;193,98;178,51;231,61;21.07.15;105,13;139,43;
20150722;758;152,95;148,13;167,16;22.07.15;107,20;128,43;
20150723;793;87,72;41,64;131,99;23.07.15;106,68;124,15;
20150724;789;113,36;142,31;111,72;24.07.15;107,63;119,35;
20150725;827;92,13;143,75;53,29;25.07.15;106,33;123,45;
20150726;442;127,41;164,37;74,78;26.07.15;107,86;127,55;
20150727;599;171,44;209,50;147,15;27.07.15;110,97;134,14;
20150728;623;132,93;148,42;114,96;28.07.15;111,74;125,42;
20150729;696;99,95;37,96;150,39;29.07.15;110,51;117,85;
20150730;751;74,98;43,97;88,03;30.07.15;107,36;116,03;
20150731;825;72,27;72,05;66,78;31.07.15;106,67;110,16;
20150801;828;64,01;103,70;33,27;01.08.15;105,98;106,14;
20150802;381;69,56;86,68;57,84;02.08.15;105,40;97,88;
20150803;582;28,46;11,35;37,86;03.08.15;104,68;77,45;
20150804;598;155,10;77,31;202,67;04.08.15;107,17;80,62;
20150805;681;77,83;87,29;80,90;05.08.15;106,12;77,46;
20150806;823;128,80;88,28;167,35;06.08.15;107,68;85,15;
20150807;735;90,14;62,90;97,44;07.08.15;108,62;87,70;
20150808;819;68,76;40,32;80,72;08.08.15;108,96;88,38;
20150809;427;85,34;92,81;64,51;09.08.15;108,22;90,63;
20150810;596;88,93;66,49;92,43;10.08.15;108,47;99,27;
20150811;671;93,80;78,75;90,31;11.08.15;108,09;90,51;
20150812;680;97,43;135,98;64,81;12.08.15;107,23;93,31;
20150813;722;110,11;155,51;68,67;13.08.15;108,65;90,64;
20150814;719;78,32;64,30;84,28;14.08.15;103,59;88,95;
20150815;831;47,83;15,90;72,92;15.08.15;101,26;85,97;
20150816;465;71,24;56,81;94,78;16.08.15;98,74;83,95;
20150817;589;95,61;56,07;121,59;17.08.15;99,81;84,91;
20150818;636;88,54;93,46;77,96;18.08.15;99,47;84,16;
20150819;684;121,07;115,87;120,81;19.08.15;99,33;87,53;
20150820;689;28,85;19,17;31,98;20.08.15;93,83;75,92;
20150821;768;86,26;34,40;129,12;21.08.15;91,61;77,06;
20150822;710;79,32;93,02;62,07;22.08.15;91,33;81,56;
20150823;480;55,21;82,56;22,95;23.08.15;89,39;79,27;
20150824;641;103,36;72,13;120,32;24.08.15;89,76;80,37;
20150825;570;58,12;92,70;28,99;25.08.15;87,45;76,03;
20150826;670;79,11;88,72;65,78;26.08.15;84,37;70,03;
20150827;773;85,71;111,08;71,27;27.08.15;82,80;78,15;
20150828;689;52,89;28,76;79,96;28.08.15;81,23;73,38;
20150829;773;64,28;59,81;57,01;29.08.15;80,87;71,24;
20150830;515;70,75;38,47;96,27;30.08.15;80,82;73,46;
20150831;627;79,25;42,14;105,44;31.08.15;81,33;70,01;
20150901;619;96,33;32,01;142,40;01.09.15;82,22;75,47;
20150902;700;75,72;56,61;78,70;02.09.15;83,80;74,99;
20150903;775;85,49;68,18;92,41;03.09.15;81,48;74,96;
20150904;811;98,03;40,72;129,06;04.09.15;82,15;81,41;
20150905;871;91,28;68,25;113,85;05.09.15;80,90;85,26;
20150906;481;82,64;68,66;80,17;06.09.15;80,65;86,96;
20150907;591;84,08;67,05;83,89;07.09.15;81,16;87,65;
20150908;674;117,95;127,39;114,43;08.09.15;82,25;90,74;
20150909;766;142,71;163,83;129,45;09.09.15;84,04;100,31;
20150910;809;143,31;89,80;183,86;10.09.15;85,69;108,57;
20150911;836;118,87;126,41;118,61;11.09.15;86,41;111,55;
20150912;586;101,75;90,17;103,41;12.09.15;86,13;113,05;
20150913;539;55,31;49,01;71,55;13.09.15;85,36;109,14;
20150914;663;79,94;89,66;91,40;14.09.15;86,43;108,55;
20150915;729;122,69;144,96;113,35;15.09.15;88,15;109,23;
20150916;754;83,47;43,80;109,60;16.09.15;87,74;100,76;
20150917;834;83,41;71,27;99,08;17.09.15;87,57;92,21;
20150918;829;83,91;79,67;86,39;18.09.15;86,33;87,21;
20150919;838;83,01;86,70;98,61;19.09.15;88,14;84,54;
20150920;583;68,18;56,64;75,60;20.09.15;87,54;86,37;
20150921;690;86,41;57,43;127,75;21.09.15;87,77;87,30;
20150922;702;188,75;131,72;219,73;22.09.15;92,22;96,74;
20150923;811;85,78;57,01;101,89;23.09.15;91,64;97,07;
20150924;859;88,70;61,51;121,85;24.09.15;92,66;97,82;
20150925;850;81,84;85,47;90,74;25.09.15;92,75;97,52;
20150926;972;78,38;67,95;96,35;26.09.15;92,50;96,86;
20150927;618;75,04;117,56;80,23;27.09.15;93,24;97,84;
20150928;791;92,13;41,75;125,36;28.09.15;94,17;98,66;
20150929;742;111,61;71,21;148,49;29.09.15;95,53;87,64;
20150930;785;101,28;84,14;112,29;30.09.15;96,27;89,85;
20151001;851;128,45;139,70;155,37;01.10.15;97,34;95,53;
20151002;900;180,35;205,48;165,27;02.10.15;100,83;109,61;
20151003;939;70,56;70,34;82,14;03.10.15;100,33;108,49;
20151004;606;81,99;108,99;72,73;04.10.15;99,79;109,48;
20151005;800;91,10;132,09;61,98;05.10.15;99,79;109,33;
20151006;732;113,13;171,43;52,68;06.10.15;100,80;109,55;
20151007;838;110,68;118,22;111,76;07.10.15;101,69;110,90;
20151008;891;70,64;81,54;49,46;08.10.15;100,11;102,64;
20151009;862;88,39;137,92;51,13;09.10.15;98,30;89,50;
20151010;893;107,57;140,53;98,71;10.10.15;97,11;94,79;
20151011;558;83,11;106,53;69,11;11.10.15;95,92;94,95;
20151012;710;79,32;93,02;62,07;12.10.15;95,17;93,26;
20151013;739;80,69;89,37;67,09;13.10.15;96,02;88,63;
20151014;754;105,44;122,63;94,98;14.10.15;96,87;87,88;
20151015;825;84,32;56,04;113,52;15.10.15;95,59;89,83;
20151016;808;90,19;81,74;81,82;16.10.15;95,81;90,09;
20151017;841;110,29;102,09;104,81;17.10.15;96,71;90,48;
20151018;543;67,11;60,82;71,02;18.10.15;96,15;88,19;
20151019;623;85,07;74,21;97,27;19.10.15;96,22;89,02;
20151020;661;70,16;99,92;41,67;20.10.15;96,28;87,51;
20151021;764;69,37;77,80;50,48;21.10.15;95,71;82,36;
20151022;866;68,85;61,01;63,61;22.10.15;91,72;80,15;
20151023;879;79,14;90,17;75,21;23.10.15;91,50;78,57;
20151024;768;73,33;146,20;14,35;24.10.15;90,98;73,29;
20151025;574;51,94;80,55;28,79;25.10.15;89,99;71,12;
20151026;632;83,86;83,60;87,17;26.10.15;90,17;70,95;
20151027;670;49,44;39,43;57,56;27.10.15;89,32;67,99;
20151028;779;68,04;110,22;35,36;28.10.15;88,51;67,80;
20151029;846;62,65;54,65;71,63;29.10.15;86,88;66,91;
20151030;724;91,51;91,23;76,09;30.10.15;86,56;68,68;
20151031;815;81,29;105,35;67,60;31.10.15;84,98;69,82;
20151101;498;46,56;66,31;44,25;01.11.15;80,52;69,05;
20151102;663;109,92;149,43;74,78;02.11.15;81,84;72,77;
20151103;684;53,27;48,28;48,32;03.11.15;80,88;73,32;
20151104;721;96,48;146,57;53,49;04.11.15;81,06;77,38;
20151105;822;60,45;72,31;40,21;05.11.15;79,30;77,07;
20151106;780;89,18;110,08;84,75;06.11.15;78,59;76,74;
20151107;875;102,22;128,32;81,85;07.11.15;79,64;79,73;
20151108;512;84,11;103,20;86,08;08.11.15;79,50;85,09;
20151109;645;87,31;61,44;93,95;09.11.15;78,82;81,86;
20151110;699;85,30;103,94;63,05;10.11.15;78,89;86,44;
20151111;701;51,98;75,38;31,44;11.11.15;77,98;80,08;
20151112;901;44,12;43,98;42,80;12.11.15;76,76;77,75;
20151113;807;61,57;73,66;40,96;13.11.15;75,30;73,80;
20151114;875;121,15;181,16;94,44;14.11.15;76,53;76,50;
20151115;539;129,06;220,57;51,10;15.11.15;77,82;82,93;
20151116;658;291,99;401,50;251,17;16.11.15;83,88;112,17;
20151117;683;354,05;551,20;266,17;17.11.15;93,45;150,56; Paris Terrorist Attacks
20151118;685;309,50;520,67;168,89;18.11.15;100,93;187,35;
20151119;791;242,89;384,09;153,22;19.11.15;106,68;215,74;
20151120;843;212,19;329,06;130,70;20.11.15;111,44;237,26;
20151121;869;171,54;273,61;107,77;21.11.15;114,87;244,46;
20151122;472;203,53;335,83;151,73;22.11.15;119,01;255,10;
20151123;643;170,01;236,25;128,51;23.11.15;122,24;237,67;
20151124;671;246,84;334,67;238,09;24.11.15;128,73;222,36;
20151125;602;247,62;394,97;155,57;25.11.15;134,19;213,52;
20151126;766;172,98;206,94;165,41;26.11.15;138,31;203,53;
20151127;725;237,59;300,63;212,76;27.11.15;143,96;207,16;
20151128;817;101,36;105,09;107,89;28.11.15;145,25;197,13;
20151129;448;103,52;132,68;98,38;29.11.15;145,65;182,85;
20151130;661;100,23;109,91;100,01;30.11.15;146,28;172,88;
20151201;680;170,50;223,40;121,52;01.12.15;150,41;161,97;
20151202;722;192,70;265,29;129,71;02.12.15;153,17;154,13;
20151203;860;157,92;222,72;121,71;03.12.15;156,66;151,97;
20151204;784;156,33;210,61;126,48;04.12.15;158,66;140,37;
20151205;817;158,13;274,86;134,86;05.12.15;161,91;148,48;
20151206;514;135,34;218,44;75,03;06.12.15;163,45;153,02;
20151207;621;197,37;308,43;168,55;07.12.15;166,62;166,90;
20151208;686;197,98;298,47;136,52;08.12.15;170,42;170,82;
20151209;714;199,50;240,51;162,03;09.12.15;174,16;171,80;
20151210;809;147,41;236,76;68,10;10.12.15;176,23;170,29;
20151211;795;150,00;207,70;110,87;11.12.15;179,50;169,39;
20151212;799;103,65;140,53;89,63;12.12.15;181,48;161,61;
20151213;487;81,62;108,50;56,56;13.12.15;182,15;153,93;
20151214;638;119,42;175,99;86,35;14.12.15;182,09;142,80;
20151215;652;142,26;212,73;101,39;15.12.15;182,53;134,84;
20151216;699;170,60;179,53;173,39;16.12.15;178,49;130,71;
20151217;813;162,98;194,97;196,51;17.12.15;172,12;132,93;
20151218;739;134,48;196,62;104,37;18.12.15;166,28;130,72;
20151219;660;115,44;120,09;116,86;19.12.15;162,03;132,40;
20151220;461;100,60;186,25;23,90;20.12.15;158,31;135,11;
20151221;542;165,02;207,16;132,13;21.12.15;158,10;141,62;
20151222;578;143,28;194,26;95,31;22.12.15;156,09;141,77;
20151223;584;73,74;90,48;47,17;23.12.15;152,88;127,93;
20151224;626;111,12;137,16;96,80;24.12.15;148,36;120,52;
20151225;247;160,93;240,66;111,52;25.12.15;145,47;124,30;
20151226;465;135,35;184,65;118,47;26.12.15;144,21;127,15;
20151227;354;102,93;186,57;31,12;27.12.15;139,72;127,48;
20151228;493;147,82;160,76;156,44;28.12.15;141,27;125,03;
20151229;515;109,35;128,25;106,97;29.12.15;141,47;120,18;
20151230;585;141,56;203,22;84,75;30.12.15;142,84;129,87;
20151231;567;70,11;69,89;68,01;31.12.15;139,50;124,01;
20160101;460;208,84;315,88;155,69;01.01.16;140,04;130,85;
20160102;627;89,81;84,27;105,44;02.01.16;137,77;124,35;
20160103;410;113,11;193,31;80,62;03.01.16;136,32;125,80;
20160104;620;133,57;138,49;133,28;04.01.16;135,51;123,76;
20160105;662;205,16;129,70;266,30;05.01.16;137,83;137,45;
20160106;677;161,47;175,61;138,34;06.01.16;136,64;140,30;
20160107;791;205,20;116,90;264,66;07.01.16;136,88;159,60;
20160108;732;181,01;162,41;203,20;08.01.16;136,26;155,62;
20160109;838;67,20;63,05;72,31;09.01.16;133,59;152,39;
20160110;460;100,82;86,15;95,81;10.01.16;131,95;150,63;
20160111;626;95,25;52,75;114,40;11.01.16;131,67;145,16;
20160112;685;106,39;67,49;144,76;12.01.16;132,49;131,05;
20160113;737;139,33;80,65;179,40;13.01.16;133,16;127,89;
20160114;792;125,48;141,77;118,25;14.01.16;132,60;116,50;
20160115;764;112,73;129,67;86,53;15.01.16;130,67;106,74;
20160116;855;92,98;131,32;51,55;16.01.16;128,34;110,43;
20160117;487;102,03;122,06;67,87;17.01.16;127,25;110,60;
20160118;582;147,98;102,14;170,38;18.01.16;128,34;118,13;
20160119;665;154,42;99,32;182,25;19.01.16;130,13;124,99;
20160120;750;194,34;228,96;198,32;20.01.16;131,11;132,85;
20160121;754;87,87;131,39;65,76;21.01.16;129,26;127,48;
20160122;747;110,86;97,26;118,00;22.01.16;130,50;127,21;
20160123;839;82,91;78,72;91,93;23.01.16;129,56;125,77;
20160124;424;85,94;93,46;103,94;24.01.16;127,06;123,47;
20160125;640;82,81;30,96;120,51;25.01.16;125,31;114,16;
20160126;644;72,01;92,30;59,88;26.01.16;124,28;102,39;
20160127;564;93,97;81,97;97,68;27.01.16;122,48;88,05;
20160128;776;76,84;59,58;92,29;28.01.16;121,40;86,48;
20160129;756;83,25;69,89;87,44;29.01.16;119,46;82,53;
20160130;817;40,55;40,42;33,71;30.01.16;118,47;76,48;
20160131;488;40,73;40,60;33,87;31.01.16;112,87;70,02;
20160201;649;132,71;101,77;161,28;01.02.16;114,30;77,15;
20160202;704;103,52;103,20;86,08;02.02.16;113,98;81,65;
20160203;605;104,03;87,34;109,27;03.02.16;112,99;83,09;
20160204;754;96,65;122,63;80,37;04.02.16;109,38;85,92;
20160205;636;109,38;135,00;77,96;05.02.16;107,64;89,65;
20160206;814;77,32;113,60;47,37;06.02.16;103,38;94,90;
20160207;481;110,19;109,85;114,53;07.02.16;101,02;104,83;
20160208;641;139,53;82,43;171,89;08.02.16;103,43;105,80;
20160209;683;77,60;58,02;80,66;09.02.16;102,65;102,10;
20160210;667;99,33;79,22;140,41;10.02.16;102,79;101,43;
20160211;699;118,48;141,73;94,58;11.02.16;103,19;104,55;
20160212;749;106,14;158,73;58,84;12.02.16;102,09;104,08;
20160213;820;64,64;64,44;53,75;13.02.16;100,06;102,27;
20160214;457;115,98;130,07;108,49;14.02.16;100,17;103,10;
20160215;612;81,19;86,34;63,01;15.02.16;99,77;94,76;
20160216;617;128,85;149,86;98,22;16.02.16;100,67;102,09;
20160217;667;134,09;138,63;132,15;17.02.16;100,20;107,05;
20160218;724;118,96;136,84;114,14;18.02.16;99,02;107,12;
20160219;779;161,59;228,92;148,51;19.02.16;97,93;115,04;
20160220;812;69,35;89,47;47,49;20.02.16;97,31;115,72;
20160221;487;61,22;108,50;33,94;21.02.16;95,66;107,89;
20160222;633;104,66;156,51;52,22;22.02.16;96,38;111,25;
20160223;705;150,36;187,37;117,21;23.02.16;98,53;114,32;
20160224;659;115,61;110,25;117,04;24.02.16;99,62;111,68;
20160225;753;57,19;61,40;51,21;25.02.16;99,13;102,85;
20160226;820;88,87;96,65;87,34;26.02.16;98,96;92,47;
20160227;784;46,48;33,70;49,19;27.02.16;97,95;89,20;
20160228;488;101,82;135,34;101,60;28.02.16;98,57;95,00;
20160229;610;59,73;75,79;36,12;29.02.16;99,21;88,58;
20160301;672;123,24;108,11;139,36;01.03.16;101,96;84,71;
20160302;688;81,85;57,60;112,10;02.03.16;100,26;79,88;
20160303;729;131,78;117,78;136,02;03.03.16;101,20;90,54;
20160304;736;72,01;44,87;82,34;04.03.16;100,14;88,13;
20160305;869;68,61;83,60;63,39;05.03.16;99,20;91,29;
20160306;513;51,66;38,62;53,69;06.03.16;97,28;84,13;
20160307;641;67,18;20,61;103,13;07.03.16;96,94;85,19;
20160308;675;103,06;136,99;65,29;08.03.16;96,70;82,31;
20160309;722;91,76;73,18;99,19;09.03.16;95,11;83,72;
20160310;696;99,95;56,94;126,64;10.03.16;95,85;79,18;
20160311;736;58,51;62,82;52,40;11.03.16;94,49;77,25;
20160312;829;55,94;63,74;39,87;12.03.16;92,41;75,44;
20160313;412;64,32;48,09;80,23;13.03.16;91,02;77,25;
20160314;590;134,75;212,70;65,36;14.03.16;93,35;86,90;
20160315;600;132,50;121,09;119,36;15.03.16;93,90;91,10;
20160316;693;100,38;104,84;95,39;16.03.16;94,54;92,34;
20160317;790;79,67;75,24;69,73;17.03.16;92,90;89,44;
20160318;761;104,47;121,51;94,11;18.03.16;91,92;96,01;
20160319;900;40,49;66,05;24,48;19.03.16;89,30;93,80;
20160320;490;74,36;121,31;44,97;20.03.16;86,39;95,23;
20160321;648;112,46;132,50;110,52;21.03.16;87,83;92,05;
20160322;694;76,37;104,69;55,57;22.03.16;88,34;84,03;
20160323;702;245,38;366,93;188,34;23.03.16;93,03;104,74;
20160324;794;141,85;241,23;90,20;24.03.16;92,74;113,63;
20160325;674;186,76;195,99;179,82;25.03.16;95,11;125,38;
20160326;750;101,59;96,87;110,18;26.03.16;96,59;134,11;
20160327;407;65,11;113,60;27,07;27.03.16;95,80;132,79;
20160328;569;157,19;243,76;96,82;28.03.16;99,49;139,18;
20160329;647;168,96;285,83;76,63;29.03.16;101,73;152,40;
20160330;731;140,48;135,53;158,26;30.03.16;104,42;137,42;
20160331;757;131,28;130,87;145,55;31.03.16;104,69;135,91;
20160401;761;156,70;182,26;152,02;01.04.16;107,18;131,61;
20160402;786;88,50;75,63;105,13;02.04.16;105,74;129,75;
20160403;501;105,79;118,65;98,96;03.04.16;106,87;135,56;
20160404;527;113,14;100,26;114,99;04.04.16;108,35;129,26;
20160405;668;89,26;128,54;57,73;05.04.16;109,61;117,88;
20160406;620;101,51;117,18;79,97;06.04.16;110,75;112,31;
20160407;741;93,88;71,31;104,08;07.04.16;110,44;106,97;
20160408;784;46,48;50,55;35,13;08.04.16;108,93;91,22;
20160409;818;44,55;64,59;26,94;09.04.16;107,09;84,94;
20160410;476;69,59;69,38;57,87;10.04.16;107,46;79,77;
20160411;865;95,74;122,17;70,06;11.04.16;108,78;77,29;
20160412;664;79,82;89,52;74,67;12.04.16;109,30;75,94;
20160413;712;97,70;64,93;116,06;13.04.16;108,07;75,39;
20160414;753;96,78;61,40;124,37;14.04.16;106,87;75,81;
20160415;805;86,41;65,64;116,34;15.04.16;106,41;81,51;
20160416;774;55,64;68,27;49,82;16.04.16;105,61;83,10;
20160417;465;64,11;71,02;47,39;17.04.16;104,26;82,32;
20160418;570;52,30;57,94;48,32;18.04.16;104,66;76,11;
20160419;624;90,25;84,68;105,94;19.04.16;105,19;77,60;
20160420;711;93,18;102,18;77,48;20.04.16;104,54;76,95;
20160421;710;93,31;120,93;100,87;21.04.16;105,11;76,46;
20160422;734;76,72;89,98;75,05;22.04.16;99,49;75,07;
20160423;818;40,50;64,59;13,47;23.04.16;96,11;72,91;
20160424;457;86,98;130,07;60,27;24.04.16;92,78;76,18;
20160425;619;80,27;106,70;62,30;25.04.16;92,07;80,17;
20160426;660;80,30;100,07;66,78;26.04.16;92,58;78,75;
20160427;670;74,16;88,72;65,78;27.04.16;89,81;76,04;
20160428;751;105,86;79,15;146,71;28.04.16;87,71;77,83;
20160429;769;77,54;60,12;85,97;29.04.16;85,61;77,95;
20160430;830;71,84;103,45;53,10;30.04.16;83,63;82,42;
20160501;471;77,36;112,18;58,48;01.05.16;80,98;81,05;
20160502;567;99,32;58,24;116,59;02.05.16;81,34;83,77;
20160503;652;71,13;131,69;33,80;03.05.16;80,19;82,46;
20160504;730;104,37;171,90;45,28;04.05.16;79,90;86,77;
20160505;670;103,83;69,00;115,11;05.05.16;80,38;86,48;
20160506;793;79,37;91,62;55,58;06.05.16;79,64;86,74;
20160507;789;54,58;58,60;41,89;07.05.16;78,33;84,28;
20160508;445;22,33;29,68;24,76;08.05.16;77,53;76,42;
20160509;627;100,38;84,27;96,65;09.05.16;79,39;76,57;
20160510;637;72,80;51,84;112,43;10.05.16;79,50;76,81;
20160511;904;113,59;124,20;109,69;11.05.16;80,09;78,13;
20160512;719;101,36;119,42;91,94;12.05.16;80,81;77,77;
20160513;751;88,22;79,15;88,03;13.05.16;80,49;79,04;
20160514;793;45,95;41,64;48,63;14.05.16;78,80;77,81;
20160515;454;72,96;43,64;97,08;15.05.16;78,35;85,04;
20160516;644;66,87;51,28;76,99;16.05.16;78,73;80,25;
20160517;637;88,40;51,84;121,08;17.05.16;79,53;82,48;
20160518;717;92,40;73,69;107,57;18.05.16;80,87;79,45;
20160519;717;73,92;82,90;84,52;19.05.16;80,33;75,53;
20160520;886;115,90;164,00;68,40;20.05.16;81,08;79,49;
20160521;829;83,91;119,51;66,45;21.05.16;80,77;84,91;
20160522;477;104,17;152,31;69,30;22.05.16;81,69;89,37;
20160523;626;121,71;158,26;79,20;23.05.16;84,39;97,20;
20160524;879;86,68;97,68;106,55;24.05.16;84,38;96,96;
20160525;656;75,74;70,48;100,77;25.05.16;84,23;94,58;
20160526;721;68,92;82,44;61,13;26.05.16;83,85;93,86;
20160527;688;81,85;48,00;104,09;27.05.16;84,11;89,00;
20160528;795;62,50;66,46;69,30;28.05.16;82,66;85,94;
20160529;442;44,97;59,77;24,93;29.05.16;81,58;77,48;
20160530;457;108,73;57,81;144,66;30.05.16;82,81;75,63;
20160531;939;141,11;126,61;146,67;31.05.16;84,93;83,40;
20160601;657;100,84;140,74;75,47;01.06.16;84,98;86,99;
20160602;700;94,64;141,53;47,22;02.06.16;85,77;90,66;
20160603;827;144,20;151,74;139,89;03.06.16;87,09;99,57;
20160604;758;56,81;34,85;65,41;04.06.16;85,53;98,76;
20160605;417;63,55;47,52;66,06;05.06.16;85,00;101,41;
20160606;588;101,41;134,79;93,69;06.06.16;86,56;100,37;
20160607;669;79,22;78,98;74,11;07.06.16;88,46;91,52;
20160608;734;76,72;71,99;82,56;08.06.16;87,67;88,08;
20160609;702;61,34;75,27;47,09;09.06.16;87,29;83,32;
20160610;746;62,17;44,27;88,62;10.06.16;85,57;71,60;
20160611;820;44,44;48,33;53,75;11.06.16;83,68;69,84;
20160612;405;16,36;16,31;13,60;12.06.16;81,28;63,09;
20160613;639;93,31;134,37;43,11;13.06.16;82,86;61,94;
20160614;642;108,36;195,47;34,32;14.06.16;84,04;66,10;
20160615;664;129,71;129,31;141,04;15.06.16;86,13;73,67;
20160616;713;78,98;111,16;54,09;16.06.16;85,82;76,19;
20160617;734;99,29;125,98;67,55;17.06.16;86,05;81,49;
20160618;841;70,90;117,80;26,20;18.06.16;85,95;85,27;
20160619;447;103,75;147,76;86,27;19.06.16;85,54;97,76;
20160620;620;90,83;85,22;97,74;20.06.16;85,77;97,40;
20160621;655;116,32;100,84;109,34;21.06.16;86,18;98,54;
20160622;729;104,51;108,72;113,35;22.06.16;85,60;94,94;
20160623;620;106,86;63,92;133,28;23.06.16;86,28;98,92;
20160624;931;67,60;70,94;76,92;24.06.16;86,01;94,40;
20160625;851;54,50;54,33;45,31;25.06.16;85,53;92,05;
20160626;433;38,25;30,51;38,17;26.06.16;84,07;82,70;
20160627;603;109,87;76,67;118,77;27.06.16;85,65;85,42;
20160628;790;96,44;50,16;118,55;28.06.16;87,37;82,58;
20160629;680;151,01;174,83;145,83;29.06.16;88,78;89,22;
20160630;691;134,23;172,05;103,64;30.06.16;88,55;93,13;
20160701;739;112,06;151,94;74,55;01.07.16;88,92;99,48;
20160702;820;88,87;120,82;73,90;02.07.16;88,73;104,39;
20160703;387;102,72;170,67;71,18;03.07.16;87,35;113,60;
20160704;464;42,83;56,94;47,49;04.07.16;86,88;104,02;
20160705;573;98,28;92,21;96,14;05.07.16;88,04;104,29;
20160706;677;107,65;126,83;105,79;06.07.16;88,25;98,09;
20160707;679;141,48;175,09;121,70;07.07.16;90,32;99,13;
20160708;809;131,03;146,95;136,19;08.07.16;92,13;101,84;
20160709;850;109,12;101,01;116,66;09.07.16;93,72;104,73;
20160710;409;121,49;161,49;94,29;10.07.16;95,70;107,41;
20160711;624;90,25;84,68;97,11;11.07.16;97,23;114,18;
20160712;577;114,82;114,47;143,22;12.07.16;100,51;116,55;
20160713;689;57,69;57,52;47,97;13.07.16;99,32;109,41;
20160714;666;109,42;148,76;82,72;14.07.16;99,36;104,83;
20160715;687;91,61;134,59;64,15;15.07.16;98,09;99,20;
20160716;767;237,54;396,11;179,56;16.07.16;103,37;117,55;
20160717;440;188,21;315,23;112,68;17.07.16;106,34;127,08;
20160718;524;158,04;201,67;126,16;18.07.16;109,24;136,76;
20160719;592;190,25;167,35;214,03;19.07.16;112,13;147,54;
20160720;667;104,29;128,73;82,59;20.07.16;112,58;154,20;
20160721;678;146,57;146,12;154,38;21.07.16;113,58;159,50;
20160722;706;150,14;149,68;140,46;22.07.16;115,10;167,86;
20160723;767;77,74;111,94;57,46;23.07.16;114,13;145,04;
20160724;414;104,02;159,53;79,84;24.07.16;115,35;133,01;
20160725;527;100,57;137,86;73,17;25.07.16;116,88;124,80;
20160726;648;81,79;112,12;76,51;26.07.16;118,34;109,30;
20160727;633;99,43;177,38;26,11;27.07.16;117,99;108,61;
20160728;656;90,89;140,95;50,39;28.07.16;117,80;100,66;
20160729;707;107,76;140,13;85,71;29.07.16;116,36;94,60;
20160730;747;66,52;61,89;66,37;30.07.16;114,10;93,00;
20160731;403;49,32;49,17;41,01;31.07.16;112,01;85,18;
20160801;504;98,59;157,26;54,65;01.08.16;112,34;84,90;
20160802;577;126,30;148,81;95,48;02.08.16;113,12;91,26;
20160803;587;118,51;168,78;75,08;03.08.16;115,64;93,98;
20160804;622;154,44;116,80;203,71;04.08.16;117,52;103,06;
20160805;710;93,31;120,93;93,11;05.08.16;117,04;101,00;
20160806;736;45,01;53,84;37,43;06.08.16;113,82;97,93;
20160807;409;72,89;129,19;53,88;07.08.16;111,89;101,29;
20160808;571;116,03;150,37;96,48;08.08.16;112,12;103,78;
20160809;610;114,04;140,76;108,37;09.08.16;111,87;102,03;
20160810;627;116,23;147,47;105,44;10.08.16;112,73;101,71;
20160811;645;97,58;81,92;136,66;11.08.16;112,16;93,58;
20160812;706;112,61;112,26;124,85;12.08.16;113,99;96,34;
20160813;753;96,78;87,71;95,11;13.08.16;113,57;103,74;
20160814;418;87,17;79,00;79,08;14.08.16;113,42;105,78;
20160815;508;97,81;117,01;75,91;15.08.16;108,76;103,17;
20160816;592;95,12;122,72;74,45;16.08.16;105,66;100,47;
20160817;650;61,16;91,45;50,85;17.08.16;102,43;92,60;
20160818;670;118,66;78,86;139,78;18.08.16;100,04;95,62;
20160819;676;78,40;117,24;32,60;19.08.16;99,18;90,73;
20160820;771;55,85;85,66;50,02;20.08.16;96,16;84,88;
20160821;430;23,11;46,08;0,00;21.08.16;91,92;75,73;
20160822;509;84,60;90,83;64,94;22.08.16;92,15;73,84;
20160823;589;89,98;123,35;65,47;23.08.16;91,68;73,11;
20160824;571;139,23;185,07;96,48;24.08.16;92,97;84,26;
20160825;599;176,97;264,63;110,36;25.08.16;96,14;92,59;
20160826;660;80,30;80,06;66,78;26.08.16;95,51;92,87;
20160827;706;117,30;168,39;85,83;27.08.16;96,39;101,64;
20160828;369;71,82;107,39;29,86;28.08.16;95,19;108,60;
20160829;482;151,20;219,24;91,44;29.08.16;98,01;118,11;
20160830;540;79,75;97,85;51,01;30.08.16;99,03;116,65;
20160831;615;86,18;128,87;53,75;31.08.16;98,61;109,07;
20160901;598;72,01;110,45;46,06;01.09.16;96,80;94,08;
20160902;685;77,37;67,49;80,42;02.09.16;95,43;93,66;
20160903;728;81,90;108,87;52,97;03.09.16;93,01;88,60;
20160904;383;86,49;120,71;57,54;04.09.16;92,79;90,70;
20160905;440;52,70;75,05;25,04;05.09.16;93,04;76,63;
20160906;544;91,34;60,71;111,40;06.09.16;93,66;78,29;
20160907;649;91,87;101,77;84,88;07.09.16;92,85;79,10;
20160908;658;60,41;60,23;58,61;08.09.16;91,06;77,44;
20160909;680;116,91;106,84;105,32;09.09.16;91,09;83,09;
20160910;871;110,29;68,25;132,82;10.09.16;91,51;87,15;
20160911;427;93,09;92,81;103,21;11.09.16;90,86;88,09;
20160912;578;137,55;137,12;123,91;12.09.16;92,22;100,21;
20160913;569;122,26;127,68;125,86;13.09.16;93,39;104,63;
20160914;688;115,55;134,40;88,08;14.09.16;93,98;108,01;
20160915;701;99,24;75,38;117,88;15.09.16;94,12;113,56;
20160916;714;51,03;37,00;54,01;16.09.16;93,78;104,14;
20160917;793;66,84;91,62;62,52;17.09.16;92,05;97,94;
20160918;443;104,69;119,27;87,05;18.09.16;92,93;99,59;
20160919;557;255,73;391,30;148,36;19.09.16;99,59;116,48;
20160920;597;183,11;243,39;175,33;20.09.16;104,92;125,17;
20160921;631;162,74;230,28;148,42;21.09.16;107,53;131,91;
20160922;694;95,46;114,20;79,38;22.09.16;107,71;131,37;
20160923;760;100,25;112,98;108,73;23.09.16;106,41;138,40;
20160924;832;71,67;79,38;79,46;24.09.16;102,90;139,09;
20160925;442;52,46;74,71;62,32;25.09.16;101,97;131,63;
20160926;594;133,84;144,55;120,57;26.09.16;102,53;114,22;
20160927;632;83,86;104,51;69,73;27.09.16;102,93;100,04;
20160928;686;115,89;96,28;120,46;28.09.16;101,75;93,35;
20160929;728;104,66;127,01;90,81;29.09.16;102,58;94,66;
20160930;716;120,29;175,27;107,72;30.09.16;103,72;97,52;
20161001;833;47,72;55,50;39,68;01.10.16;102,91;94,10;
20161002;409;64,79;113,04;26,94;02.10.16;102,49;95,86;
20161003;562;64,84;70,51;78,42;03.10.16;101,92;86,01;
20161004;607;147,35;174,10;145,21;04.10.16;103,95;95,08;
20161005;663;119,91;119,54;132,95;05.10.16;106,19;95,65;
20161006;679;92,69;97,27;89,25;06.10.16;106,23;93,94;
20161007;785;25,32;42,07;21,05;07.10.16;104,01;80,37;
20161008;792;50,19;25,02;76,51;08.10.16;103,67;80,73;
20161009;424;101,56;155,77;64,96;09.10.16;103,16;85,98;
20161010;552;90,02;131,62;69,86;10.10.16;102,49;89,58;
20161011;582;85,38;102,14;66,26;11.10.16;102,23;80,72;
20161012;652;101,61;162,08;92,94;12.10.16;101,03;78,11;
20161013;677;112,54;117,07;105,79;13.10.16;100,71;80,95;
20161014;711;93,18;139,34;77,48;14.10.16;99,96;90,64;
20161015;822;60,45;88,38;46,91;15.10.16;98,67;92,11;
20161016;433;53,55;76,27;50,89;16.10.16;98,75;85,25;
20161017;566;128,76;128,36;126,53;17.10.16;100,82;90,78;
20161018;579;114,42;102,66;142,72;18.10.16;101,14;94,93;
20161019;620;112,20;170,44;88,85;19.10.16;96,36;96,44;
20161020;688;115,55;134,40;96,09;20.10.16;94,11;96,87;
20161021;713;78,98;83,37;69,54;21.10.16;91,31;94,85;
20161022;771;81,63;111,36;50,02;22.10.16;90,85;97,87;
20161023;415;79,82;95,49;53,10;23.10.16;90,17;101,62;
20161024;539;86,04;98,03;71,55;24.10.16;90,65;95,52;
20161025;604;71,30;76,55;72,97;25.10.16;91,28;89,36;
20161026;615;96,95;53,70;134,37;26.10.16;90,05;87,18;
20161027;702;99,09;65,86;109,87;27.10.16;90,56;84,83;
20161028;685;82,21;57,85;96,51;28.10.16;89,43;85,29;
20161029;793;66,84;83,29;69,47;29.10.16;88,17;83,18;
20161030;442;82,44;89,66;87,25;30.10.16;86,91;83,55;
20161031;571;63,81;92,54;38,59;31.10.16;87,45;80,38;
20161101;628;89,67;52,59;114,04;01.11.16;88,28;83,00;
20161102;645;77,04;92,16;51,25;02.11.16;88,68;80,16;
20161103;694;62,05;28,55;79,38;03.11.16;85,84;74,87;
20161104;687;48,22;76,91;32,08;04.11.16;83,45;70,01;
20161105;763;65,12;86,56;57,76;05.11.16;82,53;69,76;
20161106;428;69,66;77,16;51,49;06.11.16;84,01;67,94;
20161107;552;66,01;59,83;69,86;07.11.16;84,54;68,25;
20161108;628;89,67;94,65;87,72;08.11.16;84,14;68,25;
20161109;594;50,19;22,24;64,92;09.11.16;82,81;64,42;
20161110;744;71,24;35,51;88,85;10.11.16;82,34;65,73;
20161111;733;94,90;108,13;75,16;11.11.16;82,12;72,40;
20161112;837;39,58;31,56;52,65;12.11.16;79,69;68,75;
20161113;441;67,60;59,91;62,46;13.11.16;78,83;68,46;
20161114;562;153,25;141,03;147,04;14.11.16;81,93;80,92;
20161115;610;81,46;64,96;99,34;15.11.16;82,86;79,75;
20161116;620;106,86;127,83;79,97;16.11.16;82,13;87,84;
20161117;663;59,96;89,66;33,24;17.11.16;80,31;86,23;
20161118;719;92,14;64,30;130,25;18.11.16;79,64;85,83;
20161119;803;61,88;49,35;68,61;19.11.16;77,85;89,02;
20161120;441;52,58;59,91;37,48;20.11.16;76,97;86,87;
20161121;559;118,52;129,97;118,26;21.11.16;78,20;81,91;
20161122;629;100,06;115,50;96,34;22.11.16;78,88;84,57;
20161123;569;75,68;46,43;87,14;23.11.16;78,53;80,12;
20161124;587;67,72;67,51;75,08;24.11.16;78,41;81,23;
20161125;563;76,49;70,39;68,50;25.11.16;77,73;78,99;
20161126;757;83,14;78,52;94,61;26.11.16;77,20;82,03;
20161127;422;109,90;125,21;130,55;27.11.16;78,12;90,22;
20161128;566;111,20;128,36;97,33;28.11.16;79,60;89,17;
20161129;615;145,43;204,05;107,49;29.11.16;81,70;95,65;
20161130;634;120,17;177,10;69,51;30.11.16;83,58;102,01;
20161201;723;146,61;118,76;160,01;01.12.16;85,48;113,28;
20161202;715;64,86;55,42;61,64;02.12.16;85,07;111,62;
20161203;729;36,35;36,24;30,23;03.12.16;84,22;104,93;
20161204;433;22,95;30,51;25,45;04.12.16;83,37;92,51;
20161205;583;85,23;101,96;56,70;05.12.16;84,04;88,80;
20161206;628;68,57;42,07;78,95;06.12.16;84,01;77,82;
20161207;609;103,35;151,83;63,32;07.12.16;85,25;75,42;
20161208;659;75,40;40,09;100,32;08.12.16;84,78;65,24;
20161209;699;71,09;75,59;63,05;09.12.16;85,47;66,13;
20161210;741;62,59;35,65;74,35;10.12.16;85,18;69,88;
20161211;420;47,32;78,63;26,23;11.12.16;83,60;73,36;
20161212;555;95,50;95,20;79,41;12.12.16;85,46;74,83;
20161213;580;137,07;136,65;132,98;13.12.16;87,78;84,62;
20161214;627;110,95;147,47;79,08;14.12.16;86,37;85,70;
20161215;669;108,93;118,47;98,82;15.12.16;87,28;90,49;
20161216;706;107,92;74,84;140,46;16.12.16;87,32;95,75;
20161217;696;57,11;66,43;63,32;17.12.16;87,22;94,97;
20161218;406;81,59;81,34;108,55;18.12.16;86,87;99,87;
20161219;540;85,88;97,85;61,21;19.12.16;87,67;98,49;
20161220;549;114,64;120,30;130,45;20.12.16;89,74;95,29;
20161221;594;195,18;311,33;111,29;21.12.16;92,30;107,32;
20161222;582;125,22;147,53;123,05;22.12.16;93,13;109,65;
20161223;616;182,84;246,61;134,15;23.12.16;96,71;120,35;
20161224;593;100,55;89,10;120,77;24.12.16;97,80;126,56;
20161225;331;90,07;119,72;66,57;25.12.16;98,25;127,77;
20161226;346;95,74;133,62;95,53;26.12.16;98,67;129,18;
20161227;401;90,87;82,35;82,43;27.12.16;98,04;125,78;
20161228;494;127,41;160,44;122,67;28.12.16;98,58;116,10;
20161229;503;98,78;91,91;109,52;29.12.16;97,02;112,32;
20161230;561;206,67;247,24;196,40;30.12.16;99,91;115,73;
20161231;563;152,98;152,51;146,78;31.12.16;100,12;123,22;
20170101;397;108,47;99,82;124,89;01.01.17;101,57;125,84;
20170102;384;146,65;172,00;157,81;02.01.17;105,25;133,12;
20170103;516;121,97;89,60;138,79;03.01.17;108,55;137,56;
20170104;578;108,89;91,42;114,37;04.01.17;109,34;134,92;
20170105;632;68,14;62,70;87,17;05.01.17;109,33;130,54;
20170106;693;129,06;95,31;135,14;06.01.17;110,18;119,45;
20170107;744;71,24;35,51;103,66;07.01.17;110,04;107,77;
20170108;438;37,81;30,16;37,73;08.01.17;108,93;97,68;
20170109;576;161,03;217,86;114,77;09.01.17;112,22;99,73;
20170110;598;66,47;44,18;82,91;10.01.17;112,85;91,81;
20170111;674;137,61;166,59;130,78;11.01.17;114,26;95,91;
20170112;689;129,81;95,86;167,91;12.01.17;114,02;104,72;
20170113;704;127,04;103,20;140,86;13.01.17;114,55;104,43;
20170114;771;64,45;42,83;85,74;14.01.17;113,07;103,46;
20170115;454;29,19;43,64;24,27;15.01.17;110,45;102,23;
20170116;502;72,59;39,47;98,77;16.01.17;110,96;89,59;
20170117;592;100,72;122,72;102,36;17.01.17;111,60;94,49;
20170118;711;102,50;120,76;85,23;18.01.17;112,15;89,47;
20170119;659;125,67;120,27;167,19;19.01.17;112,52;88,88;
20170120;728;104,66;63,51;136,21;20.01.17;109,50;85,68;
20170121;849;39,02;23,34;45,42;21.01.17;106,63;82,05;
20170122;428;85,14;108,02;64,36;22.01.17;103,37;90,04;
20170123;535;111,45;111,11;102,97;23.01.17;103,74;95,59;
20170124;649;96,98;132,30;67,91;24.01.17;103,97;95,06;
20170125;603;104,38;131,44;82,22;25.01.17;104,25;95,33;
20170126;654;111,43;111,09;109,51;26.01.17;104,94;93,29;
20170127;695;119,16;95,03;126,83;27.01.17;104,66;95,36;
20170128;806;98,64;81,94;102,52;28.01.17;104,66;103,88;
20170129;456;116,23;101,39;144,97;29.01.17;101,65;108,32;
20170130;577;166,49;217,49;95,48;30.01.17;102,10;116,19;
20170131;632;188,69;198,56;183,05;31.01.17;104,77;129,29;
20170201;660;150,57;200,14;125,20;01.02.17;104,90;135,89;
20170202;698;166,10;132,47;189,42;02.02.17;106,37;143,70;
20170203;720;184,03;100,91;252,50;03.02.17;108,88;152,96;
20170204;783;148,07;109,66;168,86;04.02.17;111,54;160,03;
20170205;459;50,52;0,00;84,02;05.02.17;108,92;150,64;
20170206;555;83,56;47,60;109,19;06.02.17;109,33;138,79;
20170207;593;184,34;167,07;195,09;07.02.17;114,22;138,17;
20170208;585;101,93;90,32;103,59;08.02.17;112,25;131,22;
20170209;646;92,30;112,46;76,75;09.02.17;113,11;120,68;
20170210;655;212,41;221,84;185,04;10.02.17;115,60;124,73;
20170211;801;128,20;156,67;103,16;11.02.17;115,55;121,89;
20170212;445;89,33;74,21;111,42;12.02.17;114,29;127,44;
20170213;552;132,02;71,79;169,66;13.02.17;116,54;134,36;
20170214;606;185,85;87,19;272,72;14.02.17;121,77;134,58;
20170215;641;118,86;92,73;128,92;15.02.17;123,31;137,00;
20170216;650;127,41;91,45;161,03;16.02.17;124,20;142,01;
20170217;711;88,52;65,03;100,73;17.02.17;123,73;124,31;
20170218;790;92,25;50,16;125,52;18.02.17;122,62;119,18;
20170219;453;95,06;72,90;121,61;19.02.17;122,30;120,00;
20170220;450;110,42;102,74;122,42;20.02.17;124,68;116,91;
20170221;571;139,23;104,10;164,02;21.02.17;126,48;110,25;
20170222;626;95,25;84,41;88,00;22.02.17;125,94;106,88;
20170223;665;59,78;69,52;41,42;23.02.17;124,70;97,22;
20170224;693;90,82;85,78;87,44;24.02.17;124,25;97,54;
20170225;762;43,47;26,00;50,61;25.02.17;121,98;90,58;
20170226;482;48,11;41,11;68,58;26.02.17;119,62;83,87;
20170227;570;81,36;92,70;67,65;27.02.17;119,04;79,72;
20170228;619;69,57;106,70;53,40;28.02.17;117,48;69,77;
20170301;662;130,10;129,70;124,83;01.03.17;116,27;74,74;
20170302;723;114,54;91,35;121,91;02.03.17;113,80;82,57;
20170303;716;64,77;64,57;69,25;03.03.17;110,94;78,85;
20170304;806;16,44;16,39;20,50;04.03.17;105,95;74,98;
20170305;434;122,12;136,96;126,94;05.03.17;103,89;85,56;
20170306;565;117,26;140,28;126,76;06.03.17;102,86;90,69;
20170307;607;141,89;152,33;127,06;07.03.17;105,91;101,02;
20170308;626;111,12;63,30;149,61;08.03.17;106,82;98,31;
20170309;700;123,04;75,48;141,66;09.03.17;104,78;99,52;
20170310;692;71,80;57,27;79,61;10.03.17;103,78;100,53;
20170311;814;52,90;56,80;47,37;11.03.17;102,46;105,73;
20170312;437;75,80;105,80;75,64;12.03.17;97,91;99,12;
20170313;591;78,47;67,05;93,22;13.03.17;96,25;93,58;
20170314;609;59,83;43,38;72,37;14.03.17;95,27;81,85;
20170315;622;95,86;127,42;70,86;15.03.17;94,06;79,67;
20170316;740;80,58;62,48;81,89;16.03.17;90,55;73,61;
20170317;751;97,04;87,95;95,36;17.03.17;89,83;77,21;
20170318;836;91,14;86,90;105,44;18.03.17;88,62;82,67;
20170319;431;99,92;122,59;115,04;19.03.17;89,00;86,12;
20170320;542;140,57;134,04;121,97;20.03.17;90,61;94,99;
20170321;571;81,22;46,27;106,13;21.03.17;90,15;98,05;
20170322;635;156,50;124,81;199,54;22.03.17;91,68;106,71;
20170323;707;131,19;158,81;101,30;23.03.17;91,42;113,94;
20170324;691;177,37;258,07;79,73;24.03.17;94,15;125,41;
20170325;830;83,81;71,62;86,29;25.03.17;94,95;124,37;
20170326;494;46,94;80,22;11,15;26.03.17;93,49;116,80;
20170327;540;116,55;122,31;122,42;27.03.17;95,93;113,37;
20170328;569;87,33;104,47;77,46;28.03.17;97,23;114,24;
20170329;602;93,54;76,80;100,66;29.03.17;97,64;105,25;
20170330;657;75,63;70,37;83,85;30.03.17;97,84;97,31;
20170331;701;118,14;141,33;78,59;31.03.17;97,44;88,85;
20170401;799;66,33;41,33;75,84;01.04.17;95,84;86,35;
20170402;438;68,07;60,32;62,89;02.04.17;95,95;89,37;
20170403;539;79,89;49,01;91,99;03.04.17;98,06;84,13;
20170404;594;150,57;122,31;176,21;04.04.17;99,01;93,17;
20170405;635;125,20;41,60;173,51;05.04.17;99,28;97,69;
20170406;694;124,10;171,30;63,50;06.04.17;98,68;104,62;
20170407;714;143,82;185,01;131,17;07.04.17;99,77;108,28;
20170408;844;176,62;219,11;137,07;08.04.17;101,56;124,04;
20170409;432;130,36;107,02;127,52;09.04.17;103,51;132,94;
20170410;540;134,96;159,00;122,42;10.04.17;106,24;140,80;
20170411;579;97,26;91,26;114,18;11.04.17;106,96;133,19;
20170412;580;171,34;193,59;189,97;12.04.17;110,06;139,78;
20170413;634;156,75;187,52;147,72;13.04.17;113,29;144,44;
20170414;588;123,94;78,63;140,54;14.04.17;114,22;141,60;
20170415;725;118,80;81,99;151,97;15.04.17;115,50;133,34;
20170416;423;86,14;31,23;130,24;16.04.17;115,13;127,03;
20170417;505;111,51;91,55;109,09;17.04.17;115,81;123,68;
20170418;559;106,67;59,08;137,97;18.04.17;116,04;125,02;
20170419;628;152,97;136,72;175,45;19.04.17;116,45;122,40;
20170420;630;178,77;73,39;279,82;20.04.17;119,70;125,54;
20170421;608;130,76;86,90;154,03;21.04.17;118,84;126,52;
20170422;728;127,41;163,30;90,81;22.04.17;118,72;127,75;
20170423;402;41,20;65,72;41,11;23.04.17;114,18;121,33;
20170424;557;142,73;118,58;158,25;24.04.17;116,14;125,79;
20170425;643;61,82;61,63;51,41;25.04.17;116,64;119,38;
20170426;647;92,16;61,25;102,18;26.04.17;115,83;110,69;
20170427;634;104,50;93,76;104,27;27.04.17;116,40;100,08;
20170428;734;126,36;116,98;142,60;28.04.17;117,49;99,45;
20170429;788;84,08;58,67;111,86;29.04.17;117,77;93,26;
20170430;436;37,99;30,30;50,54;30.04.17;115,10;92,81;
20170501;551;126,25;95,89;149,97;01.05.17;117,10;90,45;
20170502;575;126,74;103,38;143,71;02.05.17;119,06;99,73;
20170503;634;109,72;31,25;165,10;03.05.17;120,05;102,23;
20170504;725;95,95;127,54;60,79;04.05.17;118,23;101,01;
20170505;738;76,31;44,75;89,58;05.05.17;116,60;93,86;
20170506;806;69,87;98,33;68,35;06.05.17;114,79;91,83;
20170507;451;22,03;43,93;24,43;07.05.17;110,73;89,55;
20170508;546;72,80;48,39;90,81;08.05.17;107,27;81,92;
20170509;596;77,81;77,57;64,70;09.05.17;105,52;74,93;
20170510;561;124,00;117,73;127,66;10.05.17;105,15;76,97;
20170511;630;99,90;104,84;87,44;11.05.17;105,24;77,53;
20170512;671;78,99;49,22;98,52;12.05.17;102,16;77,92;
20170513;760;30,51;17,38;43,49;13.05.17;97,96;72,29;
20170514;440;37,64;45,03;37,56;14.05.17;95,08;74,52;
20170515;527;75,43;25,07;104,54;15.05.17;93,63;74,90;
20170516;619;74,92;64,02;71,20;16.05.17;93,26;74,48;
20170517;578;97,43;79,99;95,31;17.05.17;92,79;70,69;
20170518;644;97,73;102,56;76,99;18.05.17;92,49;70,38;
20170519;700;75,72;37,74;94,44;19.05.17;89,92;69,91;
20170520;795;62,50;49,85;62,37;20.05.17;86,04;74,48;
20170521;483;54,87;41,02;57,03;21.05.17;83,51;76,94;
20170522;531;143,48;37,31;228,25;22.05.17;84,05;86,66;
20170523;571;139,23;115,67;154,37;23.05.17;87,32;95,85;
20170524;619;181,95;224,07;133,50;24.05.17;88,62;107,93;
20170525;656;146,44;191,30;117,57;25.05.17;91,44;114,88;
20170526;638;218,07;289,86;172,70;26.05.17;95,64;135,22;
20170527;770;150,57;214,44;114,47;27.05.17;97,18;147,80;
20170528;459;86,60;100,73;84,02;28.05.17;95,85;152,34;
20170529;481;103,30;164,78;91,63;29.05.17;96,49;146,60;
20170530;491;128,18;107,61;123,42;30.05.17;99,50;145,02;
20170531;588;157,74;213,42;93,69;31.05.17;100,55;141,56;
20170601;548;90,67;96,42;90,48;01.06.17;99,35;133,59;
20170602;561;88,57;47,09;117,84;02.06.17;98,64;115,09;
20170603;738;80,79;89,50;74,65;03.06.17;98,14;105,12;
20170604;463;85,85;142,65;47,59;04.06.17;98,45;105,02;
20170605;491;276,61;430,45;123,42;05.06.17;105,35;129,78;
20170606;583;227,28;339,87;179,54;06.06.17;112,19;143,93;
20170607;633;245,96;333,89;165,36;07.06.17;117,96;156,53;
20170608;670;182,93;236,59;164,45;08.06.17;121,46;169,71;
20170609;792;121,29;175,13;118,25;09.06.17;121,37;174,39;
20170610;840;67,04;86,49;52,47;10.06.17;120,28;172,42;
20170611;459;50,52;57,56;48,01;11.06.17;119,33;167,38;
20170612;550;144,55;156,11;150,25;12.06.17;123,13;148,51;
20170613;588;107,04;101,09;112,43;13.06.17;125,44;131,33;
20170614;642;77,40;72,01;94,39;14.06.17;125,51;107,25;
20170615;644;108,02;112,81;102,65;15.06.17;126,61;96,55;
20170616;690;105,62;86,15;127,75;16.06.17;126,88;94,31;
20170617;789;71,37;83,71;62,84;17.06.17;126,01;94,93;
20170618;443;97,21;104,36;87,05;18.06.17;126,72;101,60;
20170619;523;171,01;252,57;115,87;19.06.17;130,34;105,38;
20170620;584;204,20;237,50;160,36;20.06.17;135,32;119,26;
20170621;680;180,24;165,12;210,64;21.06.17;136,54;133,95;
20170622;693;210,32;219,21;206,69;22.06.17;138,91;148,57;
20170623;710;107,31;111,63;93,11;23.06.17;136,42;148,81;
20170624;765;90,93;69,07;100,82;24.06.17;134,57;151,60;
20170625;458;65,09;72,10;60,14;25.06.17;129,47;147,02;
20170626;516;128,39;89,60;149,47;26.06.17;128,74;140,93;
20170627;562;106,10;141,03;78,42;27.06.17;129,39;126,91;
20170628;602;110,05;120,68;82,36;28.06.17;129,61;116,89;
20170629;641;103,36;92,73;103,13;29.06.17;128,78;101,60;
20170630;678;102,60;77,93;113,76;30.06.17;126,94;100,93;
20170701;721;96,48;82,44;114,61;01.07.17;127,14;101,73;
20170702;448;66,55;73,71;61,48;02.07.17;126,40;101,93;
20170703;522;120,57;63,26;147,75;03.07.17;127,73;100,82;
20170704;510;77,94;0,00;129,62;04.07.17;127,47;96,79;
20170705;555;208,90;95,20;287,86;05.07.17;125,21;110,91;
20170706;617;177,17;96,34;267,86;06.07.17;123,54;121,46;
20170707;687;115,72;67,30;152,36;07.07.17;119,20;123,33;
20170708;724;100,66;45,61;136,96;08.07.17;116,46;123,93;
20170709;439;113,19;60,18;150,59;09.07.17;116,19;130,59;
20170710;507;98,00;52,11;130,39;10.07.17;117,22;127,37;
20170711;530;112,50;62,31;135,13;11.07.17;119,28;132,31;
20170712;598;94,17;77,31;119,76;12.07.17;117,60;115,92;
20170713;658;55,38;50,19;58,61;13.07.17;115,88;98,52;
20170714;676;93,10;78,16;114,09;14.07.17;116,41;95,29;
20170715;748;35,43;26,49;36,82;15.07.17;113,99;85,97;
20170716;451;44,07;29,29;48,86;16.07.17;111,93;76,09;
20170717;494;114,00;93,59;144,97;17.07.17;113,36;78,38;
20170718;471;140,66;98,16;163,75;18.07.17;114,80;82,40;
20170719;593;67,03;33,41;92,90;19.07.17;111,34;78,52;
20170720;635;114,77;62,41;147,49;20.07.17;108,36;87,01;
20170721;703;80,10;84,56;70,53;21.07.17;105,02;85,15;
20170722;769;94,77;94,48;93,13;22.07.17;101,17;93,63;
20170723;468;120,33;84,68;141,26;23.07.17;101,60;104,52;
20170724;497;53,32;26,58;66,51;24.07.17;100,35;95,85;
20170725;562;100,20;70,51;117,63;25.07.17;101,52;90,07;
20170726;609;125,11;86,76;153,78;26.07.17;101,41;98,37;
20170727;618;107,20;128,25;98,06;27.07.17;101,44;97,29;
20170728;669;113,88;98,73;107,05;28.07.17;101,57;102,12;
20170729;700;66,25;66,05;70,83;29.07.17;100,34;98,04;
20170730;418;71,32;31,60;92,26;30.07.17;99,29;91,04;
20170731;485;170,75;149,80;204,46;31.07.17;101,77;107,82;
20170801;551;198,39;143,84;219,96;01.08.17;106,16;121,84;
20170802;570;145,29;57,94;193,30;02.08.17;106,99;124,73;
20170803;561;135,81;58,87;186,58;03.08.17;108,92;128,81;
20170804;624;95,55;52,92;123,60;04.08.17;105,14;126,20;
20170805;683;77,60;87,03;64,53;05.08.17;101,82;127,82;
20170806;425;77,94;46,62;103,70;06.08.17;100,56;128,76;
20170807;492;127,92;93,97;134,37;07.08.17;101,47;122,64;
20170808;527;169,71;112,79;219,52;08.08.17;103,35;118,55;
20170809;559;136,30;70,89;187,25;09.08.17;104,63;117,26;
20170810;600;215,32;110,08;330,54;10.08.17;108,06;128,62;
20170811;683;145,50;77,36;217,78;11.08.17;109,77;135,76;
20170812;692;181,90;76,36;270,67;12.08.17;113,98;150,66;
20170813;436;75,98;30,30;113,72;13.08.17;113,41;150,38;
20170814;523;202,68;189,43;200,14;14.08.17;118,99;161,06;
20170815;556;232,36;201,94;247,71;15.08.17;125,27;170,00;
20170816;582;159,37;102,14;198,78;16.08.17;126,78;173,30;
20170817;612;102,84;64,75;126,02;17.08.17;125,52;157,23;
20170818;620;138,91;159,79;106,63;18.08.17;127,91;156,29;
20170819;705;126,86;178,00;62,51;19.08.17;128,32;148,43;
20170820;539;73,75;134,79;30,66;20.08.17;128,10;148,11;
20170821;467;177,33;254,57;129,76;21.08.17;130,86;144,49;
20170822;530;250,01;311,54;228,68;22.08.17;135,18;147,01;
20170823;599;149,31;143,34;165,55;23.08.17;138,38;145,57;
20170824;591;95,29;33,53;139,82;24.08.17;138,21;144,49;
20170825;650;86,64;60,97;101,70;25.08.17;136,93;137,03;
20170826;688;130,00;153,60;88,08;26.08.17;137,69;137,47;
20170827;457;65,24;72,26;60,27;27.08.17;136,07;136,26;
20170828;498;126,38;92,84;132,75;28.08.17;138,08;128,98;
20170829;540;85,88;61,16;102,02;29.08.17;138,56;105,53;
20170830;627;142,65;94,80;184,51;30.08.17;137,62;104,58;
20170831;626;121,71;73,85;176,01;31.08.17;135,07;108,36;
20170901;669;133,69;138,22;107,05;01.09.17;134,68;115,08;
20170902;734;67,70;62,99;60,04;02.09.17;132,41;106,18;
20170903;522;57,11;63,26;63,32;03.09.17;131,13;105,02;
20170904;445;253,10;118,74;334,25;04.09.17;136,98;123,12;
20170905;581;188,15;90,94;246,53;05.09.17;140,65;137,73;
20170906;638;202,49;113,87;267,68;06.09.17;143,14;146,28;
20170907;651;152,65;111,60;169,25;07.09.17;142,57;150,70;
20170908;674;132,70;107,79;163,47;08.09.17;142,45;150,56;
20170909;807;45,15;16,37;68,27;09.09.17;136,78;147,34;
20170910;552;90,02;59,83;109,78;10.09.17;134,93;152,04;
20170911;572;63,70;69,28;57,79;11.09.17;130,99;124,98;
20170912;609;125,11;86,76;144,74;12.09.17;132,63;115,97;
20170913;644;138,88;133,33;145,42;13.09.17;130,50;106,89;
20170914;625;84,80;31,70;114,59;14.09.17;125,58;97,19;
20170915;662;120,09;59,86;149,79;15.09.17;124,27;95,39;
20170916;759;104,75;87,02;137,91;16.09.17;124,33;103,91;
20170917;447;88,93;103,43;110,92;17.09.17;122,67;103,75;
20170918;556;172,78;118,79;217,98;18.09.17;124,20;119,33;
20170919;613;129,69;96,97;197,71;19.09.17;126,06;119,99;
20170920;630;163,00;125,80;218,61;20.09.17;125,59;123,43;
20170921;617;139,59;85,64;187,50;21.09.17;121,91;131,26;
20170922;678;107,49;77,93;130,01;22.09.17;120,51;129,46;
20170923;760;95,89;34,76;144,97;23.09.17;120,53;128,20;
20170924;511;97,24;51,70;129,37;24.09.17;120,88;129,38;
20170925;598;55,39;33,13;64,49;25.09.17;118,40;112,61;
20170926;596;133,39;210,55;157,14;26.09.17;120,67;113,14;
20170927;677;132,11;136,58;146,47;27.09.17;120,86;108,73;
20170928;683;150,35;116,04;153,25;28.09.17;123,01;110,27;
20170929;643;72,12;10,27;119,95;29.09.17;120,66;105,21;
20170930;1141;63,87;40,52;72,42;30.09.17;118,73;100,64;
20171001;437;60,64;30,23;100,85;01.10.17;116,30;95,41;
20171002;712;148,88;176,25;147,01;02.10.17;119,00;108,77;
20171003;733;90,38;117,14;82,67;03.10.17;120,11;102,62;
20171004;762;108,68;95,34;115,67;04.10.17;115,30;99,28;
20171005;829;83,91;47,80;112,97;05.10.17;111,82;89,78;
20171006;831;151,48;79,48;212,14;06.10.17;110,12;101,12;
20171007;1127;79,36;35,16;112,43;07.10.17;107,68;103,33;
20171008;450;95,70;88,06;110,18;08.10.17;106,45;108,34;
20171009;702;61,34;9,41;94,17;09.10.17;106,99;95,84;
20171010;794;95,96;83,18;97,14;10.10.17;107,18;96,63;
20171011;776;115,26;25,53;177,48;11.10.17;108,90;97,57;
20171012;771;85,93;85,66;92,89;12.10.17;107,60;97,86;
20171013;824;68,34;48,09;86,91;13.10.17;105,24;85,98;
20171014;1133;87,71;17,49;131,28;14.10.17;105,34;87,18;
20171015;437;98,54;90,68;113,46;15.10.17;104,62;87,58;
20171016;746;111,01;115,10;118,16;16.10.17;104,83;94,68;
20171017;736;108,02;98,71;142,22;17.10.17;105,47;96,40;
20171018;870;118,03;189,79;88,65;18.10.17;103,64;96,80;
20171019;821;121,04;80,45;154,33;19.10.17;103,36;101,81;
20171020;871;72,26;45,50;88,55;20.10.17;100,33;102,37;
20171021;1032;60,99;89,60;26,69;21.10.17;97,71;98,56;
20171022;455;36,40;29,03;36,32;22.10.17;95,34;89,68;
20171023;637;104,01;93,32;121,08;23.10.17;95,61;88,68;
20171024;752;110,13;52,70;139,19;24.10.17;96,04;88,98;
20171025;751;119,09;79,15;139,38;25.10.17;98,16;89,13;
20171026;791;83,76;25,05;125,36;26.10.17;96,51;83,80;
20171027;838;94,87;63,05;124,91;27.10.17;95,27;87,03;
20171028;1116;62,33;23,67;88,85;28.10.17;92,34;87,23;
20171029;534;49,63;24,74;72,22;29.10.17;91,59;89,12;
20171030;680;97,43;87,42;89,12;30.10.17;92,70;88,18;
20171031;728;68,25;81,65;52,97;31.10.17;92,96;82,19;
20171101;786;75,86;58,82;77,10;01.11.17;90,52;76,02;
20171102;774;188,31;307,20;85,41;02.11.17;93,79;90,95;
20171103;826;88,23;63,97;93,37;03.11.17;93,11;90,01;
20171104;1132;43,89;35,01;48,67;04.11.17;91,77;87,37;
20171105;471;105,50;112,18;116,96;05.11.17;90,24;95,35;
20171106;725;132,50;118,43;151,97;06.11.17;92,01;100,36;
20171107;817;113,53;72,76;148,35;07.11.17;92,61;106,83;
20171108;750;181,09;105,68;257,09;08.11.17;96,60;121,86;
20171109;816;109,61;72,85;135,02;09.11.17;97,05;110,62;
20171110;862;107,60;114,93;108,65;10.11.17;96,80;113,39;
20171111;1150;51,85;80,41;33,53;11.11.17;95,66;114,52;
20171112;445;59,55;29,68;74,28;12.11.17;95,37;107,96;
20171113;718;83,04;101,19;69,05;13.11.17;95,21;100,90;
20171114;801;111,66;98,95;158,19;14.11.17;95,65;100,63;
20171115;829;71,93;95,61;66,45;15.11.17;94,35;85,03;
20171116;861;119,27;38,36;179,15;16.11.17;94,72;86,41;
20171117;874;49,27;22,67;81,94;17.11.17;92,43;78,08;
20171118;1106;26,96;23,89;24,91;18.11.17;89,29;74,53;
20171119;436;60,78;75,74;50,54;19.11.17;88,91;74,70;
20171120;697;57,03;9,48;86,94;20.11.17;88,78;70,98;
20171121;709;144,84;121,10;194,25;21.11.17;92,39;75,72;
20171122;739;143,44;80,44;186,37;22.11.17;93,71;85,94;
20171123;749;48,65;52,91;44,13;23.11.17;91,66;75,85;
20171124;715;74,13;92,37;61,64;24.11.17;90,16;79,40;
20171125;953;55,61;90,10;23,12;25.11.17;89,22;83,50;
20171126;403;16,44;32,78;13,67;26.11.17;86,61;77,16;
20171127;686;164,18;182,93;136,52;27.11.17;90,00;92,47;
20171128;751;101,45;17,59;154,05;28.11.17;91,73;86,27;
20171129;763;99,85;51,94;129,96;29.11.17;91,81;80,05;
20171130;772;111,56;42,78;171,26;30.11.17;93,25;89,03;
20171201;873;110,04;45,39;151,45;01.12.17;94,39;94,16;
20171202;1084;21,39;24,37;15,25;02.12.17;88,83;89,27;
20171203;478;34,65;13,82;46,10;03.12.17;87,04;91,88;
20171204;720;64,41;64,21;68,86;04.12.17;87,73;77,62;
20171205;721;133,24;100,77;145,17;05.12.17;88,65;82,16;
20171206;790;109,02;58,52;146,44;06.12.17;87,87;83,47;
20171207;769;64,61;8,59;100,29;07.12.17;86,24;76,77;
20171208;818;89,09;121,11;80,82;08.12.17;83,17;73,77;
20171209;1136;55,40;69,77;38,80;09.12.17;81,37;78,63;
20171210;447;96,34;103,43;98,60;10.12.17;80,99;87,45;
20171211;650;142,70;91,45;161,03;11.12.17;84,02;98,63;
20171212;780;97,68;118,55;77,69;12.12.17;85,29;93,55;
20171213;908;80,26;65,47;91,01;13.12.17;85,20;89,44;
20171214;732;104,08;45,11;135,47;14.12.17;84,94;95,08;
20171215;801;90,98;82,46;123,80;15.12.17;85,58;95,35;
20171216;1065;37,32;24,81;41,38;16.12.17;82,85;92,77;
20171217;373;53,29;53,12;73,85;17.12.17;82,98;86,62;
20171218;639;67,39;41,34;103,46;18.12.17;84,33;75,86;
20171219;674;78,64;49,00;98,08;19.12.17;84,92;73,14;
20171220;712;93,05;64,93;108,32;20.12.17;86,12;74,96;
20171221;739;94,13;35,75;134,18;21.12.17;84,43;73,54;
20171222;710;69,98;37,21;93,11;22.12.17;81,99;70,54;
20171223;789;67,18;25,11;97,75;23.12.17;82,60;74,81;
20171224;333;89,53;79,34;99,26;24.12.17;83,12;79,99;
20171225;180;73,61;36,69;122,42;25.12.17;83,72;80,87;
20171226;372;97,95;124,28;74,05;26.12.17;86,43;83,63;
20171227;602;115,55;65,83;137,27;27.12.17;84,81;86,85;
20171228;593;128,48;111,38;130,06;28.12.17;85,71;91,76;
20171229;654;121,56;171,68;67,39;29.12.17;86,44;99,12;
20171230;777;93,79;51,00;134,71;30.12.17;85,85;102,93;
20171231;417;47,66;15,84;66,06;31.12.17;83,77;96,95;
20180101;343;96,58;57,77;112,43;01.01.18;86,27;100,23;
20180102;632;188,69;94,05;278,94;02.01.18;91,41;113,19;
20180103;672;138,02;147,43;172,16;03.01.18;93,86;116,40;
20180104;679;146,36;77,82;194,72;04.01.18;94,30;118,95;
20180105;747;66,52;88,42;59,00;05.01.18;92,88;111,09;
20180106;1049;78,95;50,37;94,53;06.01.18;93,36;108,97;
20180107;435;30,46;45,55;12,66;07.01.18;91,40;106,51;
20180108;645;82,17;92,16;68,33;08.01.18;92,30;104,45;
20180109;730;77,14;63,33;90,56;09.01.18;91,66;88,52;
20180110;739;71,72;44,69;82,00;10.01.18;89,29;79,05;
20180111;763;95,51;60,59;108,30;11.01.18;89,22;71,78;
20180112;791;167,51;116,90;222,87;12.01.18;92,13;86,21;
20180113;1107;83,79;29,83;124,41;13.01.18;91,45;86,90;
20180114;419;63,25;0,00;105,18;14.01.18;90,53;91,58;
20180115;618;58,96;53,44;62,40;15.01.18;91,25;88,27;
20180116;733;58,75;45,05;60,13;16.01.18;91,43;85,64;
20180117;749;128,26;79,36;154,46;17.01.18;93,46;93,72;
20180118;720;82,81;137,60;91,82;18.01.18;93,60;91,90;
20180119;811;102,11;105,87;88,31;19.01.18;93,90;82,56;
20180120;1105;68,95;29,89;99,71;20.01.18;93,06;80,44;
20180121;418;71,32;79,00;52,72;21.01.18;93,11;81,60;
20180122;688;130,00;153,60;96,09;22.01.18;95,20;91,74;
20180123;719;129,00;110,23;153,24;23.01.18;96,52;101,78;
20180124;826;136,35;143,93;153,40;24.01.18;98,61;102,94;
20180125;763;82,49;34,63;108,30;25.01.18;98,09;102,89;
20180126;805;65,84;57,43;88,97;26.01.18;96,43;97,71;
20180127;1072;43,26;24,64;56,53;27.01.18;93,59;94,04;
20180128;306;32,48;43,17;54,01;28.01.18;90,62;88,49;
20180129;650;76,44;101,61;50,85;29.01.18;90,05;80,84;
20180130;760;95,89;69,52;101,48;30.01.18;91,65;76,11;
20180131;841;102,41;117,80;111,36;31.01.18;91,85;71,26;
20180201;823;52,32;48,15;73,63;01.02.18;87,30;66,95;
20180202;855;30,99;23,17;45,10;02.02.18;83,73;61,97;
20180203;460;72,01;14,36;119,76;03.02.18;81,26;66,08;
20180204;434;53,43;60,87;63,47;04.02.18;80,82;69,07;
20180205;705;84,58;84,32;78,14;05.02.18;81,01;70,23;
20180206;759;56,74;34,81;79,84;06.02.18;81,88;64,64;
20180207;780;76,44;59,27;77,69;07.02.18;81,69;60,93;
20180208;815;93,48;72,94;101,39;08.02.18;82,24;66,81;
20180209;827;72,10;55,90;79,94;09.02.18;82,25;72,68;
20180210;1092;36,40;36,29;35,31;10.02.18;80,28;67,60;
20180211;445;44,66;59,37;49,52;11.02.18;76,18;66,34;
20180212;745;124,50;124,12;147,89;12.02.18;77,54;72,05;
20180213;767;73,42;68,89;79,01;13.02.18;77,88;74,43;
20180214;795;37,50;24,92;41,58;14.02.18;77,17;68,87;
20180215;808;69,70;40,87;95,45;15.02.18;77,53;65,47;
20180216;686;53,12;48,14;48,18;16.02.18;75,03;62,76;
20180217;1106;50,92;23,89;74,72;17.02.18;73,96;64,83;
20180218;511;64,83;64,63;64,69;18.02.18;72,72;67,71;
20180219;579;91,54;57,04;142,72;19.02.18;73,47;63,00;
20180220;725;91,38;100,21;75,99;20.02.18;74,14;65,57;
20180221;689;72,12;28,76;95,95;21.02.18;72,21;70,51;
20180222;739;53,79;53,62;44,73;22.02.18;69,70;68,24;
20180223;840;74,93;78,63;72,14;23.02.18;67,66;71,36;
20180224;1154;48,80;40,06;47,74;24.02.18;66,53;71,05;
20180225;445;37,22;59,37;12,38;25.02.18;65,58;67,11;
20180226;733;90,38;45,05;120,25;26.02.18;67,15;66,95;
20180227;707;65,60;37,37;77,92;27.02.18;68,25;63,26;
20180228;803;70,13;57,58;89,19;28.02.18;68,04;62,98;
20180301;707;93,71;112,10;70,13;01.03.18;67,97;68,68;
20180302;810;151,31;48,92;224,44;02.03.18;69,60;79,59;
20180303;1125;47,11;70,45;44,07;03.03.18;69,43;79,35;
20180304;475;55,79;55,62;69,59;04.03.18;70,25;82,00;
20180305;827;108,15;79,86;119,91;05.03.18;71,46;84,54;
20180306;749;88,45;44,09;110,33;06.03.18;72,63;87,81;
20180307;790;134,18;58,52;195,26;07.03.18;74,28;96,96;
20180308;843;106,10;39,17;150,31;08.03.18;75,93;98,73;
20180309;851;101,21;62,09;135,94;09.03.18;76,75;91,57;
20180310;1025;106,65;25,77;161,24;10.03.18;77,19;100,07;
20180311;456;72,64;43,45;120,81;11.03.18;77,21;102,48;
20180312;780;135,90;42,34;197,76;12.03.18;80,52;106,45;
20180313;831;119,59;63,58;145,85;13.03.18;83,02;110,89;
20180314;802;95,00;24,71;151,12;14.03.18;82,04;105,30;
20180315;787;189,41;75,53;287,00;15.03.18;85,90;117,20;
20180316;860;173,33;38,40;275,45;16.03.18;90,43;127,50;
20180317;1069;86,77;30,89;118,53;17.03.18;91,00;124,66;
20180318;430;61,63;30,72;76,87;18.03.18;91,28;123,09;
20180319;696;95,19;66,43;110,81;19.03.18;92,76;117,27;
20180320;639;134,78;62,02;181,05;20.03.18;95,09;119,44;
20180321;735;171,26;107,83;232,35;21.03.18;97,75;130,34;
20180322;838;162,07;110,34;184,07;22.03.18;100,11;126,43;
20180323;827;84,12;71,88;93,26;23.03.18;100,51;113,69;
20180324;1092;148,64;133,06;171,53;24.03.18;103,67;122,53;
20180325;546;54,60;60,48;40,36;25.03.18;102,99;121,52;
20180326;692;81,38;38,18;103,49;26.03.18;104,08;119,55;
20180327;693;90,82;95,31;119,24;27.03.18;105,86;113,27;
20180328;760;91,53;86,90;101,48;28.03.18;105,90;101,88;
20180329;749;176,91;105,82;213,30;29.03.18;109,61;104,00;
20180330;615;48,48;32,22;62,70;30.03.18;108,89;98,91;
20180331;1105;119,91;89,66;149,57;31.03.18;109,76;94,80;
20180401;443;44,87;44,73;37,31;01.04.18;106,22;93,41;
20180402;690;139,22;105,29;151,70;02.04.18;109,29;101,68;
20180403;658;105,72;120,45;83,72;03.04.18;110,95;103,81;
20180404;750;70,67;79,26;58,76;04.04.18;109,70;100,82;
20180405;767;69,10;34,44;93,37;05.04.18;109,06;85,42;
20180406;824;100,50;104,20;120,34;06.04.18;107,93;92,86;
20180407;1043;101,63;107,65;100,36;07.04.18;107,78;90,24;
20180408;471;84,40;126,21;70,18;08.04.18;107,22;95,89;
20180409;713;102,21;120,42;115,90;09.04.18;107,08;90,60;
20180410;761;213,29;234,33;188,22;10.04.18;111,76;105,97;
20180411;808;102,49;49,05;136,36;11.04.18;110,65;110,52;
20180412;782;296,52;320,95;302,92;12.04.18;116,55;143,01;
20180413;845;117,61;93,80;136,91;13.04.18;117,30;145,45;
20180414;1108;95,67;101,34;114,36;14.04.18;114,18;144,60;
20180415;448;96,12;147,43;86,08;15.04.18;111,60;146,27;
20180416;682;194,29;193,69;226,18;16.04.18;115,19;159,43;
20180417;780;178,37;59,27;261,32;17.04.18;119,08;154,44;
20180418;735;234,36;26,96;367,27;18.04.18;123,72;173,28;
20180419;758;214,14;174,27;225,30;19.04.18;126,36;161,51;
20180420;839;71,07;31,49;91,93;20.04.18;123,02;154,86;
20180421;1103;48,05;11,98;74,92;21.04.18;119,22;148,06;
20180422;452;29,31;0,00;48,75;22.04.18;117,40;138,51;
20180423;711;88,52;74,31;100,73;23.04.18;115,39;123,40;
20180424;682;150,57;58,11;218,10;24.04.18;118,59;119,43;
20180425;789;193,13;117,19;244,38;25.04.18;122,32;113,54;
20180426;770;146,27;85,78;207,48;26.04.18;124,16;103,85;
20180427;866;91,80;53,39;114,51;27.04.18;124,17;106,81;
20180428;1095;93,78;42,22;130,81;28.04.18;121,40;113,34;
20180429;441;52,58;14,98;74,95;29.04.18;121,54;116,66;
20180430;714;134,54;111,00;138,88;30.04.18;122,03;123,24;
20180501;725;155,35;72,88;197,56;01.05.18;125,71;123,92;
20180502;781;186,62;160,68;239,83;02.05.18;127,29;122,99;
20180503;740;125,34;44,63;193,56;03.05.18;127,94;120,00;
20180504;834;139,02;23,76;217,98;04.05.18;130,22;126,75;
20180505;1079;64,47;24,48;86,80;05.05.18;130,07;122,56;
20180506;433;22,95;15,25;38,17;06.05.18;127,48;118,33;
20180507;665;79,70;39,73;99,41;07.05.18;126,75;110,49;
20180508;687;125,37;48,07;168,40;08.05.18;128,12;106,21;
20180509;746;284,19;132,80;413,54;09.05.18;134,18;120,15;
20180510;809;233,39;73,48;367,72;10.05.18;134,85;135,58;
20180511;830;163,63;79,58;225,67;11.05.18;136,89;139,10;
20180512;995;99,88;66,38;132,88;12.05.18;130,34;144,16;
20180513;438;98,32;75,40;125,78;13.05.18;129,69;154,93;
20180514;685;125,73;77,14;184,97;14.05.18;130,70;161,50;
20180515;794;112,64;66,55;159,58;15.05.18;131,25;159,68;
20180516;748;150,57;123,62;147,30;16.05.18;129,79;140,60;
20180517;781;152,69;67,65;218,67;17.05.18;128,93;129,07;
20180518;824;92,46;80,15;106,97;18.05.18;124,20;118,90;
20180519;1014;55,54;39,08;65,20;19.05.18;118,92;112,57;
20180520;470;35,24;28,11;35,16;20.05.18;117,72;103,55;
20180521;659;125,67;60,13;175,55;21.05.18;120,31;103,54;
20180522;688;81,85;28,80;120,11;22.05.18;122,06;99,15;
20180523;795;179,17;99,69;214,82;23.05.18;125,08;103,23;
20180524;798;153,59;16,55;248,53;24.05.18;125,18;103,36;
20180525;872;140,56;37,87;214,80;25.05.18;123,43;110,23;
20180526;1102;108,21;47,95;139,97;26.05.18;122,16;117,76;
20180527;432;84,35;45,87;102,02;27.05.18;121,91;124,77;
20180528;549;102,57;36,09;140,48;28.05.18;122,21;121,47;
20180529;651;71,24;10,15;110,01;29.05.18;122,83;119,96;
20180530;817;141,91;105,09;202,29;30.05.18;123,07;114,63;
20180531;755;92,14;104,98;80,26;31.05.18;120,97;105,85;
20180601;836;186,23;63,20;263,59;01.06.18;120,95;112,38;
20180602;1059;90,71;68,60;119,65;02.06.18;119,80;109,88;
20180603;425;54,56;77,70;51,85;03.06.18;116,98;105,62;
20180604;680;146,14;29,14;218,74;04.06.18;119,71;111,85;
20180605;614;178,04;64,54;242,25;05.06.18;124,88;127,10;
20180606;793;108,61;33,32;159,78;06.06.18;125,84;122,35;
20180607;784;88,73;42,12;119,46;07.06.18;124,62;121,86;
20180608;884;116,16;44,83;155,80;08.06.18;119,02;111,85;
20180609;1122;79,71;35,32;108,02;09.06.18;113,90;110,28;
20180610;471;91,43;56,09;128,66;10.06.18;111,49;115,55;
20180611;687;135,01;48,07;192,45;11.06.18;112,66;113,96;
20180612;765;155,89;69,07;208,84;12.06.18;114,58;110,79;
20180613;823;140,87;56,18;200,81;13.06.18;115,08;115,40;
20180614;826;188,49;135,93;220,09;14.06.18;117,61;129,65;
20180615;852;69,98;23,26;96,99;15.06.18;114,93;123,06;
20180616;1108;125,57;137,10;134,24;16.06.18;114,02;129,61;
20180617;405;24,54;32,62;27,20;17.06.18;111,76;120,05;
20180618;774;47,08;34,13;56,94;18.06.18;111,48;107,49;
20180619;733;99,42;36,04;142,80;19.06.18;113,61;99,42;
20180620;819;121,34;72,58;141,26;20.06.18;113,47;96,63;
20180621;814;93,60;73,03;121,82;21.06.18;113,86;83,08;
20180622;867;57,31;22,85;82,60;22.06.18;109,80;81,26;
20180623;1116;29,68;29,59;29,62;23.06.18;105,67;67,57;
20180624;484;47,91;40,94;79,68;24.06.18;102,58;70,91;
20180625;717;87,78;64,48;107,57;25.06.18;101,90;76,72;
20180626;700;137,23;56,61;212,49;26.06.18;103,66;82,12;
20180627;837;130,60;63,13;164,55;27.06.18;104,60;83,45;
20180628;824;88,44;64,12;100,29;28.06.18;105,17;82,71;
20180629;869;141,04;98,81;164,83;29.06.18;105,14;94,67;
20180630;944;38,60;13,99;52,52;30.06.18;103,36;95,94;
20180701;447;59,29;44,33;61,62;01.07.18;99,13;97,57;
20180702;727;123,03;72,68;143,98;02.07.18;100,20;102,60;
20180703;722;146,82;137,22;129,71;03.07.18;103,28;103,97;
20180704;673;49,22;19,63;65,49;04.07.18;100,05;92,35;
20180705;748;119,57;97,13;117,84;05.07.18;98,10;96,79;
20180706;826;128,33;63,97;166,74;06.07.18;98,76;94,98;
20180707;1042;82,66;44,37;105,74;07.07.18;98,55;101,27;
20180708;438;68,07;30,16;88,04;08.07.18;96,95;102,53;
20180709;719;170,47;174,53;137,92;09.07.18;99,98;109,30;
20180710;761;121,88;78,11;144,78;10.07.18;100,99;105,74;
20180711;767;125,25;68,89;150,83;11.07.18;100,66;116,60;
20180712;824;172,86;88,17;247,37;12.07.18;101,23;124,22;
20180713;924;125,48;164,40;119,24;13.07.18;100,72;123,81;
20180714;1094;102,95;126,78;135,96;14.07.18;97,87;126,71;
20180715;475;104,61;139,05;115,98;15.07.18;99,02;131,93;
20180716;687;168,76;115,37;232,55;16.07.18;100,46;131,68;
20180717;723;100,80;91,35;114,29;17.07.18;103,00;128,67;
20180718;748;88,57;44,15;117,84;18.07.18;104,39;123,43;
20180719;741;143,05;169,35;118,95;19.07.18;105,84;119,17;
20180720;796;54,10;16,59;76,13;20.07.18;103,60;108,98;
20180721;1033;121,86;25,57;191,99;21.07.18;104,54;111,68;
20180722;410;72,71;80,55;94,06;22.07.18;105,05;107,12;
20180723;676;161,71;87,93;195,59;23.07.18;109,45;106,11;
20180724;699;161,13;94,49;189,15;24.07.18;113,23;114,73;
20180725;756;105,16;69,89;153,03;25.07.18;113,81;117,10;
20180726;737;107,87;161,31;82,22;26.07.18;112,83;112,08;
20180727;805;119,33;106,66;143,71;27.07.18;112,45;121,40;
20180728;1033;38,48;51,15;26,67;28.07.18;110,79;109,49;
20180729;423;23,49;46,84;13,02;29.07.18;106,87;102,45;
20180730;641;118,86;51,52;154,70;30.07.18;109,55;96,33;
20180731;693;109,94;76,25;119,24;31.07.18;111,23;89,02;
20180801;757;140,03;61,07;189,21;01.08.18;111,80;94,00;
20180802;761;121,88;78,11;144,78;02.08.18;110,97;96,00;
20180803;784;147,88;42,12;231,88;03.08.18;114,26;100,08;
20180804;978;84,68;40,52;112,66;04.08.18;113,09;106,68;
20180805;430;53,93;15,36;89,68;05.08.18;110,61;111,03;
20180806;591;162,55;111,76;177,11;06.08.18;113,28;117,27;
20180807;661;200,46;89,93;258,36;07.08.18;117,69;130,20;
20180808;693;129,06;66,71;166,94;08.08.18;116,31;128,63;
20180809;756;170,89;34,95;262,33;09.08.18;117,94;135,63;
20180810;815;121,94;64,83;162,23;10.08.18;117,83;131,93;
20180811;974;156,45;88,15;231,90;11.08.18;117,29;142,18;
20180812;425;85,74;77,70;103,70;12.08.18;115,96;146,72;
20180813;651;142,48;81,16;169,25;13.08.18;117,28;143,86;
20180814;680;136,40;77,70;186,33;14.08.18;118,34;134,71;
20180815;684;111,39;67,59;128,87;15.08.18;116,43;132,18;
20180816;672;128,16;88,46;155,76;16.08.18;117,34;126,08;
20180817;773;107,13;34,18;156,79;17.08.18;117,96;123,96;
20180818;965;54,92;75,29;34,25;18.08.18;115,02;109,46;
20180819;406;57,11;48,80;54,28;19.08.18;115,12;105,37;
20180820;589;106,86;168,20;112,24;20.08.18;114,62;100,28;
20180821;632;152,00;52,25;209,20;21.08.18;117,26;102,51;
20180822;694;119,33;66,62;158,76;22.08.18;115,85;103,65;
20180823;716;120,29;147,59;123,11;23.08.18;114,49;102,52;
20180824;745;44,46;35,46;51,76;24.08.18;112,47;93,57;
20180825;953;72,99;76,24;57,81;25.08.18;111,30;96,15;
20180826;458;43,40;0,00;72,17;26.08.18;108,77;94,19;
20180827;575;109,46;57,43;182,04;27.08.18;111,14;94,56;
20180828;616;134,44;32,17;214,64;28.08.18;114,84;92,05;
20180829;734;139,90;143,97;165,12;29.08.18;115,54;94,99;
20180830;692;86,17;38,18;119,41;30.08.18;114,75;90,12;
20180831;801;62,03;41,23;68,78;31.08.18;112,15;92,63;
20180901;1032;80,25;115,20;58,72;01.09.18;110,76;93,66;
20180902;472;49,13;55,97;35,01;02.09.18;107,47;94,48;
20180903;598;94,17;55,22;119,76;03.09.18;107,78;92,30;
20180904;692;14,36;9,54;15,92;04.09.18;106,46;75,14;
20180905;771;85,93;102,80;64,31;05.09.18;103,91;67,43;
20180906;746;97,69;35,41;132,93;06.09.18;100,48;69,08;
20180907;754;87,87;35,04;124,21;07.09.18;99,11;72,77;
20180908;1111;59,63;77,28;39,67;08.09.18;95,40;69,83;
20180909;488;47,52;54,14;33,87;09.09.18;92,92;69,59;
20180910;777;55,42;25,50;70,90;10.09.18;89,55;64,06;
20180911;769;81,84;120,24;35,82;11.09.18;89,42;73,70;
20180912;819;80,89;80,64;67,27;12.09.18;87,37;72,98;
20180913;773;68,57;51,27;99,78;13.09.18;85,11;68,82;
20180914;868;118,31;76,09;133,28;14.09.18;85,34;73,17;
20180915;1097;63,41;42,15;70,31;15.09.18;83,18;73,71;
20180916;458;7,23;0,00;12,03;16.09.18;79,85;67,95;
20180917;691;91,08;19,12;143,51;17.09.18;81,06;73,05;
20180918;694;105,01;47,58;134,95;18.09.18;82,65;76,36;
20180919;791;58,63;16,70;90,54;19.09.18;81,05;73,18;
20180920;798;107,93;24,83;165,68;20.09.18;79,58;78,80;
20180921;786;113,79;92,43;119,15;21.09.18;79,39;78,16;
20180922;1139;37,81;17,40;48,37;22.09.18;76,64;74,50;
20180923;474;27,95;27,87;34,87;23.09.18;76,09;77,46;
20180924;739;143,44;116,19;193,82;24.09.18;78,44;84,94;
20180925;833;95,44;55,50;125,66;25.09.18;80,18;83,57;
20180926;842;110,16;7,84;176,65;26.09.18;80,20;90,93;
20180927;854;73,70;23,20;103,21;27.09.18;78,18;86,04;
20180928;854;81,46;15,47;122,57;28.09.18;76,23;81,42;
20180929;1128;44,05;58,55;24,42;29.09.18;74,82;82,31;
20180930;457;36,24;28,90;48,22;30.09.18;73,96;83,50;
20181001;768;120,77;129,00;100,42;01.10.18;75,31;80,26;
20181002;736;36,01;35,90;29,94;02.10.18;74,88;71,77;
20181003;842;94,42;78,44;130,86;03.10.18;74,89;69,52;
20181004;816;69,01;48,56;87,77;04.10.18;76,71;68,85;
20181005;847;78,22;54,58;110,57;05.10.18;76,45;68,39;
20181006;1045;50,72;56,88;79,08;06.10.18;74,88;69,34;
20181007;467;42,56;28,29;70,78;07.10.18;73,37;70,24;
20181008;742;49,11;35,61;51,97;08.10.18;73,02;60,01;
20181009;691;95,88;19,12;143,51;09.10.18;74,64;68,56;
20181010;763;104,20;112,53;101,08;10.10.18;76,26;69,96;
20181011;811;130,71;57,01;176,61;11.10.18;77,89;78,77;
20181012;837;87,07;31,56;125,06;12.10.18;78,10;80,03;
20181013;1102;48,10;35,96;59,99;13.10.18;77,41;79,66;
20181014;486;81,79;40,77;113,35;14.10.18;76,20;85,26;
20181015;701;122,86;47,11;172,89;15.10.18;78,18;95,80;
20181016;689;134,62;105,45;143,92;16.10.18;82,42;101,33;
20181017;731;117,82;18,07;188,41;17.10.18;83,32;103,28;
20181018;730;127,06;126,67;120,75;18.10.18;84,05;102,76;
20181019;811;106,20;48,86;135,86;19.10.18;85,64;105,49;
20181020;1114;86,23;11,86;133,52;20.10.18;84,91;110,94;
20181021;472;35,09;13,99;46,69;21.10.18;82,29;104,27;
20181022;750;83,92;8,81;132,22;22.10.18;83,83;98,71;
20181023;761;108,82;86,79;130,31;23.10.18;86,52;95,02;
20181024;727;127,58;63,59;204,60;24.10.18;85,99;96,41;
20181025;775;141,05;127,83;135,06;25.10.18;87,51;98,41;
20181026;812;159,10;89,47;196,75;26.10.18;89,15;105,97;
20181027;982;94,45;87,44;84,15;27.10.18;89,84;107,15;
20181028;454;51,07;58,19;48,54;28.10.18;88,82;109,43;
20181029;667;94,36;69,32;99,11;29.10.18;90,50;110,92;
20181030;815;109,74;89,14;114,91;30.10.18;92,95;111,05;
20181031;772;81,53;102,66;114,18;31.10.18;91,64;104,47;
20181101;751;101,45;61,56;117,37;01.11.18;93,82;98,82;
20181102;833;103,39;31,72;158,72;02.11.18;94,12;90,86;
20181103;1106;47,92;35,83;59,77;03.11.18;93,42;84,21;
20181104;523;44,34;25,26;63,20;04.11.18;92,29;83,25;
20181105;751;114,68;35,18;176,05;05.11.18;94,42;86,15;
20181106;741;62,59;35,65;81,78;06.11.18;95,09;79,41;
20181107;802;140,43;32,94;206,07;07.11.18;98,14;87,83;
20181108;817;60,82;64,67;60,69;08.11.18;96,97;82,02;
20181109;782;114,37;118,24;126,81;09.11.18;97,31;83,59;
20181110;1145;37,61;17,31;48,11;10.11.18;94,20;82,12;
20181111;440;22,59;15,01;25,04;11.11.18;92,05;79,01;
20181112;620;42,74;63,92;26,66;12.11.18;91,87;68,74;
20181113;745;142,28;97,52;162,68;13.11.18;93,89;80,12;
20181114;794;33,38;24,95;34,69;14.11.18;90,91;64,83;
20181115;806;106,86;57,36;157,20;15.11.18;89,98;71,40;
20181116;818;44,55;24,22;67,35;16.11.18;87,54;61,43;
20181117;1090;45,59;36,36;45,49;17.11.18;84,82;62,57;
20181118;476;34,80;13,88;46,29;18.11.18;82,44;64,31;
20181119;714;55,67;37,00;61,73;19.11.18;81,43;66,16;
20181120;799;58,04;24,80;89,63;20.11.18;82,19;54,13;
20181121;822;84,63;72,31;113,93;21.11.18;82,21;61,45;
20181122;680;58,46;0,00;97,22;22.11.18;80,54;54,53;
20181123;759;135,30;95,72;174,20;23.11.18;80,79;67,50;
20181124;993;70,05;26,61;99,86;24.11.18;78,43;70,99;
20181125;426;62,21;77,52;38,80;25.11.18;75,20;74,91;
20181126;687;101,26;105,75;112,27;26.11.18;75,42;81,42;
20181127;714;129,90;92,50;162,03;27.11.18;78,05;91,69;
20181128;788;100,89;50,29;146,81;28.11.18;78,27;94,01;
20181129;828;96,02;63,81;119,76;29.11.18;77,81;99,38;
20181130;862;142,19;30,65;223,68;30.11.18;79,83;100,36;
20181201;1059;53,18;6,24;88,44;01.12.18;78,22;97,95;
20181202;464;21,42;14,23;23,75;02.12.18;75,49;92,12;
20181203;726;50,19;45,49;45,53;03.12.18;75,57;84,83;
20181204;698;99,66;37,85;134,17;04.12.18;77,41;80,51;
20181205;801;103,39;24,74;151,31;05.12.18;77,03;80,86;
20181206;757;131,28;113,42;160,10;06.12.18;79,32;85,90;
20181207;794;196,08;124,77;235,90;07.12.18;81,18;93,60;
20181208;1079;76,75;48,97;86,80;08.12.18;81,71;96,97;
20181209;465;35,62;28,41;35,54;09.12.18;79,09;99,00;
20181210;692;90,95;28,63;135,34;10.12.18;80,86;104,82;
20181211;764;95,39;60,51;122,58;11.12.18;83,29;104,21;
20181212;732;85,98;54,14;112,89;12.12.18;84,73;101,72;
20181213;752;132,15;114,18;131,86;13.12.18;84,39;101,85;
20181214;800;120,08;99,07;144,61;14.12.18;87,28;90,99;
20181215;992;76,80;73,24;88,85;15.12.18;86,28;91,00;
20181216;422;39,25;46,95;39,16;16.12.18;86,11;91,51;
20181217;637;72,80;51,84;86,48;17.12.18;87,01;88,92;
20181218;688;72,22;38,40;88,08;18.12.18;88,26;85,61;
20181219;744;62,33;26,63;81,45;19.12.18;88,48;82,23;
20181220;733;162,69;108,13;195,41;20.12.18;91,97;86,60;
20181221;756;210,32;157,26;247,76;21.12.18;96,16;99,49;
20181222;931;64,05;92,23;41,42;22.12.18;96,35;97,67;
20181223;405;81,79;48,92;108,82;23.12.18;94,56;103,74;
20181224;536;111,24;123,22;92,50;24.12.18;95,94;109,24;
20181225;202;65,60;98,09;27,27;25.12.18;96,05;108,29;
20181226;420;63,10;62,90;52,47;26.12.18;94,78;108,40;
20181227;548;30,22;12,05;40,21;27.12.18;91,45;89,47;
20181228;617;102,01;64,23;133,93;28.12.18;91,49;74,00;
20181229;683;58,20;67,69;40,33;29.12.18;90,23;73,17;
20181230;407;32,56;48,68;13,54;30.12.18;86,58;66,13;
20181231;535;86,68;86,42;113,27;31.12.18;87,69;62,62;
20190101;356;83,74;92,76;77,37;01.01.19;89,77;65,22;
20190102;663;189,86;99,62;249,28;02.01.19;94,43;83,33;
20190103;698;9,49;9,46;7,89;03.01.19;91,42;80,36;
20190104;736;99,02;62,82;112,28;04.01.19;91,28;79,94;
20190105;982;40,48;26,90;61,71;05.01.19;88,25;77,40;
20190106;409;40,50;0,00;67,35;06.01.19;83,06;78,54;
20190107;717;83,16;46,06;99,88;07.01.19;83,28;78,04;
20190108;732;67,88;27,07;90,31;08.01.19;84,35;75,77;
20190109;747;106,43;79,58;132,75;09.01.19;84,87;63,85;
20190110;776;76,84;42,56;92,29;10.01.19;84,25;73,47;
20190111;818;101,24;113,04;127,96;11.01.19;84,76;73,79;
20190112;1088;51,76;6,07;86,08;12.01.19;82,08;75,40;
20190113;439;37,73;15,04;50,20;13.01.19;79,33;75,00;
20190114;705;89,27;46,84;117,21;14.01.19;79,75;75,88;
20190115;743;102,54;35,56;140,88;15.01.19;81,86;80,83;
20190116;857;92,77;77,07;96,42;16.01.19;82,52;78,88;
20190117;763;160,64;138,50;194,95;17.01.19;85,47;90,85;
20190118;734;112,83;107,98;112,58;18.01.19;87,15;92,50;
20190119;1039;22,32;12,71;31,81;19.01.19;82,48;88,30;
20190120;554;47,83;23,84;69,61;20.01.19;77,06;89,74;
20190121;655;70,80;60,50;75,70;21.01.19;77,28;87,10;
20190122;778;144,77;101,87;191,19;22.01.19;79,38;93,14;
20190123;797;58,19;66,30;96,77;23.01.19;77,61;88,20;
20190124;798;91,32;82,77;110,46;24.01.19;78,47;78,29;
20190125;836;91,14;47,40;131,79;25.01.19;79,41;75,20;
20190126;1073;40,13;49,24;30,81;26.01.19;79,74;77,74;
20190127;438;75,63;75,40;88,04;27.01.19;78,86;81,71;
20190128;655;101,15;20,17;151,39;28.01.19;80,29;86,05;
20190129;751;101,45;43,97;139,38;29.01.19;82,59;79,86;
20190130;801;173,69;57,72;254,47;30.01.19;85,49;96,36;
20190131;805;148,14;32,82;232,68;31.01.19;87,63;104,48;
20190201;875;113,57;67,93;138,51;01.02.19;85,09;107,68;
20190202;1092;75,84;18,14;110,99;02.02.19;87,30;112,78;
20190203;443;82,25;44,73;111,92;03.02.19;86,74;113,73;
20190204;681;179,98;29,10;291,23;04.02.19;91,39;124,99;
20190205;716;106,41;18,45;161,58;05.02.19;93,59;125,70;
20190206;739;103,10;35,75;156,55;06.02.19;94,25;115,61;
20190207;788;92,48;33,53;139,82;07.02.19;95,07;107,66;
20190208;850;62,35;85,47;38,89;08.02.19;93,61;100,34;
20190209;1092;30,33;18,14;35,31;09.02.19;92,06;93,84;
20190210;423;39,16;31,23;39,07;10.02.19;89,99;87,69;
20190211;652;96,53;91,17;84,49;11.02.19;91,48;75,77;
20190212;670;69,22;29,57;90,45;12.02.19;92,53;70,45;
20190213;784;88,73;25,27;133,51;13.02.19;92,51;68,40;
20190214;779;76,54;25,44;113,15;14.02.19;91,64;66,12;
20190215;799;145,11;165,33;158,58;15.02.19;93,39;77,95;
20190216;967;61,66;47,81;91,15;16.02.19;90,09;82,42;
20190217;461;86,23;42,98;119,50;17.02.19;89,20;89,15;
20190218;592;67,15;22,31;102,36;18.02.19;90,70;84,95;
20190219;682;116,57;116,21;153,48;19.02.19;92,99;91,71;
20190220;638;171,34;124,23;198,60;20.02.19;96,34;103,51;
20190221;739;116,55;62,56;156,55;21.02.19;95,40;109,23;
20190222;811;69,44;40,72;88,31;22.02.19;95,77;98,42;
20190223;918;46,91;14,39;66,01;23.02.19;94,29;96,31;
20190224;486;74,98;13,59;124,69;24.02.19;93,75;94,70;
20190225;691;139,02;76,47;167,42;25.02.19;97,05;104,97;
20190226;716;124,92;64,57;184,66;26.02.19;98,69;106,16;
20190227;784;160,56;117,94;189,72;27.02.19;100,67;104,62;
20190228;774;162,63;153,60;220,65;28.02.19;102,71;111,21;
20190301;790;184,50;66,88;278,94;01.03.19;103,07;127,64;
20190302;1056;131,75;50,04;208,67;02.03.19;102,53;139,76;
20190303;426;77,76;108,53;64,66;03.03.19;101,33;140,16;
20190304;684;62,96;77,25;72,49;04.03.19;100,90;129,30;
20190305;707;103,08;37,37;140,26;05.03.19;101,60;126,18;
20190306;736;81,01;44,87;104,79;06.03.19;98,30;114,81;
20190307;800;91,10;74,30;123,95;07.03.19;97,79;104,59;
20190308;843;55,01;62,68;39,21;08.03.19;96,19;86,10;
20190309;1096;81,61;48,21;95,50;09.03.19;95,82;78,93;
20190310;428;23,22;30,86;12,87;10.03.19;94,52;71,14;
20190311;664;44,90;49,73;41,48;11.03.19;95,00;68,56;
20190312;752;101,32;96,61;87,91;12.03.19;97,08;68,31;
20190313;776;115,26;110,65;106,49;13.03.19;97,70;73,20;
20190314;795;66,67;74,77;62,37;14.03.19;97,61;69,71;
20190315;813;61,12;56,87;54,21;15.03.19;96,69;70,58;
20190316;1096;81,61;48,21;95,50;16.03.19;96,86;70,58;
20190317;407;32,56;32,46;40,61;17.03.19;93,11;71,92;
20190318;663;79,94;139,47;16,62;18.03.19;93,72;76,92;
20190319;740;107,43;142,81;59,56;19.03.19;94,43;77,80;
20190320;769;60,31;60,12;57,31;20.03.19;94,20;69,95;
20190321;820;88,87;56,38;107,49;21.03.19;93,28;73,12;
20190322;782;122,84;118,24;119,76;22.03.19;91,66;81,94;
20190323;1108;77,73;59,61;79,55;23.03.19;90,37;81,38;
20190324;493;67,19;66,99;78,22;24.03.19;90,29;86,33;
20190325;709;51,39;9,32;77,70;25.03.19;90,44;82,25;
20190326;672;88,73;108,11;65,58;26.03.19;90,90;79,58;
20190327;778;80,90;84,89;70,81;27.03.19;88,96;82,52;
20190328;733;81,35;81,10;75,16;28.03.19;87,51;81,45;
20190329;725;77,67;63,77;98,78;29.03.19;84,75;74,99;
20190330;1084;67,23;24,37;101,64;30.03.19;81,57;73,49;
20190331;445;22,33;14,84;24,76;31.03.19;76,16;67,09;
20190401;658;65,45;50,19;75,35;01.04.19;73,95;69,09;
20190402;710;60,65;9,30;93,11;02.04.19;73,38;65,08;
20190403;789;83,97;25,11;118,70;03.04.19;74,08;65,52;
20190404;776;72,57;59,58;106,49;04.04.19;73,06;64,27;
20190405;791;71,19;33,40;97,50;05.04.19;72,74;63,34;
20190406;1074;58,60;24,60;82,07;06.04.19;71,65;62,11;
20190407;427;15,52;15,47;12,90;07.04.19;70,34;61,14;
20190408;650;96,83;111,77;76,28;08.04.19;70,84;65,62;
20190409;692;167,54;95,44;230,87;09.04.19;75,66;80,89;
20190410;781;76,35;25,37;112,86;10.04.19;76,70;79,80;
20190411;763;104,20;43,28;144,40;11.04.19;76,80;84,32;
20190412;895;103,63;81,18;166,19;12.04.19;76,41;88,95;
20190413;1062;81,10;31,10;114,12;13.04.19;76,89;92,17;
20190414;447;51,87;29,55;61,62;14.04.19;76,59;97,36;
20190415;643;56,67;41,09;59,97;15.04.19;75,75;91,62;
20190416;692;124,46;66,81;151,26;16.04.19;78,82;85,47;
20190417;685;67,70;67,49;56,30;17.04.19;78,41;84,23;
20190418;728;54,60;36,29;68,11;18.04.19;76,65;77,15;
20190419;581;51,31;22,74;66,37;19.04.19;76,35;69,67;
20190420;1003;46,24;32,92;60,42;20.04.19;74,93;64,69;
20190421;419;86,96;94,58;92,04;21.04.19;73,73;69,71;
20190422;587;95,93;90,01;84,47;22.04.19;74,34;75,32;
20190423;635;156,50;114,41;173,51;23.04.19;77,32;79,89;
20190424;713;88,27;138,95;30,91;24.04.19;78,54;82,83;
20190425;798;99,63;99,32;103,55;25.04.19;78,91;89,26;
20190426;767;129,57;103,33;150,83;26.04.19;80,53;100,44;
20190427;1110;53,72;41,65;64,52;27.04.19;79,61;101,51;
20190428;446;29,71;44,43;12,35;28.04.19;78,01;93,33;
20190429;674;68,81;58,80;98,08;29.04.19;78,06;89,46;
20190430;738;49,37;44,75;52,25;30.04.19;78,96;74,15;
20190501;700;61,52;9,44;102,31;01.05.19;78,83;70,33;
20190502;800;186,33;90,82;247,91;02.05.19;83,02;82,72;
20190503;850;70,15;54,39;77,77;03.05.19;82,56;74,23;
20190504;1087;51,81;24,30;65,89;04.05.19;81,87;73,96;
20190505;426;93,31;31,01;142,25;05.05.19;82,61;83,04;
20190506;638;134,99;103,52;164,06;06.05.19;85,15;92,50;
20190507;676;122,51;87,93;138,54;07.05.19;88,72;102,95;
20190508;759;56,74;26,11;87,10;08.05.19;87,38;102,26;
20190509;773;167,13;85,44;213,80;09.05.19;87,37;99,52;
20190510;804;135,96;57,50;178,15;10.05.19;89,36;108,92;
20190511;942;56,26;35,06;64,33;11.05.19;87,76;109,56;
20190512;425;31,18;62,16;0,00;12.05.19;85,34;100,68;
20190513;683;130,95;38,68;193,58;13.05.19;87,01;100,10;
20190514;706;248,68;93,55;351,14;14.05.19;93,57;118,13;
20190515;753;184,76;201,74;204,85;15.05.19;97,84;136,42;
20190516;794;158,54;199,64;131,83;16.05.19;98,97;135,19;
20190517;775;141,05;119,31;156,38;17.05.19;101,42;135,92;
20190518;1054;81,71;43,86;125,44;18.05.19;102,32;139,55;
20190519;463;57,24;42,80;71,39;19.05.19;102,52;143,28;
20190520;612;102,84;53,96;135,02;20.05.19;104,40;139,26;
20190521;707;131,19;84,08;163,63;21.05.19;105,88;122,48;
20190522;711;93,18;46,45;123,97;22.05.19;105,79;109,39;
20190523;743;102,54;97,78;88,97;23.05.19;103,99;101,39;
20190524;802;148,69;74,12;206,07;24.05.19;106,00;102,49;
20190525;1085;64,11;6,09;101,55;25.05.19;104,82;99,97;
20190526;417;39,72;0,00;66,06;26.05.19;101,82;97,47;
20190527;535;43,34;37,04;41,19;27.05.19;101,48;88,97;
20190528;620;69,46;0,00;115,51;28.05.19;102,80;80,15;
20190529;736;67,51;17,95;97,31;29.05.19;102,76;76,48;
20190530;799;120,23;107,46;124,11;30.05.19;105,12;79,01;
20190531;792;104,56;33,36;146,07;31.05.19;106,56;72,71;
20190601;1018;130,16;71,37;167,76;01.06.19;104,68;82,14;
20190602;457;28,99;43,36;24,11;02.06.19;103,31;80,61;
20190603;692;129,25;95,44;143,30;03.06.19;105,89;92,88;
20190604;716;69,40;18,45;100,02;04.06.19;105,10;92,87;
20190605;812;122,39;89,47;142,47;05.06.19;104,68;100,71;
20190606;759;82,92;60,91;116,13;06.06.19;103,36;95,38;
20190607;758;69,92;60,99;72,68;07.06.19;103,80;90,43;
20190608;1107;50,87;17,90;69,67;08.06.19;99,92;79,11;
20190609;430;53,93;30,72;64,06;09.06.19;97,19;82,67;
20190610;640;56,93;30,96;68,86;10.06.19;97,21;72,34;
20190611;758;74,29;52,28;87,21;11.06.19;98,65;73,04;
20190612;732;95,03;99,25;75,26;12.06.19;97,45;69,13;
20190613;780;114,67;59,27;169,51;13.06.19;92,98;73,66;
20190614;791;192,64;125,25;229,83;14.06.19;93,24;91,19;
20190615;1071;108,25;37,00;149,17;15.06.19;91,57;99,39;
20190616;424;62,50;62,31;64,96;16.06.19;88,95;100,62;
20190617;734;126,36;18,00;195,14;17.06.19;90,44;110,54;
20190618;798;157,74;91,04;200,20;18.06.19;93,79;122,46;
20190619;782;135,55;8,45;218,39;19.06.19;94,88;128,25;
20190620;776;72,57;25,53;106,49;20.06.19;92,92;122,23;
20190621;815;126,00;40,52;196,03;21.06.19;94,02;112,71;
20190622;989;167,47;106,85;211,67;22.06.19;96,18;121,17;
20190623;467;99,31;42,43;153,36;23.06.19;94,54;126,43;
20190624;619;171,25;21,34;284,80;24.06.19;98,11;132,84;
20190625;727;82,02;0,00;136,40;25.06.19;99,52;122,02;
20190626;803;123,76;24,68;198,96;26.06.19;102,20;120,34;
20190627;761;134,94;86,79;159,26;27.06.19;104,38;129,25;
20190628;904;153,90;87,67;201,10;28.06.19;107,26;133,23;
20190629;1074;83,28;36,90;117,98;29.06.19;106,03;121,21;
20190630;420;23,66;0,00;39,35;30.06.19;103,33;110,40;
20190701;736;112,52;26,92;172,16;01.07.19;102,74;102,01;
20190702;695;138,22;47,52;214,02;02.07.19;106,38;110,04;
20190703;694;66,82;9,52;103,19;03.07.19;104,30;101,91;
20190704;626;105,83;52,75;158,41;04.07.19;105,52;97,75;
20190705;741;98,35;35,65;141,26;05.07.19;104,72;89,81;
20190706;1019;52,01;38,89;54,06;06.07.19;103,69;85,35;
20190707;382;52,03;17,29;72,11;07.07.19;103,09;89,40;
20190708;681;53,51;9,70;80,90;08.07.19;103,18;80,97;
20190709;754;96,65;35,04;138,82;09.07.19;104,60;75,03;
20190710;756;100,78;26,21;153,03;10.07.19;106,06;79,88;
20190711;775;119,68;68,18;156,38;11.07.19;107,58;81,86;
20190712;833;107,37;39,64;145,50;12.07.19;107,99;83,15;
20190713;1023;77,71;38,74;96,93;13.07.19;106,76;86,82;
20190714;423;31,32;15,61;39,07;14.07.19;101,38;83,86;
20190715;640;31,06;30,96;43,04;15.07.19;98,81;80,65;
20190716;694;76,37;28,55;111,13;16.07.19;99,27;77,76;
20190717;720;147,23;82,56;198,94;17.07.19;99,96;84,39;
20190718;742;102,68;115,72;103,94;18.07.19;98,13;81,96;
20190719;747;48,78;17,68;66,37;19.07.19;95,24;73,59;
20190720;992;86,82;39,95;138,84;20.07.19;95,71;74,89;
20190721;380;61,02;17,38;86,98;21.07.19;93,55;79,14;
20190722;635;193,02;104,01;242,92;22.07.19;94,40;102,27;
20190723;666;139,27;99,17;198,52;23.07.19;95,73;111,26;
20190724;699;99,52;47,24;126,10;24.07.19;93,34;104,44;
20190725;712;74,44;37,11;92,85;25.07.19;93,09;100,41;
20190726;746;137,65;61,97;192,00;26.07.19;93,55;113,11;
20190727;1002;62,81;13,18;98,96;27.07.19;91,14;109,68;
20190728;417;31,78;0,00;52,84;28.07.19;87,07;105,50;
20190729;674;137,61;88,19;171,65;29.07.19;88,88;97,58;
20190730;674;152,36;137,19;155,30;30.07.19;93,17;99,45;
20190731;702;89,66;84,68;109,87;31.07.19;92,41;98,04;
20190801;738;107,73;89,50;111,97;01.08.19;91,40;102,80;
20190802;776;110,99;42,56;156,18;02.08.19;92,87;98,99;
20190803;1004;112,18;78,94;131,69;03.08.19;93,08;106,04;
20190804;402;115,36;147,87;82,22;04.08.19;93,65;117,98;
20190805;640;103,52;103,20;94,69;05.08.19;95,36;113,11;
20190806;648;270,94;183,47;306,06;06.08.19;102,66;130,05;
20190807;750;106,00;88,06;124,87;07.08.19;104,41;132,39;
20190808;710;144,63;148,84;124,15;08.08.19;106,01;137,66;
20190809;751;105,86;61,56;132,04;09.08.19;106,18;136,93;
20190810;950;90,66;20,86;139,17;10.08.19;105,21;133,85;
20190811;435;76,15;60,73;88,65;11.08.19;104,17;128,25;
20190812;634;151,52;83,34;191,16;12.08.19;106,63;135,11;
20190813;733;40,67;27,03;45,09;13.08.19;106,94;102,21;
20190814;689;105,77;86,27;111,94;14.08.19;109,43;102,18;
20190815;718;96,89;101,19;107,42;15.08.19;110,12;95,36;
20190816;760;104,61;78,21;115,98;16.08.19;108,70;95,18;
20190817;997;99,68;33,12;149,19;17.08.19;108,60;96,47;
20190818;411;88,66;64,28;107,23;18.08.19;109,93;98,26;
20190819;570;127,85;46,35;173,97;19.08.19;111,29;94,87;
20190820;648;76,68;50,96;110,52;20.08.19;111,82;100,02;
20190821;695;114,39;47,52;150,61;21.08.19;109,19;101,25;
20190822;694;147,97;66,62;206,39;22.08.19;109,48;108,55;
20190823;753;96,78;70,17;146,32;23.08.19;109,39;107,43;
20190824;1003;66,05;46,09;76,90;24.08.19;109,11;102,63;
20190825;399;83,02;99,32;82,84;25.08.19;107,29;101,82;
20190826;574;121,19;69,04;143,96;26.08.19;109,24;100,87;
20190827;651;178,10;111,60;203,10;27.08.19;114,12;115,36;
20190828;754;83,47;78,84;102,29;28.08.19;112,31;110,94;
20190829;694;76,37;57,10;79,38;29.08.19;109,78;100,71;
20190830;796;45,78;41,49;55,37;30.08.19;108,32;93,43;
20190831;984;37,03;13,42;50,39;31.08.19;105,96;89,28;
20190901;466;35,54;56,69;11,82;01.09.19;103,44;82,50;
20190902;585;118,91;146,77;113,01;02.09.19;103,67;82,17;
20190903;633;83,73;41,74;113,14;03.09.19;102,61;68,69;
20190904;739;89,65;53,62;104,37;04.09.19;102,15;69,57;
20190905;736;81,01;44,87;127,25;05.09.19;95,82;70,24;
20190906;770;81,74;42,89;100,16;06.09.19;95,01;75,37;
20190907;1049;18,95;25,18;10,50;07.09.19;90,82;72,79;
20190908;459;64,95;43,17;96,02;08.09.19;89,46;76,99;
20190909;682;72,86;87,16;56,54;09.09.19;88,87;70,41;
20190910;758;104,88;104,56;138,09;10.09.19;89,82;73,43;
20190911;738;98,75;17,90;156,76;11.09.19;88,06;74,73;
20190912;750;79,50;70,45;88,14;12.09.19;89,36;74,52;
20190913;798;70,57;41,38;96,65;13.09.19;88,19;72,92;
20190914;1070;46,44;55,55;51,49;14.09.19;86,50;76,85;
20190915;490;74,36;67,40;89,94;15.09.19;85,50;78,19;
20190916;648;178,92;122,31;229,54;16.09.19;88,14;93,35;
20190917;693;253,34;200,14;325,93;17.09.19;93,63;114,55;
20190918;804;115,36;65,72;157,60;18.09.19;93,21;116,93;
20190919;780;157,13;76,21;240,14;19.09.19;95,89;128,02;
20190920;861;126,96;130,41;121,57;20.09.19;96,31;136,07;
20190921;1028;80,56;83,52;69,67;21.09.19;94,06;140,95;
20190922;581;108,33;113,68;94,82;22.09.19;94,45;145,80;
20190923;693;52,58;47,65;63,60;23.09.19;94,00;127,75;
20190924;738;103,24;71,60;141,83;24.09.19;94,67;106,31;
20190925;774;124,11;76,80;142,35;25.09.19;94,77;107,56;
20190926;750;70,67;52,84;88,14;26.09.19;91,19;95,21;
20190927;790;88,06;16,72;146,44;27.09.19;91,34;89,65;
20190928;1109;38,83;11,91;54,64;28.09.19;90,09;83,69;
20190929;434;61,06;91,31;25,39;29.09.19;90,60;76,94;
20190930;624;95,55;42,34;123,60;30.09.19;92,55;83,07;
20191001;735;90,14;71,89;119,92;01.10.19;94,37;81,20;
20191002;761;69,65;8,68;115,83;02.10.19;92,73;73,42;
20191003;784;46,48;25,27;63,24;03.10.19;91,49;69,97;
20191004;774;111,27;59,73;135,23;04.10.19;92,21;73,28;
20191005;1040;54,15;50,81;52,97;05.10.19;91,31;75,47;
20191006;425;38,97;46,62;25,92;06.10.19;89,89;72,32;
20191007;688;52,96;28,80;64,06;07.10.19;91,02;66,23;
20191008;753;118,78;87,71;131,69;08.10.19;92,82;70,32;
20191009;723;82,47;73,08;99,06;09.10.19;93,14;72,15;
20191010;722;165,17;109,77;213,65;10.10.19;95,15;89,11;
20191011;762;204,32;277,36;180,74;11.10.19;98,66;102,40;
20191012;1157;103,07;108,46;95,23;12.10.19;99,45;109,39;
20191013;454;94,85;101,84;109,21;13.10.19;100,26;117,37;
20191014;671;118,48;68,90;164,20;14.10.19;102,66;126,73;
20191015;705;108,07;93,68;179,73;15.10.19;103,78;125,20;
20191016;719;193,50;119,42;283,50;16.10.19;104,27;141,07;
20191017;837;114,77;15,78;177,71;17.10.19;99,65;133,87;
20191018;777;106,58;76,50;127,62;18.10.19;99,36;119,90;
20191019;995;113,19;66,38;138,42;19.10.19;97,89;121,35;
20191020;454;36,48;29,10;36,40;20.10.19;94,88;113,01;
20191021;709;93,44;55,89;116,55;21.10.19;95,31;109,43;
20191022;732;54,30;72,18;37,63;22.10.19;93,51;101,75;
20191023;785;97,06;16,83;154,39;23.10.19;94,99;87,98;
20191024;769;116,31;42,94;179,10;24.10.19;95,43;88,20;
20191025;823;140,87;96,30;167,35;25.10.19;95,98;93,09;
20191026;1039;28,69;31,78;31,81;26.10.19;94,58;81,02;
20191027;432;7,67;0,00;12,75;27.10.19;91,91;76,91;
20191028;674;98,30;97,99;114,43;28.10.19;93,89;77,60;
20191029;767;95,01;68,89;107,74;29.10.19;95,02;83,42;
20191030;731;113,29;90,35;113,04;30.10.19;95,61;85,73;
20191031;757;83,14;52,35;109,16;31.10.19;95,38;81,00;
20191101;724;100,66;72,98;106,53;01.11.19;96,41;75,25;
20191102;1035;60,81;44,67;63,87;02.11.19;96,89;79,84;
20191103;427;54,30;61,87;38,70;03.11.19;94,99;86,50;
20191104;671;59,24;9,84;90,31;04.11.19;95,16;80,92;
20191105;680;77,94;48,56;97,22;05.11.19;96,46;78,48;
20191106;695;85,79;95,03;71,34;06.11.19;97,55;74,56;
20191107;729;63,62;45,30;75,57;07.11.19;95,71;71,77;
20191108;837;98,94;94,69;92,15;08.11.19;96,26;71,52;
20191109;1110;26,86;11,90;44,67;09.11.19;91,65;66,67;
20191110;417;55,61;47,52;66,06;10.11.19;86,70;66,86;
20191111;644;92,59;61,53;111,21;11.11.19;86,35;71,62;
20191112;690;62,41;67,00;63,87;12.11.19;85,26;69,40;
20191113;786;160,15;142,85;189,24;13.11.19;86,65;80,02;
20191114;695;85,79;28,51;118,90;14.11.19;85,91;83,19;
20191115;706;75,07;56,13;85,83;15.11.19;81,96;79,78;
20191116;1100;69,26;54,04;75,12;16.11.19;80,45;85,84;
20191117;448;73,94;14,74;110,67;17.11.19;79,36;88,46;
20191118;668;109,10;79,10;156,69;18.11.19;79,22;90,82;
20191119;704;61,17;46,91;62,60;19.11.19;80,04;90,64;
20191120;780;101,93;33,87;141,26;20.11.19;80,33;82,32;
20191121;790;62,90;41,80;76,71;21.11.19;80,61;79,05;
20191122;876;64,28;22,62;88,04;22.11.19;79,52;77,51;
20191123;979;37,22;33,73;33,76;23.11.19;76,89;72,93;
20191124;442;52,46;29,89;74,78;24.11.19;73,94;69,86;
20191125;633;36,63;31,30;34,81;25.11.19;74,20;59,51;
20191126;705;70,48;46,84;78,14;26.11.19;76,30;60,84;
20191127;746;93,25;97,39;81,23;27.11.19;76,13;59,60;
20191128;610;38,01;10,83;63,22;28.11.19;74,23;56,05;
20191129;703;108,38;75,16;117,55;29.11.19;74,06;62,35;
20191130;1097;72,47;72,25;75,33;30.11.19;73,71;67,38;
20191201;390;59,46;50,81;56,50;01.12.19;72,34;68,38;
20191202;638;77,88;31,06;112,25;02.12.19;72,90;74,28;
20191203;656;85,84;50,34;100,77;03.12.19;73,96;76,47;
20191204;695;47,66;47,52;63,41;04.12.19;73,57;69,96;
20191205;835;103,15;94,92;92,37;05.12.19;74,41;79,26;
20191206;822;88,66;64,28;113,93;06.12.19;74,51;76,45;
20191207;1083;12,23;12,20;20,35;07.12.19;72,79;67,84;
20191208;442;37,47;44,83;24,93;08.12.19;70,74;64,70;
20191209;640;82,81;51,60;103,29;09.12.19;72,61;65,40;
20191210;738;76,31;26,85;119,44;10.12.19;73,30;64,04;
20191211;714;97,43;138,76;77,16;11.12.19;73,46;71,15;
20191212;746;97,69;70,83;110,77;12.12.19;74,64;70,37;
20191213;798;99,63;41,38;138,07;13.12.19;72,62;71,94;
20191214;960;48,31;68,80;22,95;14.12.19;71,37;77,09;
20191215;411;48,36;48,21;40,21;15.12.19;70,48;78,65;
20191216;663;94,93;59,77;116,33;16.12.19;71,33;80,38;
20191217;684;82,33;48,28;104,70;17.12.19;71,61;81,24;
20191218;723;119,12;109,62;137,15;18.12.19;71,95;84,34;
20191219;768;69,01;34,40;93,25;19.12.19;72,21;80,24;
20191220;736;49,51;71,79;22,46;20.12.19;70,46;73,08;
20191221;879;52,76;30,06;62,67;21.12.19;70,12;73,72;
20191222;391;25,42;33,78;28,18;22.12.19;68,83;70,44;
20191223;571;34,81;23,13;38,59;23.12.19;68,75;61,85;
20191224;569;58,22;34,82;67,77;24.12.19;68,94;58,41;
20191225;219;45,38;30,16;50,31;25.12.19;69,23;47,87;
20191226;375;44,17;52,84;44,07;26.12.19;68,35;44,32;
20191227;592;111,91;111,57;93,06;27.12.19;68,98;53,24;
20191228;761;60,94;60,75;57,91;28.12.19;69,74;54,41;
20191229;365;36,30;36,19;45,28;29.12.19;67,34;55,96;
20191230;515;128,64;153,90;85,58;30.12.19;69,21;69,37;
20191231;601;165,35;142,86;210,83;31.12.19;72,74;84,67;
20200101;376;114,53;105,39;131,86;01.01.20;73,96;94,55;
20200102;609;163,18;86,76;199,01;02.01.20;76,54;111,55;
20200103;656;80,79;40,27;125,97;03.01.20;77,64;107,11;
20200104;965;229,99;212,17;313,98;04.01.20;81,87;131,26;
20200105;399;199,25;248,30;289,95;05.01.20;85,56;154,54;
20200106;631;251,99;115,14;357,95;06.01.20;93,55;172,16;
20200107;673;413,46;147,21;622,12;07.01.20;106,08;207,60; U.S. / Iran Tensions Escalate
20200108;752;180,61;158,09;227,10;08.01.20;109,34;217,04;
20200109;739;394,46;339,62;551,65;09.01.20;119,95;250,08;
20200110;792;167,30;166,79;187,81;10.01.20;122,28;262,44;
20200111;1020;120,16;32,38;183,63;11.01.20;123,03;246,75;
20200112;377;175,73;140,15;233,80;12.01.20;125,56;243,39;
20200113;629;152,73;126,00;157,65;13.01.20;129,04;229,21;
20200114;729;131,78;81,54;151,14;14.01.20;131,83;188,97;
20200115;712;153,53;64,93;216,65;15.01.20;133,78;185,10;
20200116;749;145,95;44,09;213,30;16.01.20;135,90;149,60;
20200117;791;129,82;83,50;174,12;17.01.20;136,26;144,24;
20200118;1024;38,82;19,35;53,80;18.01.20;135,25;132,62;
20200119;426;93,31;62,02;103,46;19.01.20;136,71;120,85;
20200120;584;119,12;33,93;179,23;20.01.20;138,92;116,05;
20200121;694;119,33;85,65;150,82;21.01.20;142,05;114,27;
20200122;807;77,99;24,55;129,70;22.01.20;143,49;103,48;
20200123;783;93,07;16,87;147,75;23.01.20;144,65;95,92;
20200124;765;51,96;8,63;79,21;24.01.20;144,87;84,80;
20200125;1100;33,13;0,00;55,09;25.01.20;144,50;83,99;
20200126;426;23,33;15,50;25,86;26.01.20;141,55;73,99;
20200127;644;72,01;30,77;94,10;27.01.20;141,92;67,26;
20200128;765;99,59;51,80;136,83;28.01.20;144,03;64,44;
20200129;775;47,02;8,52;71,08;29.01.20;141,31;60,02;
20200130;775;188,07;42,61;284,34;30.01.20;142,07;73,59;
20200131;806;73,98;40,97;88,85;31.01.20;140,72;76,73;
20200201;1116;89,05;41,43;118,47;01.02.20;138,24;84,72;
20200202;483;41,15;41,02;34,22;02.02.20;136,92;87,27;
20200203;647;107,52;112,29;93,66;03.02.20;132,84;92,34;
20200204;692;143,61;181,34;103,49;04.02.20;130,99;98,63;
20200205;727;68,35;36,34;98,51;05.02.20;124,86;101,67;
20200206;731;90,63;36,14;128,12;06.02.20;114,10;87,75;
20200207;839;78,96;23,62;111,62;07.02.20;110,72;88,47;
20200208;1169;31,17;22,60;37,70;08.02.20;98,61;80,20;
20200209;421;31,47;31,38;39,26;09.02.20;94,08;78,82;
20200210;669;24,76;19,75;24,70;10.02.20;90,90;66,99;
20200211;734;90,26;89,98;82,56;11.02.20;88,05;59,37;
20200212;801;62,03;74,21;41,27;12.02.20;85,03;58,47;
20200213;788;58,85;83,82;27,96;13.02.20;82,59;53,93;
20200214;780;89,18;59,27;120,07;14.02.20;80,45;55,39;
20200215;1105;53,96;47,82;59,83;15.02.20;77,38;58,65;
20200216;406;73,43;0,00;122,12;16.02.20;75,50;64,64;
20200217;587;84,65;78,76;112,62;17.02.20;77,03;73,20;
20200218;675;83,43;0,00;138,75;18.02.20;76,70;72,22;
20200219;726;54,75;45,49;53,12;19.02.20;74,56;71,18;
20200220;744;111,31;53,26;140,69;20.02.20;74,29;78,67;
20200221;765;103,92;86,34;129,62;21.02.20;75,15;80,78;
20200222;1028;77,34;89,95;75,03;22.02.20;74,63;84,12;
20200223;437;37,90;30,23;37,82;23.02.20;74,16;79,04;
20200224;655;80,92;70,59;75,70;24.02.20;75,75;78,51;
20200225;746;115,45;44,27;155,08;25.02.20;78,82;83,08;
20200226;678;102,60;19,48;154,38;26.02.20;79,84;89,92;
20200227;725;63,97;72,88;53,19;27.02.20;78,66;83,16;
20200228;781;55,14;59,20;56,43;28.02.20;78,93;76,19;
20200229;1137;90,32;75,52;101,75;29.02.20;75,67;78,04;
20200301;432;53,68;45,87;63,76;01.03.20;74,99;80,30;
20200302;686;106,23;125,16;104,40;02.03.20;75,56;83,91;
20200303;700;123,04;141,53;86,57;03.03.20;78,29;85,00;
20200304;800;144,92;140,35;185,93;04.03.20;79,54;91,04;
20200305;753;79,18;122,80;58,53;05.03.20;77,39;93,22;
20200306;839;51,33;55,11;78,79;06.03.20;76,83;92,67;
20200307;1134;64,26;69,89;68,01;07.03.20;75,95;88,95;
20200308;458;65,09;28,84;84,20;08.03.20;75,49;90,58;
20200309;637;72,80;41,47;95,13;09.03.20;76,87;85,81;
20200310;786;71,65;16,81;112,14;10.03.20;78,21;78,46;
20200311;801;90,98;65,96;110,04;11.03.20;80,42;70,76;
20200312;841;74,84;70,68;72,06;12.03.20;79,91;70,14;
20200313;876;68,07;82,94;81,75;13.03.20;80,11;72,53;
20200314;1138;66,95;40,63;87,14;14.03.20;80,38;72,91;
20200315;413;32,08;15,99;53,36;15.03.20;78,47;68,20;
20200316;673;34,45;9,81;49,11;16.03.20;77,82;62,72;
20200317;702;99,09;94,08;86,32;17.03.20;78,68;66,64;
20200318;794;87,61;74,86;83,26;18.03.20;78,78;66,16;
20200319;743;89,17;97,78;81,56;19.03.20;78,97;68,20;
20200320;745;57,80;26,60;81,34;20.03.20;79,07;66,74;
20200321;1050;59,94;56,61;52,47;21.03.20;77,36;65,74;
20200322;415;79,82;47,75;119,47;22.03.20;76,55;72,56;
20200323;656;121,19;40,27;167,96;23.03.20;78,02;84,95;
20200324;659;191,01;100,22;275,87;24.03.20;83,12;98,08;
20200325;745;53,36;17,73;81,34;25.03.20;82,20;93,18;
20200326;701;56,71;28,27;78,59;26.03.20;80,24;88,55;
20200327;699;52,13;47,24;55,17;27.03.20;78,56;87,74;
20200328;1025;67,87;32,22;91,37;28.03.20;78,69;88,87;
20200329;399;157,74;148,98;151,88;29.03.20;82,11;100,00;
20200330;672;103,52;39,31;139,36;30.03.20;82,55;97,48;
20200331;668;89,26;59,32;107,21;31.03.20;83,74;82,94;
20200401;707;65,60;9,34;101,30;01.04.20;82,38;84,69;
20200402;696;47,59;9,49;79,15;02.04.20;79,87;83,39;
20200403;705;84,58;56,21;93,77;03.04.20;77,86;88,02;
20200404;996;76,50;46,42;94,03;04.04.20;77,77;89,25;
20200405;383;95,14;17,24;143,84;05.04.20;79,23;80,31;
20200406;667;99,33;108,92;90,85;06.04.20;80,40;79,71;
20200407;653;106,53;60,69;143,42;07.04.20;81,78;82,18;
20200408;720;78,21;55,04;91,82;08.04.20;81,96;83,98;
20200409;707;60,91;84,08;38,96;09.04.20;81,60;85,88;
20200410;465;85,49;71,02;94,78;10.04.20;81,42;86,01;
20200411;926;42,93;7,13;65,44;11.04.20;80,35;81,22;
20200412;388;42,69;0,00;70,99;12.04.20;79,51;73,73;
20200413;597;88,78;77,44;92,28;13.04.20;80,23;72,22;
20200414;763;91,17;43,28;137,18;14.04.20;82,20;70,02;
20200415;777;89,53;68,00;99,26;15.04.20;84,04;71,64;
20200416;752;48,46;17,57;65,93;16.04.20;82,35;69,86;
20200417;721;73,51;45,80;84,05;17.04.20;81,88;68,15;
20200418;907;43,83;29,13;48,59;18.04.20;80,37;68,28;
20200419;442;37,47;14,94;49,86;19.04.20;79,69;67,53;
20200420;640;25,88;0,00;43,04;20.04.20;78,56;58,55;
20200421;735;54,08;35,94;59,96;21.04.20;77,70;53,25;
20200422;724;137,26;136,84;114,14;22.04.20;78,23;60,07;
20200423;722;100,94;82,33;114,45;23.04.20;75,23;67,57;
20200424;795;45,83;8,31;76,23;24.04.20;74,98;63,61;
20200425;954;48,61;27,69;57,75;25.04.20;74,71;64,30;
20200426;404;41,00;16,35;54,54;26.04.20;74,34;64,80;
20200427;676;49,00;19,54;65,20;27.04.20;73,71;68,10;
20200428;727;95,69;127,19;75,78;28.04.20;71,64;74,05;
20200429;667;79,46;99,02;66,08;29.04.20;70,84;65,79;
20200430;698;56,95;56,77;55,25;30.04.20;69,76;59,51;
20200501;658;60,41;60,23;50,23;01.05.20;69,59;61,59;
20200502;947;69,96;34,87;98,89;02.05.20;70,34;64,64;
20200503;380;26,15;0,00;43,49;03.05.20;68,39;62,52;
20200504;667;59,60;29,71;74,33;04.05.20;67,83;64,03;
20200505;716;41,64;36,90;38,47;05.05.20;66,04;56,31;
20200506;697;80,79;113,71;47,42;06.05.20;65,43;56,50;
20200507;708;56,15;27,99;70,03;07.05.20;63,75;56,39;
20200508;705;70,48;93,68;54,70;08.05.20;63,49;57,82;
20200509;940;24,67;14,05;29,30;09.05.20;62,28;51,35;
20200510;397;41,72;0,00;69,38;10.05.20;60,82;53,58;
20200511;699;37,91;37,80;31,53;11.05.20;60,65;50,48;
20200512;672;39,44;9,83;57,39;12.05.20;60,55;50,17;
20200513;779;59,53;33,91;70,72;13.05.20;59,57;47,13;
20200514;726;82,13;45,49;98,65;14.05.20;59,27;50,84;
20200515;723;45,82;27,41;53,34;15.05.20;57,81;47,32;
20200516;956;51,98;55,27;46,10;16.05.20;57,93;51,22;
20200517;395;75,48;33,44;111,57;17.05.20;57,99;56,04;
20200518;613;135,10;140,07;125,82;18.05.20;61,04;69,92;
20200519;666;99,48;79,34;99,26;19.05.20;63,10;78,50;
20200520;731;99,69;45,18;128,12;20.05.20;65,56;84,24;
20200521;724;73,21;27,37;106,53;21.05.20;66,20;82,96;
20200522;757;135,65;69,80;174,66;22.05.20;66,15;95,80;
20200523;1003;36,33;39,51;32,96;23.05.20;63,99;93,56;
20200524;373;17,76;17,71;14,77;24.05.20;63,06;85,32;
20200525;590;129,13;11,19;205,42;25.05.20;65,74;84,47;
20200526;633;120,36;73,04;147,95;26.05.20;68,39;87,45;
20200527;707;23,43;28,03;31,17;27.05.20;67,54;76,55;
20200528;760;61,02;43,45;79,74;28.05.20;66,38;74,81;
20200529;723;137,45;45,68;190,49;29.05.20;68,31;75,07;
20200530;983;84,25;13,44;134,50;30.05.20;69,22;81,91;
20200531;383;77,84;17,24;129,45;31.05.20;69,80;90,50;
20200601;676;53,90;39,08;73,34;01.06.20;69,27;79,75;
20200602;718;83,04;82,79;76,73;02.06.20;71,17;74,42;
20200603;752;114,53;52,70;190,47;03.06.20;73,00;87,43;
20200604;733;36,15;27,03;37,58;04.06.20;72,81;83,88;
20200605;753;109,98;61,40;131,69;05.06.20;73,79;79,96;
20200606;962;55,09;27,46;68,72;06.06.20;73,75;75,79;
20200607;381;60,86;69,34;43,38;07.06.20;73,43;73,37;
20200608;656;65,65;50,34;75,58;08.06.20;74,80;75,04;
20200609;679;68,30;19,45;105,47;09.06.20;75,68;72,94;
20200610;727;95,69;45,42;121,24;10.06.20;77,61;70,25;
20200611;720;87,41;18,35;137,73;11.06.20;79,21;77,57;
20200612;720;73,61;55,04;76,51;12.06.20;79,68;72,37;
20200613;1013;58,86;39,12;65,26;13.06.20;78,90;72,91;
20200614;370;26,86;17,85;29,78;14.06.20;78,27;68,05;
20200615;644;102,87;102,56;128,32;15.06.20;79,97;73,37;
20200616;711;79,20;27,87;108,48;16.06.20;80,09;74,93;
20200617;744;151,38;150,91;133,28;17.06.20;80,63;82,89;
20200618;752;101,32;61,48;124,54;18.06.20;80,69;84,87;
20200619;677;53,82;78,05;32,55;19.06.20;79,17;82,05;
20200620;968;82,13;40,94;108,13;20.06.20;79,46;85,37;
20200621;381;43,47;34,67;57,84;21.06.20;76,39;87,74;
20200622;630;131,45;83,87;166,14;22.06.20;79,56;91,83;
20200623;705;56,38;65,58;62,51;23.06.20;80,85;88,57;
20200624;702;80,22;37,63;109,87;24.06.20;79,22;78,40;
20200625;731;40,78;27,11;45,22;25.06.20;76,57;69,75;
20200626;747;44,34;8,84;66,37;26.06.20;77,26;68,40;
20200627;895;29,61;29,52;24,62;27.06.20;76,22;60,89;
20200628;365;36,30;54,29;60,37;28.06.20;72,84;59,87;
20200629;621;48,01;63,81;44,36;29.06.20;71,64;47,95;
20200630;689;76,92;67,10;87,95;30.06.20;71,61;50,88;
20200701;645;107,85;143,36;145,20;01.07.20;73,40;54,83;
20200702;708;23,39;18,66;23,34;02.07.20;71,42;52,35;
20200703;678;43,97;29,22;56,88;03.07.20;69,06;52,29;
20200704;948;24,46;27,87;23,24;04.07.20;68,67;51,56;
20200705;348;57,11;0,00;94,98;05.07.20;66,91;54,53;
20200706;644;72,01;30,77;94,10;06.07.20;67,48;57,96;
20200707;624;106,17;74,09;123,60;07.07.20;68,99;62,14;
20200708;676;68,60;48,85;105,94;08.07.20;69,08;56,53;
20200709;712;55,83;18,55;77,37;09.07.20;68,67;61,17;
20200710;714;97,43;18,50;146,60;10.07.20;68,73;68,80;
20200711;942;21,10;14,02;29,24;11.07.20;66,52;68,32;
20200712;390;25,48;0,00;42,38;12.07.20;64,91;63,80;
20200713;643;92,73;51,36;111,38;13.07.20;66,04;66,76;
20200714;671;93,80;98,43;73,89;14.07.20;68,27;65,00;
20200715;671;103,67;39,37;147,78;15.07.20;68,30;70,01;
20200716;674;29,49;29,40;24,52;16.07.20;66,64;66,24;
20200717;778;38,32;16,98;49,57;17.07.20;62,87;57,80;
20200718;967;30,83;13,66;45,58;18.07.20;60,52;59,19;
20200719;396;33,46;0,00;55,65;19.07.20;59,84;60,33;
20200720;684;87,17;67,59;128,87;20.07.20;60,01;59,53;
20200721;741;116,23;26,74;178,43;21.07.20;62,44;62,74;
20200722;707;117,13;18,68;187,01;22.07.20;61,96;64,66;
20200723;764;78,04;34,58;115,37;23.07.20;62,68;71,60;
20200724;750;92,75;52,84;110,18;24.07.20;63,10;79,38;
20200725;927;35,73;28,50;41,60;25.07.20;62,93;80,08;
20200726;422;39,25;31,30;52,22;26.07.20;62,76;80,90;
20200727;652;137,18;50,65;185,89;27.07.20;66,35;88,05;
20200728;708;121,65;46,64;171,18;28.07.20;69,19;88,82;
20200729;696;80,91;37,96;110,81;29.07.20;70,29;83,64;
20200730;735;54,08;26,96;67,46;30.07.20;69,53;80,22;
20200731;772;38,62;34,22;42,82;31.07.20;67,22;72,49;
20200801;991;26,74;19,99;27,80;01.08.20;67,33;71,20;
20200802;392;25,35;0,00;42,16;02.08.20;66,71;69,22;
20200803;707;42,17;28,03;46,75;03.08.20;67,30;55,65;
20200804;680;48,71;19,43;64,81;04.08.20;67,02;45,23;
20200805;686;33,80;0,00;56,21;05.08.20;65,75;38,50;
20200806;737;112,37;98,58;112,12;06.08.20;65,95;46,82;
20200807;756;43,82;17,47;65,58;07.08.20;65,13;47,57;
20200808;974;27,21;20,34;39,59;08.08.20;64,17;47,63;
20200809;420;39,44;0,00;65,58;09.08.20;62,24;49,64;
20200810;653;40,58;20,23;50,62;10.08.20;62,89;49,42;
20200811;719;55,29;18,37;76,62;11.08.20;63,88;50,36;
20200812;750;61,83;61,64;80,80;12.08.20;62,85;54,36;
20200813;708;88,90;9,33;140,06;13.08.20;62,69;51,01;
20200814;748;44,29;26,49;58,92;14.08.20;60,71;51,08;
20200815;927;82,19;14,25;124,80;15.08.20;62,47;58,93;
20200816;413;64,17;15,99;93,37;16.08.20;63,33;62,46;
20200817;657;65,55;30,16;92,24;17.08.20;64,49;66,03;
20200818;709;84,10;37,26;108,78;18.08.20;66,17;70,15;
20200819;710;46,66;46,51;69,83;19.08.20;64,82;67,98;
20200820;733;122,02;36,04;180,38;20.08.20;65,02;72,71;
20200821;737;166,30;17,92;261,62;21.08.20;66,66;90,14;
20200822;901;55,15;21,99;73,37;22.08.20;65,89;86,28;
20200823;398;24,97;0,00;41,53;23.08.20;63,63;80,68;
20200824;651;71,24;0,00;118,47;24.08.20;64,82;81,49;
20200825;732;85,98;45,11;105,36;25.08.20;66,37;81,76;
20200826;721;105,67;36,64;152,82;26.08.20;65,32;90,19;
20200827;746;142,09;97,39;162,46;27.08.20;66,01;93,06;
20200828;775;64,11;17,04;106,63;28.08.20;65,45;78,46;
20200829;954;45,14;6,92;69,30;29.08.20;65,15;77,03;
20200830;395;8,39;16,72;0,00;30.08.20;64,14;74,66;
20200831;598;88,63;66,27;101,34;31.08.20;66,20;77,15;
20200901;654;106,37;80,79;126,35;01.09.20;68,90;80,06;
20200902;728;109,21;90,72;105,94;02.09.20;71,14;80,56;
20200903;703;94,24;84,56;125,38;03.09.20;72,66;73,73;
20200904;733;94,90;36,04;127,77;04.09.20;74,69;78,12;
20200905;1044;57,11;25,31;73,88;05.09.20;72,85;79,84;
20200906;465;28,50;0,00;47,39;06.09.20;72,34;82,71;
20200907;576;149,53;22,93;229,54;07.09.20;76,42;91,41;
20200908;676;68,60;29,31;89,64;08.09.20;77,39;86,01;
20200909;770;47,32;25,73;64,39;09.09.20;77,61;77,17;
20200910;707;145,25;140,13;124,67;10.09.20;80,61;84,46;
20200911;749;145,95;88,18;205,94;11.09.20;83,42;91,75;
20200912;1012;55,65;26,11;70,77;12.09.20;82,31;91,54;
20200913;425;85,74;62,16;103,70;13.09.20;83,69;99,72;
20200914;689;67,31;47,93;71,96;14.09.20;83,19;87,97;
20200915;800;115,94;33,02;165,27;15.09.20;84,92;94,74;
20200916;723;82,47;54,81;121,91;16.09.20;85,48;99,76;
20200917;662;100,08;29,93;141,47;17.09.20;86,02;93,30;
20200918;729;86,34;18,12;143,58;18.09.20;87,34;84,79;
20200919;1027;45,16;32,16;48,28;19.09.20;84,78;83,29;
20200920;405;57,25;16,31;81,61;20.09.20;81,14;79,22;
20200921;626;52,92;31,65;70,40;21.09.20;81,07;77,16;
20200922;737;94,39;35,85;156,97;22.09.20;83,38;74,09;
20200923;746;62,17;35,41;73,85;23.09.20;83,08;71,18;
20200924;766;64,87;68,98;86,30;24.09.20;82,38;66,15;
20200925;778;55,35;25,47;70,81;25.09.20;80,70;61,73;
20200926;1024;42,05;25,80;48,42;26.09.20;77,36;61,29;
20200927;427;62,06;15,47;90,31;27.09.20;77,30;61,97;
20200928;698;104,41;85,16;134,17;28.09.20;79,27;69,33;
20200929;693;105,16;104,84;95,39;29.09.20;82,50;70,87;
20200930;789;104,96;125,57;76,80;30.09.20;83,04;76,98;
20201001;741;76,00;53,48;96,65;01.10.20;82,03;78,57;
20201002;780;101,93;25,40;148,32;02.10.20;81,79;85,22;
20201003;1044;44,42;18,98;63,32;03.10.20;80,13;85,56;
20201004;444;74,61;29,75;99,26;04.10.20;79,45;87,35;
20201005;693;66,92;9,53;111,29;05.10.20;79,78;82,00;
20201006;773;85,71;68,35;114,03;06.10.20;81,68;79,22;
20201007;756;83,25;43,68;102,02;07.10.20;79,47;76,12;
20201008;787;113,65;16,78;175,00;08.10.20;80,98;81,50;
20201009;731;81,57;27,11;113,04;09.10.20;82,12;78,59;
20201010;1004;56,09;32,89;71,33;10.10.20;79,14;80,26;
20201011;405;40,90;0,00;68,01;11.10.20;75,64;75,44;
20201012;587;67,72;56,26;93,85;12.10.20;76,05;75,55;
20201013;806;78,09;0,00;129,86;13.10.20;75,79;74,47;
20201014;764;47,69;17,29;64,90;14.10.20;75,14;69,39;
20201015;767;107,97;51,67;143,65;15.10.20;74,87;68,58;
20201016;751;123,50;61,56;176,05;16.10.20;76,24;74,57;
20201017;932;46,21;28,35;65,02;17.10.20;74,44;73,15;
20201018;405;49,08;16,31;68,01;18.10.20;73,20;74,32;
20201019;661;95,22;69,94;100,01;19.10.20;74,87;78,25;
20201020;705;98,67;103,05;85,96;20.10.20;76,25;81,19;
20201021;736;72,01;62,82;67,37;21.10.20;76,89;84,67;
20201022;815;101,61;105,35;81,11;22.10.20;77,13;83,76;
20201023;756;65,73;52,42;65,58;23.10.20;77,25;75,50;
20201024;1041;66,82;31,72;95,26;24.10.20;77,31;78,45;
20201025;423;46,99;62,46;39,07;25.10.20;77,03;78,15;
20201026;663;89,93;29,89;124,64;26.10.20;78,63;77,40;
20201027;711;130,45;65,03;185,96;27.10.20;80,91;81,94;
20201028;729;81,79;54,36;113,35;28.10.20;80,15;83,33;
20201029;776;89,64;51,07;106,49;29.10.20;79,64;81,62;
20201030;742;80,36;89,01;66,82;30.10.20;78,82;83,71;
20201031;981;13,51;0,00;22,46;31.10.20;76,73;76,10;
20201101;465;49,87;28,41;59,24;01.11.20;75,00;76,51;
20201102;702;56,63;56,45;54,93;02.11.20;75,41;71,75;
20201103;774;162,63;179,20;142,35;03.11.20;78,34;76,35;
20201104;767;129,57;94,72;136,47;04.11.20;80,43;83,17;
20201105;761;69,65;86,79;72,39;05.11.20;79,89;80,31;
20201106;737;62,93;89,62;67,27;06.11.20;79,22;77,82;
20201107;1021;42,18;71,16;26,98;07.11.20;76,83;81,92;
20201108;443;44,87;0,00;74,61;08.11.20;75,61;81,21;
20201109;660;105,40;80,06;116,86;09.11.20;77,25;88,17;
20201110;735;58,59;44,93;59,96;10.11.20;77,84;73,31;
20201111;778;97,93;76,40;113,30;11.11.20;78,85;68,79;
20201112;752;52,86;17,57;80,58;12.11.20;78,01;66,39;
20201113;766;69,19;77,60;57,54;13.11.20;78,73;67,29;
20201114;980;33,80;47,18;44,97;14.11.20;76,25;66,09;
20201115;398;66,58;99,57;69,21;15.11.20;74,36;69,19;
20201116;610;70,60;97,45;63,22;16.11.20;75,17;64,22;
20201117;723;45,82;36,54;53,34;17.11.20;75,06;62,40;
20201118;815;109,74;105,35;128,43;18.11.20;75,54;64,08;
20201119;743;49,04;35,56;51,90;19.11.20;73,89;63,54;
20201120;774;94,16;42,67;128,12;20.11.20;74,63;67,11;
20201121;980;47,32;13,48;73,08;21.11.20;72,82;69,04;
20201122;407;48,83;32,46;67,68;22.11.20;72,26;66,50;
20201123;721;36,76;54,96;45,84;23.11.20;71,25;61,67;
20201124;667;104,29;128,73;82,59;24.11.20;73,16;70,02;
20201125;709;23,36;9,32;31,08;25.11.20;70,94;57,68;
20201126;623;69,12;63,61;79,58;26.11.20;68,90;60,55;
20201127;659;70,37;100,22;66,88;27.11.20;68,52;57,15;
20201128;948;90,85;34,84;127,85;28.11.20;68,56;63,37;
20201129;360;101,22;36,69;153,03;29.11.20;69,26;70,85;
20201130;637;46,80;20,74;69,19;30.11.20;70,36;72,29;
20201201;792;129,66;41,70;180,85;01.12.20;73,02;75,91;
20201202;718;92,27;36,80;130,44;02.12.20;74,21;85,76;
20201203;733;67,79;63,07;90,19;03.12.20;71,05;85,57;
20201204;771;38,67;25,70;42,87;04.12.20;68,02;81,04;
20201205;1028;48,34;32,12;64,31;05.12.20;67,31;74,96;
20201206;414;64,01;31,91;79,84;06.12.20;67,35;69,65;
20201207;662;55,04;0,00;91,54;07.12.20;67,78;70,83;
20201208;755;78,98;34,99;102,15;08.12.20;68,91;63,58;
20201209;792;62,74;8,34;104,34;09.12.20;67,49;59,37;
20201210;729;95,42;27,18;143,58;10.12.20;68,72;63,31;
20201211;773;42,85;42,72;35,63;11.12.20;66,88;63,91;
20201212;975;50,96;27,10;67,80;12.12.20;66,82;64,29;
20201213;471;28,13;0,00;46,79;13.12.20;65,45;59,16;
20201214;667;29,80;19,80;33,04;14.12.20;65,32;55,55;
20201215;703;89,53;46,98;125,38;15.12.20;66,08;57,06;
20201216;757;52,51;8,72;80,05;16.12.20;65,48;55,60;
20201217;747;93,12;70,73;125,37;17.12.20;67,06;55,27;
20201218;704;79,99;0,00;133,03;18.12.20;66,06;60,58;
20201219;951;66,18;27,78;92,69;19.12.20;66,64;62,75;
20201220;375;8,83;0,00;14,69;20.12.20;63,79;60,00;
20201221;618;91,12;64,12;106,97;21.12.20;65,25;68,76;
20201222;687;62,68;48,07;72,17;22.12.20;65,71;64,92;
20201223;676;68,60;39,08;97,79;23.12.20;66,78;67,22;
20201224;783;55,00;42,18;56,29;24.12.20;65,13;61,77;
20201225;206;48,24;0,00;80,23;25.12.20;65,96;57,24;
20201226;449;51,64;29,42;61,35;26.12.20;65,38;55,16;
20201227;349;28,47;0,00;47,36;27.12.20;63,98;57,97;
20201228;400;41,41;16,51;55,09;28.12.20;62,33;50,86;
20201229;576;69,01;22,93;105,21;29.12.20;61,26;51,77;
20201230;616;59,15;53,61;89,43;30.12.20;61,67;50,42;
20201231;574;80,79;46,03;95,98;31.12.20;60,04;54,10;
20210101;406;65,27;32,54;81,41;01.01.21;59,14;56,54;
20210102;840;39,44;47,18;39,35;02.01.21;58,20;54,79;
20210103;348;19,04;0,00;31,66;03.01.21;57,54;53,44;
20210104;667;99,33;108,92;107,37;04.01.21;59,24;61,72;
20210105;734;121,85;71,99;150,11;05.01.21;61,17;69,27;
20210106;746;106,57;35,41;169,85;06.01.21;62,89;76,04;
20210107;794;54,24;24,95;76,32;07.01.21;62,06;72,25;
20210108;767;77,74;51,67;86,19;08.01.21;62,56;74,03;
20210109;979;84,59;26,99;118,17;09.01.21;62,20;80,48;
20210110;421;70,81;78,44;78,51;10.01.21;63,14;87,88;
20210111;748;84,14;35,32;110,47;11.01.21;64,24;85,71;
20210112;819;169,88;169,35;181,62;12.01.21;68,97;92,57;
20210113;797;66,50;74,58;55,30;13.01.21;70,19;86,84;
20210114;800;62,11;41,28;68,86;14.01.21;69,28;87,97;
20210115;800;57,97;49,54;75,75;15.01.21;69,46;85,14;
20210116;1012;72,01;19,58;108,87;16.01.21;68,75;83,35;
20210117;418;71,32;15,80;105,44;17.01.21;68,47;83,42;
20210118;596;94,49;55,41;129,41;18.01.21;69,41;84,90;
20210119;795;66,67;49,85;76,23;19.01.21;71,34;70,15;
20210120;833;87,49;23,79;132,27;20.01.21;71,22;73,15;
20210121;838;47,44;39,41;52,59;21.01.21;70,71;71,05;
20210122;813;93,71;73,12;101,64;22.01.21;71,54;76,16;
20210123;998;56,43;26,47;93,84;23.01.21;71,59;73,93;
20210124;389;34,06;33,96;28,32;24.01.21;71,12;68,61;
20210125;684;140,45;96,56;185,24;25.01.21;74,08;75,18;
20210126;791;50,25;8,35;76,61;26.01.21;74,81;72,83;
20210127;818;68,84;72,67;60,61;27.01.21;75,72;70,17;
20210128;793;112,79;41,64;166,73;28.01.21;77,18;79,50;
20210129;786;63,22;16,81;91,12;29.01.21;77,31;75,15;
20210130;963;61,92;27,43;80,09;30.01.21;76,69;75,93;
20210131;416;23,89;15,88;26,49;31.01.21;75,31;74,48;
20210201;662;60,05;29,93;83,22;01.02.21;75,99;62,99;
20210202;775;192,34;144,88;248,79;02.02.21;81,77;83,29;
20210203;758;69,92;43,57;101,75;03.02.21;80,79;83,45;
20210204;805;78,18;24,61;116,34;04.02.21;79,33;78,50;
20210205;778;106,44;101,87;106,21;05.02.21;79,33;84,68;
20210206;998;63,06;33,09;82,80;06.02.21;79,62;84,84;
20210207;410;48,48;48,33;40,31;07.02.21;78,65;88,35;
20210208;728;72,80;63,51;68,11;08.02.21;78,26;90,18;
20210209;757;61,26;69,80;50,94;09.02.21;77,94;71,45;
20210210;840;74,93;39,31;104,93;10.02.21;77,63;72,17;
20210211;783;63,46;50,61;70,36;11.02.21;74,08;70,06;
20210212;768;73,33;34,40;107,60;12.02.21;74,31;65,33;
20210213;995;36,62;39,83;38,76;13.02.21;73,46;61,55;
20210214;393;25,29;16,81;28,04;14.02.21;72,37;58,24;
20210215;595;61,24;44,40;64,81;15.02.21;72,01;56,59;
20210216;722;91,76;82,33;91,56;16.02.21;72,69;60,95;
20210217;730;104,37;54,29;128,29;17.02.21;73,02;65,15;
20210218;787;33,67;8,39;56,00;18.02.21;71,92;60,90;
20210219;778;85,16;25,47;127,46;19.02.21;71,85;62,59;
20210220;976;23,76;6,77;33,87;20.02.21;71,06;60,75;
20210221;442;37,47;44,83;37,39;21.02.21;69,18;62,49;
20210222;697;71,29;0,00;118,56;22.02.21;69,68;63,93;
20210223;748;97,43;79,47;103,11;23.02.21;71,79;64,74;
20210224;766;77,84;34,49;107,88;24.02.21;69,70;60,95;
20210225;789;46,18;25,11;62,84;25.02.21;69,57;62,73;
20210226;793;121,14;83,29;166,73;26.02.21;71,31;67,87;
20210227;1020;81,19;25,90;129,62;27.02.21;70,26;76,08;
20210228;399;66,42;33,11;82,84;28.02.21;70,36;80,21;
20210301;688;96,30;76,80;96,09;01.03.21;71,51;83,79;
20210302;747;137,47;61,89;191,75;02.03.21;75,30;89,51;
20210303;750;154,59;70,45;220,36;03.03.21;78,45;100,47;
20210304;824;88,44;32,06;127,03;04.03.21;74,98;106,51;
20210305;819;88,98;48,39;127,80;05.03.21;75,62;101,91;
20210306;971;58,00;27,21;73,76;06.03.21;74,95;98,60;
20210307;407;16,28;16,23;27,07;07.03.21;71,94;91,44;
20210308;713;60,40;92,63;23,18;08.03.21;71,85;86,31;
20210309;744;22,26;17,75;29,62;09.03.21;70,98;69,85;
20210310;751;57,34;52,77;51,35;10.03.21;70,46;55,96;
20210311;753;70,39;78,94;80,48;11.03.21;70,77;53,38;
20210312;805;49,38;16,41;68,43;12.03.21;69,91;47,72;
20210313;1004;72,59;59,21;109,74;13.03.21;70,22;49,80;
20210314;378;43,82;52,42;58,30;14.03.21;69,23;53,74;
20210315;653;111,60;20,23;177,17;15.03.21;71,73;61,05;
20210316;700;108,84;47,18;149,53;16.03.21;74,52;73,42;
20210317;781;93,31;50,74;134,02;17.03.21;75,59;78,56;
20210318;761;134,94;95,47;188,22;18.03.21;77,03;87,78;
20210319;773;42,85;8,54;64,14;19.03.21;74,98;86,85;
20210320;1011;29,49;6,53;43,59;20.03.21;74,84;80,69;
20210321;378;26,29;17,47;29,15;21.03.21;72,88;78,19;
20210322;695;119,16;38,01;174,39;22.03.21;76,06;79,27;
20210323;766;99,46;103,47;107,88;23.03.21;78,12;77,93;
20210324;780;76,44;16,94;120,07;24.03.21;78,29;75,52;
20210325;779;63,78;33,91;77,79;25.03.21;77,17;65,35;
20210326;807;69,78;32,74;95,57;26.03.21;76,90;69,20;
20210327;1042;41,33;6,34;63,44;27.03.21;76,74;70,89;
20210328;438;75,63;60,32;113,20;28.03.21;75,22;77,94;
20210329;672;123,24;127,77;98,38;29.03.21;76,63;78,52;
20210330;729;95,42;99,66;83,13;30.03.21;77,59;77,95;
20210331;781;76,35;76,11;70,54;31.03.21;76,93;77,93;
20210401;734;67,70;62,99;90,07;01.04.21;74,60;78,49;
20210402;605;65,70;54,58;72,85;02.04.21;71,64;77,91;
20210403;938;91,82;42,25;123,34;03.04.21;71,75;85,12;
20210404;424;23,44;0,00;38,98;04.04.21;69,57;77,67;
20210405;622;74,56;42,47;88,57;05.04.21;70,12;70,71;
20210406;714;92,79;27,75;131,17;06.04.21;72,67;70,34;
20210407;786;113,79;67,22;168,21;07.04.21;74,45;75,69;
20210408;713;32,52;37,05;54,09;08.04.21;74,79;70,66;
20210409;759;48,01;26,11;65,32;09.04.21;74,48;68,13;
20210410;1021;32,44;12,94;43,17;10.04.21;73,22;59,65;
20210411;407;48,83;48,68;54,14;11.04.21;73,20;63,28;
20210412;660;100,38;120,09;133,55;12.04.21;74,12;66,97;
20210413;730;95,29;72,38;143,39;13.04.21;75,84;67,32;
20210414;729;186,30;144,96;294,72;14.04.21;78,33;77,68;
20210415;802;103,26;41,18;151,12;15.04.21;78,14;87,79;
20210416;732;95,03;18,05;142,99;16.04.21;78,20;94,51;
20210417;980;101,41;87,61;101,19;17.04.21;77,08;104,36;
20210418;423;54,82;62,46;39,07;18.04.21;77,48;105,21;
20210419;660;110,42;150,11;100,16;19.04.21;80,18;106,65;
20210420;714;125,27;129,50;138,88;20.04.21;83,48;110,93;
20210421;737;166,30;62,73;261,62;21.04.21;85,05;108,07;
20210422;757;113,77;61,07;145,55;22.04.21;85,53;109,57;
20210423;745;146,73;115,25;177,47;23.04.21;87,87;116,96;
20210424;948;111,82;139,34;98,79;24.04.21;89,47;118,45;
20210425;399;16,60;33,11;13,81;25.04.21;87,70;112,99;
20210426;669;54,47;39,49;57,64;26.04.21;88,14;104,99;
20210427;780;131,65;143,95;98,88;27.04.21;90,00;105,91;
20210428;794;50,06;33,27;62,44;28.04.21;87,57;89,30;
20210429;769;47,38;68,71;28,66;29.04.21;85,96;79,82;
20210430;728;36,40;27,22;37,84;30.04.21;84,63;64,06;
20210501;1004;56,09;19,74;82,31;01.05.21;84,25;56,09;
20210502;401;49,56;16,47;68,69;02.05.21;83,71;60,80;
20210503;612;97,43;86,34;90,02;03.05.21;83,89;66,94;
20210504;741;93,88;71,31;104,08;04.05.21;86,24;61,54;
20210505;768;60,39;8,60;93,25;05.05.21;85,77;63,02;
20210506;738;76,31;53,70;111,97;06.05.21;85,22;67,15;
20210507;770;55,93;8,58;85,85;07.05.21;83,29;69,94;
20210508;929;3,57;0,00;5,93;08.05.21;82,33;62,44;
20210509;398;8,32;0,00;13,84;09.05.21;81,00;56,54;
20210510;676;49,00;9,77;73,34;10.05.21;81,56;49,63;
20210511;753;101,18;78,94;124,37;11.05.21;83,30;50,67;
20210512;785;63,30;33,65;84,21;12.05.21;82,06;51,09;
20210513;802;140,43;131,77;144,25;13.05.21;83,57;60,25;
20210514;804;115,36;73,93;143,89;14.05.21;81,20;68,74;
20210515;1013;88,29;26,08;130,52;15.05.21;80,71;80,84;
20210516;403;49,32;32,78;54,68;16.05.21;79,18;86,70;
20210517;647;92,16;40,83;127,72;17.05.21;78,87;92,86;
20210518;672;98,59;108,11;114,77;18.05.21;80,33;92,49;
20210519;646;158,96;92,02;204,67;19.05.21;81,95;106,16;
20210520;737;125,85;89,62;134,55;20.05.21;81,97;104,08;
20210521;739;165,85;125,12;171,46;21.05.21;81,96;111,29;
20210522;972;68,16;20,39;102,02;22.05.21;80,43;108,41;
20210523;402;65,92;82,15;54,82;23.05.21;77,74;110,78;
20210524;718;138,41;101,19;176,47;24.05.21;78,63;117,39;
20210525;717;170,94;46,06;276,60;25.05.21;83,77;127,73;
20210526;769;176,61;85,89;243,57;26.05.21;87,84;130,25;
20210527;795;133,34;49,85;187,10;27.05.21;87,90;131,32;
20210528;757;140,03;43,62;196,49;28.05.21;90,90;127,63;
20210529;898;59,02;14,71;85,89;29.05.21;91,29;126,32;
20210530;426;31,10;31,01;38,80;30.05.21;91,11;121,35;
20210531;518;57,55;51,00;63,81;31.05.21;91,16;109,80;
20210601;704;65,87;18,76;93,90;01.06.21;91,70;94,79;
20210602;723;68,73;27,41;99,06;02.06.21;90,75;79,38;
20210603;772;60,07;17,11;85,63;03.06.21;89,62;68,91;
20210604;749;79,61;52,91;95,62;04.06.21;90,26;60,28;
20210605;958;41,49;34,47;40,25;05.06.21;89,10;57,78;
20210606;350;47,32;37,74;47,22;06.06.21;88,81;60,09;
20210607;671;54,30;0,00;90,31;07.06.21;90,50;59,63;
20210608;721;59,73;54,96;68,77;08.06.21;92,22;58,75;
20210609;746;93,25;53,12;110,77;09.06.21;93,69;62,25;
20210610;736;85,51;35,90;119,76;10.06.21;93,17;65,89;
20210611;781;131,48;84,57;155,18;11.06.21;95,44;73,30;
20210612;984;47,13;46,98;44,79;12.06.21;92,33;74,10;
20210613;396;58,56;0,00;97,38;13.06.21;90,44;75,71;
20210614;677;29,36;19,51;40,69;14.06.21;88,47;72,15;
20210615;721;73,51;27,48;114,61;15.06.21;89,28;74,11;
20210616;755;144,79;139,97;124,04;16.06.21;91,04;81,48;
20210617;720;138,02;18,35;214,24;17.06.21;92,35;88,98;
20210618;784;84,50;33,70;112,43;18.06.21;89,87;82,27;
20210619;941;42,24;14,04;64,40;19.06.21;87,08;81,57;
20210620;385;94,64;51,47;128,78;20.06.21;84,71;86,72;
20210621;666;94,50;79,34;99,26;21.06.21;85,59;96,03;
20210622;699;170,60;37,80;252,20;22.06.21;89,07;109,90;
20210623;798;41,51;49,66;55,23;23.06.21;85,85;95,15;
20210624;821;76,66;40,22;100,65;24.06.21;82,70;86,38;
20210625;786;54,79;42,01;56,07;25.06.21;78,64;82,14;
20210626;911;25,45;7,25;42,33;26.06.21;75,05;79,74;
20210627;391;8,47;0,00;14,09;27.06.21;70,66;67,43;
20210628;715;97,29;110,85;107,87;28.06.21;71,94;67,83;
20210629;727;95,69;154,44;60,62;29.06.21;74,09;57,12;
20210630;756;43,82;61,16;43,72;30.06.21;73,63;57,45;
20210701;775;64,11;68,18;49,76;01.07.21;73,57;55,66;
20210702;755;78,98;43,74;102,15;02.07.21;73,91;59,12;
20210703;989;46,89;73,46;50,13;03.07.21;73,47;62,18;
20210704;356;46,52;55,66;61,90;04.07.21;72,37;67,61;
20210705;502;65,99;78,94;65,84;05.07.21;73,19;63,14;
20210706;680;63,33;29,14;97,22;06.07.21;73,72;58,52;
20210707;762;34,78;43,34;21,69;07.07.21;73,07;57,23;
20210708;700;37,86;28,31;39,35;08.07.21;72,34;53,48;
20210709;819;32,36;32,26;33,63;09.07.21;70,31;46,82;
20210710;961;31,02;20,62;34,40;10.07.21;68,50;44,55;
20210711;364;27,30;0,00;45,40;11.07.21;65,02;41,80;
20210712;665;69,74;89,39;41,42;12.07.21;65,78;42,34;
20210713;729;77,25;81,54;60,46;13.07.21;66,40;44,33;
20210714;766;56,22;17,24;86,30;14.07.21;67,29;47,39;
20210715;729;104,51;108,72;98,24;15.07.21;68,33;56,91;
20210716;706;70,38;28,07;101,44;16.07.21;65,85;62,35;
20210717;995;76,57;66,38;77,51;17.07.21;63,80;68,85;
20210718;407;32,56;48,68;27,07;18.07.21;62,07;69,60;
20210719;655;50,57;10,08;84,11;19.07.21;62,35;66,87;
20210720;708;37,43;27,99;38,91;20.07.21;60,44;61,18;
20210721;730;49,92;45,24;45,28;21.07.21;58,95;60,28;
20210722;730;95,29;63,33;105,65;22.07.21;56,44;58,96;
20210723;830;91,79;39,79;119,47;23.07.21;58,12;62,02;
20210724;963;65,36;82,30;62,93;24.07.21;57,74;60,42;
20210725;379;26,22;17,43;29,07;25.07.21;56,79;59,51;
20210726;672;59,15;49,14;65,58;26.07.21;57,91;60,74;
20210727;711;79,20;65,03;108,48;27.07.21;60,27;66,71;
20210728;808;53,30;65,39;47,73;28.07.21;58,80;67,19;
20210729;750;30,92;8,81;44,07;29.07.21;56,64;57,99;
20210730;737;80,90;125,46;67,27;30.07.21;57,88;56,44;
20210731;981;30,39;13,47;39,31;31.07.21;56,76;51,44;
20210801;407;40,69;0,00;67,68;01.08.21;55,48;53,51;
20210802;651;111,95;40,58;160,79;02.08.21;57,65;61,05;
20210803;717;50,82;46,06;46,10;03.08.21;57,79;57,00;
20210804;773;89,99;76,90;92,65;04.08.21;58,59;62,24;
20210805;698;99,66;75,70;110,50;05.08.21;59,80;72,06;
20210806;781;63,62;16,91;98,75;06.08.21;60,76;69,59;
20210807;976;50,91;60,90;39,51;07.08.21;61,20;72,52;
20210808;357;18,56;37,00;15,43;08.08.21;60,74;69,36;
20210809;622;42,61;53,09;26,57;09.08.21;61,13;59,45;
20210810;705;103,37;46,84;140,66;10.08.21;63,66;66,96;
20210811;691;71,91;47,79;103,64;11.08.21;63,73;64,38;
20210812;696;76,15;94,90;55,41;12.08.21;63,70;61,02;
20210813;730;95,29;126,67;60,37;13.08.21;65,00;65,54;
20210814;893;11,13;14,79;6,17;14.08.21;61,89;59,86;
20210815;355;55,99;93,02;15,52;15.08.21;61,41;65,21;
20210816;625;127,20;95,11;185,10;16.08.21;63,10;77,29;
20210817;672;157,74;137,60;163,96;17.08.21;67,27;85,06;
20210818;717;83,16;73,69;99,88;18.08.21;68,35;86,67;
20210819;734;49,64;9,00;75,05;19.08.21;68,76;82,88;
20210820;676;68,60;48,85;81,49;20.08.21;69,38;79,07;
20210821;938;95,35;70,41;117,46;21.08.21;69,39;91,10;
20210822;360;64,41;55,04;76,51;22.08.21;68,47;92,30;
20210823;593;189,93;44,55;297,28;23.08.21;72,63;101,26;
20210824;696;133,26;151,83;150,39;24.08.21;76,19;97,77;
20210825;697;47,53;47,38;63,23;25.08.21;75,81;92,68;
20210826;695;114,39;133,05;134,75;26.08.21;76,98;101,92;
20210827;702;103,81;141,13;86,32;27.08.21;78,66;106,95;
20210828;940;116,29;140,53;117,21;28.08.21;81,51;109,95;
20210829;365;81,68;126,67;75,47;29.08.21;81,53;112,41;
20210830;584;107,77;124,40;94,33;30.08.21;84,11;100,68;
20210831;669;203,01;108,60;288,21;31.08.21;89,52;110,64;
20210901;745;80,04;88,65;73,95;01.09.21;88,46;115,28;
20210902;717;106,26;55,27;138,30;02.09.21;90,31;114,12;
20210903;772;98,69;136,89;92,77;03.09.21;90,60;113,39;
20210904;1003;52,84;65,85;38,45;04.09.21;89,04;104,33;
20210905;392;50,70;67,40;42,16;05.09.21;88,61;99,90;
20210906;527;81,71;137,86;104,54;06.09.21;89,63;96,18;
20210907;675;117,78;88,06;130,58;07.09.21;92,94;84,00;
20210908;699;85,30;75,59;86,69;08.09.21;94,37;84,76;
20210909;720;73,61;36,69;99,47;09.09.21;93,37;80,09;
20210910;854;65,94;85,07;45,16;10.09.21;93,17;75,41;
20210911;1000;89,44;118,89;49,58;11.09.21;93,62;80,64;
20210912;432;69,01;76,44;76,51;12.09.21;92,74;83,26;
20210913;663;104,92;109,58;91,40;13.09.21;95,87;86,57;
20210914;712;69,79;37,11;100,59;14.09.21;96,33;79,72;
20210915;703;65,97;56,37;70,53;15.09.21;94,29;76,95;
20210916;723;119,12;45,68;160,01;16.09.21;93,00;83,46;
20210917;676;151,91;48,85;220,03;17.09.21;95,29;95,74;
20210918;1024;103,52;51,60;139,88;18.09.21;97,09;97,75;
20210919;404;41,00;32,70;68,18;19.09.21;96,17;93,75;
20210920;663;59,96;49,81;58,16;20.09.21;94,99;87,32;
20210921;743;84,71;26,67;118,63;21.09.21;95,66;89,45;
20210922;733;54,23;45,05;60,13;22.09.21;91,14;87,78;
20210923;770;68,83;60,04;85,85;23.09.21;88,99;80,59;
20210924;750;92,75;70,45;110,18;24.09.21;90,50;72,14;
20210925;1008;36,15;39,31;43,72;25.09.21;87,89;62,52;
20210926;399;33,21;49,66;27,61;26.09.21;85,54;61,41;
20210927;697;57,03;47,38;55,33;27.09.21;83,56;60,99;
20210928;689;96,16;67,10;111,94;28.09.21;84,05;62,62;
20210929;725;59,40;81,99;83,58;29.09.21;82,43;63,36;
20210930;742;102,68;62,31;148,49;30.09.21;79,09;68,20;
20211001;779;68,04;67,83;91,93;01.10.21;78,69;64,67;
20211002;977;57,64;108,16;50,75;02.10.21;77,07;67,74;
20211003;383;43,25;51,73;28,77;03.10.21;75,22;69,17;
20211004;755;65,81;17,50;102,15;04.10.21;75,65;70,42;
20211005;713;171,90;120,42;185,44;05.10.21;79,69;81,24;
20211006;768;56,07;0,00;93,25;06.10.21;78,84;80,77;
20211007;710;121,31;74,42;139,66;07.10.21;78,95;83,43;
20211008;772;94,40;25,67;142,72;08.10.21;79,26;87,20;
20211009;1050;37,86;56,61;15,74;09.10.21;78,07;84,37;
20211010;380;26,15;17,38;43,49;10.10.21;76,74;81,93;
20211011;652;50,81;20,26;76,04;11.10.21;75,45;79,78;
20211012;731;81,57;108,42;52,75;12.10.21;75,87;66,88;
20211013;740;94,01;116,03;74,45;13.10.21;75,51;72,30;
20211014;718;55,36;64,39;53,71;14.10.21;75,03;62,88;
20211015;742;107,15;151,32;74,25;15.10.21;76,40;64,70;
20211016;976;27,15;33,84;16,93;16.10.21;73,33;63,17;
20211017;378;35,05;34,95;58,30;17.10.21;69,44;64,44;
20211018;732;126,71;27,07;188,15;18.10.21;70,21;75,29;
20211019;693;133,84;28,59;198,74;19.10.21;73,31;82,75;
20211020;737;76,41;62,73;104,65;20.10.21;73,85;80,24;
20211021;740;94,01;80,33;104,22;21.10.21;74,16;85,76;
20211022;770;86,04;68,62;107,32;22.10.21;75,22;82,74;
20211023;1008;62,44;32,76;81,98;23.10.21;75,01;87,79;
20211024;402;49,44;32,86;68,52;24.10.21;73,57;89,84;
20211025;624;79,63;116,43;123,60;25.10.21;75,02;83,12;
20211026;687;144,65;105,75;160,38;26.10.21;78,73;84,66;
20211027;708;102,93;55,97;140,06;27.10.21;80,26;88,45;
20211028;827;96,13;87,85;99,92;28.10.21;80,26;88,75;
20211029;772;55,78;25,67;71,36;29.10.21;80,14;84,43;
20211030;997;49,84;33,12;60,78;30.10.21;78,38;82,63;
20211031;396;66,92;0,00;111,29;31.10.21;78,34;85,13;
20211101;746;124,33;17,71;199,39;01.11.21;80,56;91,51;
20211102;685;62,87;28,93;96,51;02.11.21;81,22;79,83;
20211103;763;73,81;60,59;101,08;03.11.21;81,49;75,67;
20211104;756;122,69;61,16;160,32;04.11.21;79,84;79,46;
20211105;818;76,94;64,59;101,02;05.11.21;80,54;82,48;
20211106;941;28,16;0,00;46,84;06.11.21;77,44;79,39;
20211107;428;46,44;61,73;38,61;07.11.21;75,84;76,46;
20211108;643;46,37;71,90;34,27;08.11.21;76,12;65,32;
20211109;705;84,58;28,11;117,21;09.11.21;78,07;68,43;
20211110;710;135,30;37,21;193,98;10.11.21;80,88;77,21;
20211111;718;83,04;45,99;115,09;11.11.21;80,93;71,55;
20211112;720;101,22;27,52;153,03;12.11.21;81,17;75,02;
20211113;1047;63,28;37,85;89,45;13.11.21;81,44;80,03;
20211114;386;51,49;34,22;71,36;14.11.21;79,58;80,75;
20211115;704;141,16;28,15;211,28;15.11.21;83,38;94,30;
20211116;701;122,86;56,53;165,03;16.11.21;86,31;99,77;
20211117;762;126,07;78,01;180,74;17.11.21;86,29;98,45;
20211118;733;158,17;54,06;217,96;18.11.21;87,10;109,18;
20211119;731;108,76;81,32;150,73;19.11.21;88,18;110,26;
20211120;981;43,90;13,47;67,39;20.11.21;86,51;107,49;
20211121;389;34,06;16,98;42,49;21.11.21;84,78;105,00;
20211122;642;128,99;41,15;180,20;22.11.21;86,99;103,26;
20211123;696;80,91;28,47;118,73;23.11.21;88,04;97,27;
20211124;680;87,69;126,27;48,61;24.11.21;88,31;91,78;
20211125;561;118,10;47,09;166,94;25.11.21;87,43;86,06;
20211126;674;58,98;9,80;98,08;26.11.21;85,96;78,95;
20211127;1044;57,11;0,00;94,98;27.11.21;84,66;80,83;
20211128;373;35,52;0,00;59,08;28.11.21;83,98;81,04;
20211129;654;60,78;20,20;101,08;29.11.21;84,35;71,30;
20211130;714;92,79;18,50;146,60;30.11.21;85,21;73,00;
20211201;762;86,94;17,34;130,13;01.12.21;83,97;72,89;
20211202;747;93,12;26,53;140,12;02.12.21;84,97;69,32;
20211203;780;106,17;42,34;162,45;03.12.21;86,05;76,06;
20211204;994;73,32;33,22;99,76;04.12.21;84,41;78,38;
20211205;420;86,76;47,18;131,17;05.12.21;84,73;85,70;
20211206;687;120,54;67,30;184,44;06.12.21;87,81;94,24;
20211207;720;202,43;155,95;237,19;07.12.21;93,01;109,90;
20211208;751;145,56;52,77;212,73;08.12.21;96,32;118,27;
20211209;697;104,56;66,33;150,17;09.12.21;96,99;119,91;
20211210;763;164,98;112,53;245,49;10.12.21;97,98;128,31;
20211211;970;95,62;34,05;153,34;11.12.21;98,39;131,49;
20211212;390;76,44;16,94;127,13;12.12.21;97,57;130,02;
20211213;630;110,42;10,48;174,89;13.12.21;99,14;128,57;
20211214;714;129,90;101,75;177,46;14.12.21;101,75;118,21;
20211215;736;72,01;26,92;112,28;15.12.21;99,45;107,70;
20211216;778;136,25;59,43;212,43;16.12.21;99,90;112,23;
20211217;833;95,44;71,36;125,66;17.12.21;98,87;102,30;
20211218;952;86,99;62,44;98,38;18.12.21;96,50;101,07;
20211219;380;61,02;52,14;86,98;19.12.21;94,91;98,86;
20211220;624;53,09;21,17;88,29;20.12.21;95,22;90,67;
20211221;686;101,41;19,26;160,61;21.12.21;97,46;86,60;
20211222;750;141,34;17,61;227,71;22.12.21;97,87;96,50;
20211223;661;135,31;59,95;225,03;23.12.21;99,69;96,37;
20211224;659;135,72;60,13;208,99;24.12.21;101,29;102,12;
20211225;151;43,88;0,00;72,97;25.12.21;98,81;95,96;
20211226;303;43,73;21,80;54,54;26.12.21;98,31;93,49;
20211227;378;78,87;17,47;131,17;27.12.21;99,03;97,18;
20211228;450;58,89;14,68;85,70;28.12.21;99,81;91,10;
20211229;612;37,89;21,58;63,01;29.12.21;99,05;76,33;
20211230;585;147,23;56,45;197,76;30.12.21;100,86;78,03;
20211231;692;76,59;0,00;127,38;31.12.21;100,52;69,58;
20220101;420;63,10;31,45;91,82;01.01.22;99,51;72,33;
20220102;350;37,86;0,00;62,96;02.01.22;97,24;71,49;
20220103;443;52,34;14,91;74,61;03.01.22;96,54;67,70;
20220104;633;88,96;10,43;139,25;04.01.22;96,61;72,00;
20220105;721;96,48;82,44;137,53;05.01.22;95,81;80,37;
20220106;757;70,01;69,80;65,50;06.01.22;91,40;69,34;
20220107;724;118,96;72,98;182,62;07.01.22;90,51;75,39;
20220108;952;38,28;13,88;52,08;08.01.22;88,30;71,84;
20220109;364;63,70;18,14;105,94;09.01.22;84,92;75,53;
20220110;637;130,01;51,84;172,97;10.01.22;86,07;86,63;
20220111;754;188,91;78,84;270,34;11.01.22;89,82;100,91;
20220112;720;78,21;36,69;114,77;12.01.22;88,75;98,30;
20220113;660;170,65;100,07;250,41;13.01.22;90,10;112,67;
20220114;744;133,57;17,75;207,33;14.01.22;92,16;114,76;
20220115;979;71,06;33,73;112,54;15.01.22;89,98;119,44;
20220116;360;46,01;73,39;30,61;16.01.22;88,33;116,92;
20220117;576;109,27;137,60;86,08;17.01.22;89,08;113,95;
20220118;692;138,82;114,53;151,26;18.01.22;91,67;106,80;
20220119;755;153,56;52,49;233,49;19.01.22;95,02;117,56;
20220120;753;136,37;26,31;212,17;20.01.22;96,19;112,67;
20220121;749;185,75;88,18;242,72;21.01.22;97,67;120,12;
20220122;886;145,81;96,91;205,19;22.01.22;98,02;130,80;
20220123;341;106,86;135,58;96,93;23.01.22;97,05;139,49;
20220124;624;185,80;42,34;282,51;24.01.22;101,79;150,43;
20220125;693;291,58;123,90;397,48;25.01.22;110,05;172,25;
20220126;738;260,34;71,60;425,49;26.01.22;116,10;187,50;
20220127;750;265,01;79,26;411,34;27.01.22;122,97;205,88;
20220128;818;182,23;80,74;282,86;28.01.22;127,78;205,38;
20220129;975;217,44;94,84;322,07;29.01.22;130,12;215,61;
20220130;365;63,53;36,19;90,56;30.01.22;129,68;209,42;
20220131;695;142,99;19,01;237,80;31.01.22;132,35;203,30;
20220201;730;190,59;54,29;286,77;01.02.22;137,44;188,87;
20220202;794;250,32;58,23;395,48;02.02.22;144,04;187,44;
20220203;808;176,29;40,87;272,72;03.02.22;146,95;174,77;
20220204;823;92,57;64,20;107,10;04.02.22;146,82;161,96;
20220205;975;47,57;33,87;50,85;05.02.22;146,07;137,69;
20220206;381;78,25;34,67;115,67;06.02.22;144,71;139,80;
20220207;662;195,15;29,93;299,58;07.02.22;149,94;147,25;
20220208;732;158,39;81,21;225,78;08.02.22;153,10;142,65;
20220209;735;117,18;35,94;172,39;09.02.22;152,67;123,63;
20220210;763;108,54;17,31;173,28;10.02.22;149,99;113,95;
20220211;813;179,28;73,12;250,72;11.02.22;153,36;126,34;
20220212;1029;131,99;96,28;187,38;12.02.22;152,07;138,40;
20220213;393;118,00;100,84;154,20;13.02.22;151,55;144,08;
20220214;656;191,89;70,48;285,53;14.02.22;155,58;143,61;
20220215;752;229,06;87,83;380,94;15.02.22;161,68;153,70;
20220216;756;223,47;61,16;371,64;16.02.22;165,49;168,89;
20220217;725;228,45;91,10;334,34;17.02.22;168,48;186,02;
20220218;761;226,35;147,54;318,52;18.02.22;170,90;192,74;
20220219;969;140,16;115,87;210,35;19.02.22;171,03;193,91;
20220220;358;83,28;110,69;123,11;20.02.22;167,61;188,95;
20220221;587;152,37;135,02;244,01;21.02.22;167,83;183,31;
20220222;652;279,43;121,56;439,37;22.02.22;173,58;190,50;
20220223;684;431,02;183,47;692,65;23.02.22;181,76;220,15;
20220224;697;370,70;189,52;545,37;24.02.22;184,39;240,47;
20220225;732;515,89;162,41;797,75;25.02.22;192,91;281,84;Russia / Ukraine Tensions
20220226;856;398,59;362,64;489,12;26.02.22;197,37;318,76;
20220227;377;202,09;157,67;277,64;27.02.22;198,03;335,73;
20220228;666;452,62;218,17;678,29;28.02.22;205,87;378,62;
20220301;735;540,83;287,55;809,49;01.03.22;221,78;415,96;
20220302;715;523,52;203,22;778,20;02.03.22;234,46;429,18;
20220303;728;436,82;353,83;552,41;03.03.22;242,67;438,62;
20220304;757;350,07;226,85;465,75;04.03.22;245,99;414,94;
20220305;894;322,36;236,41;375,89;05.03.22;250,86;404,05;
20220306;352;197,62;206,40;250,41;06.03.22;254,37;403,41;
20220307;640;362,31;247,68;473,43;07.03.22;264,86;390,51;
20220308;715;352,11;360,26;408,36;08.03.22;273,99;363,55;
20220309;774;295,31;179,20;391,47;09.03.22;277,32;330,94;
20220310;705;352,40;384,11;343,82;10.03.22;283,79;318,88;
20220311;775;410,33;289,76;497,59;11.03.22;293,56;327,49;
20220312;865;298,71;183,25;401,23;12.03.22;299,90;324,11;
20220313;366;181,01;216,55;195,68;13.03.22;299,96;321,74;
20220314;615;350,11;204,05;492,68;14.03.22;307,23;320,00;
20220315;701;311,88;207,28;400,80;15.03.22;313,69;314,25;
20220316;749;473,22;343,91;632,54;16.03.22;323,07;339,67;
20220317;696;290,33;227,75;348,27;17.03.22;325,11;330,80;
20220318;685;285,32;202,48;394,07;18.03.22;327,17;312,94;
20220319;904;175,89;175,35;201,10;19.03.22;325,42;295,39;
20220320;380;130,76;156,43;159,47;20.03.22;322,24;288,21;
20220321;640;227,74;227,04;223,80;21.03.22;325,16;270,73;
20220322;690;244,84;201,01;295,41;22.03.22;330,54;261,16;
20220323;644;267,47;297,42;342,17;23.03.22;334,38;231,76;
20220324;721;317,01;265,66;420,24;24.03.22;335,63;235,58;
20220325;765;350,74;328,08;424,88;25.03.22;332,95;244,92;
20220326;867;275,09;236,16;355,83;26.03.22;329,77;259,09;
20220327;385;189,29;205,86;243,25;27.03.22;318,88;267,46;
20220328;517;281,92;319,38;277,05;28.03.22;314,99;275,20;
20220329;582;233,36;181,57;283,97;29.03.22;316,03;273,56;
20220330;610;233,51;270,69;243,84;30.03.22;308,73;268,70;
20220331;598;254,81;220,89;331,65;31.03.22;299,20;259,82;
20220401;669;188,16;167,83;205,87;01.04.22;288,02;236,59;
20220402;669;188,16;187,58;247,04;02.04.22;279,73;224,17;
20220403;373;239,78;301,02;251,08;03.04.22;276,05;231,39;
20220404;508;163,02;143,02;184,36;04.04.22;270,74;214,40;
20220405;577;212,42;137,36;276,88;05.04.22;271,23;211,41;
20220406;622;175,75;116,80;247,99;06.04.22;265,01;203,16;
20220407;626;243,42;232,12;290,41;07.04.22;261,39;201,53;
20220408;649;219,48;152,65;263,14;08.04.22;258,86;206,00;
20220409;686;178,67;211,81;168,64;09.04.22;253,07;204,65;
20220410;378;148,98;139,78;189,46;10.04.22;244,36;191,67;
20220411;526;195,23;226,02;240,89;11.04.22;240,91;196,28;
20220412;571;226,25;219,77;260,50;12.04.22;242,42;198,25;
20220413;627;258,88;305,48;254,80;13.04.22;239,38;210,13;
20220414;611;265,66;302,67;279,51;14.04.22;237,84;213,30;
20220415;531;168,44;186,57;186,75;15.04.22;227,68;206,01;
20220416;636;166,67;207,70;138,59;16.04.22;223,56;204,30;
20220417;350;151,43;132,09;204,62;17.04.22;219,09;204,65;
20220418;500;218,63;184,93;264,43;18.04.22;220,52;207,99;
20220419;543;213,52;243,27;223,20;19.04.22;223,28;206,17;
20220420;594;189,61;166,79;250,41;20.04.22;222,01;196,28;
20220421;594;128,26;111,19;139,12;21.04.22;218,12;176,65;
20220422;604;246,80;218,70;319,23;22.04.22;217,43;187,85;
20220423;690;134,42;134,01;199,60;23.04.22;211,34;183,24;
20220424;394;50,45;50,29;55,93;24.04.22;201,33;168,81;
20220425;483;246,90;232,47;285,15;25.04.22;200,39;172,85;
20220426;619;160,54;160,05;169,10;26.04.22;199,44;165,28;
20220427;621;186,70;127,63;239,52;27.04.22;196,26;164,87;
20220428;601;176,38;131,88;219,99;28.04.22;194,36;171,74;
20220429;645;148,94;143,36;170,82;29.04.22;191,54;157,76;
20220430;649;168,44;193,36;161,28;30.04.22;188,66;162,62;
20220501;396;66,92;100,07;55,65;01.05.22;184,62;164,97;
20220502;514;96,67;128,50;107,18;02.05.22;181,57;143,51;
20220503;589;157,47;156,99;187,06;03.05.22;178,83;143,07;
20220504;608;163,45;217,26;172,16;04.05.22;178,84;139,75;
20220505;641;144,70;144,25;171,89;05.05.22;176,59;135,23;
20220506;628;174,07;178,79;192,99;06.05.22;176,53;138,82;
20220507;678;97,72;77,93;138,13;07.05.22;171,67;128,71;
20220508;370;98,48;124,95;119,11;08.05.22;167,64;133,22;
20220509;505;150,87;170,02;174,54;09.05.22;166,72;140,97;
20220510;555;143,25;190,41;158,82;10.05.22;166,52;138,93;
20220511;601;176,38;175,83;210,83;11.05.22;165,90;140,78;
20220512;607;158,26;174,10;163,36;12.05.22;163,63;142,72;
20220513;654;162,08;141,39;210,59;13.05.22;160,40;141,00;
20220514;672;83,80;68,80;98,38;14.05.22;154,34;139,02;
20220515;383;77,84;68,98;129,45;15.05.22;151,32;136,07;
20220516;530;168,75;174,46;197,49;16.05.22;151,39;138,62;
20220517;626;174,62;158,26;220,01;17.05.22;152,16;143,11;
20220518;619;165,90;128,04;195,80;18.05.22;150,41;141,61;
20220519;612;162,38;129,50;189,03;19.05.22;148,70;142,20;
20220520;658;140,96;90,34;200,94;20.05.22;147,08;139,18;
20220521;720;124,22;91,73;145,38;21.05.22;146,94;144,95;
20220522;397;75,10;49,91;97,14;22.05.22;141,22;144,56;
20220523;573;150,31;115,27;173,06;23.05.22;141,75;141,93;
20220524;581;222,36;295,57;265,49;24.05.22;147,48;148,75;
20220525;598;155,10;209,85;147,40;25.05.22;144,42;147,20;
20220526;640;134,57;72,24;172,16;26.05.22;143,56;143,23;
20220527;639;155,52;124,03;181,05;27.05.22;142,52;145,31;
20220528;699;118,48;113,39;118,22;28.05.22;140,59;144,49;
20220529;392;76,05;84,24;70,27;29.05.22;138,16;144,63;
20220530;429;115,82;138,56;128,42;30.05.22;136,40;139,70;
20220531;557;190,31;177,87;217,59;31.05.22;140,52;135,12;
20220601;610;168,34;162,41;207,72;01.06.22;142,91;137,01;
20220602;604;142,59;120,29;164,18;02.06.22;142,41;138,16;
20220603;580;142,78;102,49;189,97;03.06.22;141,72;136,34;
20220604;644;102,87;61,53;153,98;04.06.22;140,33;134,11;
20220605;377;70,29;52,56;87,68;05.06.22;136,87;133,29;
20220606;453;190,13;145,80;231,06;06.06.22;139,95;143,90;
20220607;548;139,03;108,47;201,06;07.06.22;141,30;136,58;
20220608;587;152,37;146,27;178,32;08.06.22;141,35;134,30;
20220609;602;115,55;76,80;155,57;09.06.22;140,43;130,43;
20220610;632;94,35;52,25;122,03;10.06.22;137,69;123,51;
20220611;701;103,96;84,80;125,74;11.06.22;135,88;123,67;
20220612;356;83,74;55,66;108,32;12.06.22;133,27;125,59;
20220613;540;147,23;146,77;163,23;13.06.22;135,38;119,46;
20220614;583;136,37;113,29;188,99;14.06.22;137,34;119,08;
20220615;602;110,05;120,68;91,51;15.06.22;135,38;113,04;
20220616;601;132,28;109,90;128,33;16.06.22;133,97;115,43;
20220617;639;114,05;82,69;137,94;17.06.22;132,24;118,24;
20220618;709;98,12;111,79;116,55;18.06.22;130,10;117,40;
20220619;352;56,46;37,53;93,90;19.06.22;127,28;113,51;
20220620;458;115,72;115,37;144,34;20.06.22;127,00;109,01;
20220621;539;116,77;98,03;153,31;21.06.22;128,39;106,21;
20220622;628;121,32;126,21;131,58;22.06.22;127,42;107,82;
20220623;623;143,56;190,83;141,48;23.06.22;124,79;109,43;
20220624;621;149,36;106,36;204,04;24.06.22;124,60;114,47;
20220625;672;123,24;117,94;131,17;25.06.22;124,22;118,06;
20220626;393;75,86;67,22;112,14;26.06.22;121,57;120,83;
20220627;527;132,00;100,26;177,71;27.06.22;122,02;123,16;
20220628;594;200,76;189,02;241,14;28.06.22;126,18;135,16;
20220629;601;181,89;186,82;238,33;29.06.22;128,38;143,81;
20220630;612;173,21;151,09;225,04;30.06.22;127,81;148,04;
20220701;612;119,08;107,92;153,03;01.07.22;126,17;143,72;
20220702;660;60,23;80,06;50,08;02.07.22;123,42;134,72;
20220703;329;30,21;40,15;33,49;03.07.22;119,67;128,20;
20220704;453;80,44;87,48;97,29;04.07.22;118,92;120,83;
20220705;574;109,65;138,08;86,38;05.07.22;120,23;107,81;
20220706;572;138,99;150,11;134,84;06.07.22;118,53;101,69;
20220707;598;88,63;66,27;110,55;07.07.22;116,85;89,60;
20220708;630;110,42;83,87;122,42;08.07.22;115,45;88,37;
20220709;658;70,48;50,19;92,10;09.07.22;113,95;89,83;
20220710;344;38,52;19,20;64,06;10.07.22;112,09;91,02;
20220711;499;112,85;52,94;154,56;11.07.22;112,38;95,65;
20220712;583;113,64;147,28;113,39;12.07.22;113,38;96,22;
20220713;634;182,87;145,85;217,23;13.07.22;114,57;102,49;
20220714;601;165,35;98,91;210,83;14.07.22;115,53;113,45;
20220715;621;192,03;148,90;239,52;15.07.22;118,27;125,11;
20220716;678;102,60;87,67;113,76;16.07.22;117,28;129,70;
20220717;370;107,43;107,10;104,22;17.07.22;117,06;139,54;
20220718;489;128,71;162,08;135,19;18.07.22;118,08;141,81;
20220719;592;151,08;89,25;223,34;19.07.22;121,23;147,15;
20220720;598;149,56;55,22;239,52;20.07.22;122,36;142,40;
20220721;592;117,51;100,41;158,20;21.07.22;122,38;135,56;
20220722;660;125,48;40,03;200,33;22.07.22;122,52;126,05;
20220723;663;109,92;99,62;124,64;23.07.22;121,40;127,10;
20220724;334;89,26;39,55;131,95;24.07.22;119,40;124,50;
20220725;514;109,56;38,55;160,77;25.07.22;118,94;121,77;
20220726;556;160,86;154,43;178,35;26.07.22;121,77;123,16;
20220727;569;145,54;127,68;154,91;27.07.22;122,23;122,59;
20220728;621;106,68;95,72;124,20;28.07.22;119,09;121,04;
20220729;631;68,25;52,34;87,31;29.07.22;115,30;112,87;
20220730;635;119,98;145,62;130,13;30.07.22;113,53;114,31;
20220731;344;125,18;153,60;96,09;31.07.22;113,73;119,44;
20220801;506;130,93;117,48;163,31;01.08.22;116,09;122,49;
20220802;567;204,48;116,49;262,33;02.08.22;121,90;128,72;
20220803;583;210,23;124,62;264,58;03.08.22;126,22;137,96;
20220804;578;212,05;148,55;285,93;04.08.22;129,64;153,02;
20220805;586;163,93;112,71;206,82;05.08.22;130,47;166,68;
20220806;671;138,23;108,27;172,41;06.08.22;132,12;169,29;
20220807;358;111,04;92,25;169,27;07.08.22;132,14;167,27;
20220808;511;149,10;103,40;204,84;08.08.22;134,76;169,87;
20220809;561;212,57;153,05;255,32;09.08.22;140,56;171,02;
20220810;575;80,65;68,92;86,23;10.08.22;139,49;152,51;
20220811;534;130,27;136,05;154,75;11.08.22;140,05;140,83;
20220812;617;182,54;160,57;205,36;12.08.22;140,03;143,49;
20220813;621;112,02;63,81;133,07;13.08.22;138,26;139,74;
20220814;331;120,09;199,54;83,22;14.08.22;135,86;141,03;
20220815;510;110,42;90,65;108,02;15.08.22;136,12;135,51;
20220816;549;96,54;96,24;100,35;16.08.22;135,76;118,93;
20220817;573;156,09;138,32;173,06;17.08.22;136,67;129,71;
20220818;559;100,74;59,08;137,97;18.08.22;134,99;125,49;
20220819;563;117,68;129,04;146,78;19.08.22;133,93;116,23;
20220820;650;81,54;91,45;93,23;20.08.22;132,73;111,87;
20220821;351;122,69;150,54;109,87;21.08.22;132,64;112,24;
20220822;521;101,73;76,06;137,46;22.08.22;132,36;111,00;
20220823;547;145,34;144,89;171,21;23.08.22;134,23;117,97;
20220824;582;102,45;56,74;141,98;24.08.22;134,00;110,31;
20220825;622;149,12;169,90;141,71;25.08.22;133,60;117,22;
20220826;612;108,25;86,34;135,02;26.08.22;132,36;115,87;
20220827;648;81,79;50,96;119,02;27.08.22;131,53;115,91;
20220828;351;103,81;94,08;109,87;28.08.22;132,72;113,21;
20220829;495;120,46;146,77;144,68;29.08.22;132,73;115,89;
20220830;546;115,27;60,48;171,53;30.08.22;132,40;111,59;
20220831;610;97,75;119,10;72,25;31.08.22;131,30;110,92;
20220901;600;187,71;198,14;202,00;01.09.22;130,74;116,44;
20220902;630;84,13;94,35;78,70;02.09.22;126,53;112,99;
20220903;675;117,78;88,06;146,91;03.09.22;123,39;118,13;
20220904;402;65,92;49,29;95,93;04.09.22;120,12;112,72;
20220905;434;83,96;45,65;101,55;05.09.22;118,32;107,50;
20220906;556;119,16;95,03;148,62;06.09.22;118,59;108,06;
20220907;613;124,29;86,20;170,75;07.09.22;117,76;111,85;
20220908;633;99,43;93,91;130,55;08.09.22;113,99;99,24;
20220909;597;94,33;55,32;129,19;09.09.22;114,44;100,69;
20220910;647;81,92;71,46;85,15;10.09.22;112,83;95,57;
20220911;397;66,75;66,55;69,38;11.09.22;108,97;95,69;
20220912;503;111,96;131,31;109,52;12.09.22;108,97;99,69;
20220913;551;132,26;143,84;179,97;13.09.22;109,38;101,56;
20220914;555;202,93;178,51;238,23;14.09.22;112,46;112,80;
20220915;589;95,61;156,99;56,12;15.09.22;112,43;112,25;
20220916;624;127,41;105,85;176,57;16.09.22;111,47;116,98;
20220917;695;119,16;133,05;158,53;17.09.22;112,09;122,30;
20220918;372;71,24;71,02;74,05;18.09.22;110,54;122,94;
20220919;488;122,18;67,67;158,05;19.09.22;111,89;124,40;
20220920;513;109,77;90,12;139,60;20.09.22;111,46;121,19;
20220921;611;189,75;162,15;261,48;21.09.22;114,40;119,30;
20220922;616;225,86;150,11;348,78;22.09.22;117,08;137,91;
20220923;635;187,80;93,61;277,62;23.09.22;119,93;146,54;
20220924;736;108,02;62,82;149,70;24.09.22;118,56;144,95;
20220925;373;71,05;53,12;103,39;25.09.22;117,32;144,92;
20220926;508;163,02;104,01;216,89;26.09.22;120,02;150,75;
20220927;595;155,89;99,90;240,73;27.09.22;121,76;157,34;
20220928;605;202,59;185,59;282,28;28.09.22;124,50;159,17;
20220929;591;156,94;122,93;186,43;29.09.22;125,89;149,33;
20220930;631;162,74;104,67;227,00;30.09.22;128,05;145,75;
20221001;684;154,97;135,18;209,41;01.10.22;126,96;152,46;
20221002;412;120,60;64,12;187,20;02.10.22;128,18;159,54;
20221003;508;123,90;91,01;195,20;03.10.22;128,38;153,95;
20221004;585;164,21;90,32;254,26;04.10.22;131,66;155,14;
20221005;600;171,15;121,09;229,54;05.10.22;134,56;150,65;
20221006;621;202,70;148,90;257,26;06.10.22;137,35;157,18;
20221007;666;144,24;39,67;239,88;07.10.22;138,01;154,54;
20221008;699;132,69;75,59;204,91;08.10.22;139,12;151,36;
20221009;372;97,95;124,28;118,47;09.10.22;139,24;148,12;
20221010;514;193,34;256,99;203,64;10.10.22;142,96;158,04;
20221011;566;228,25;256,72;233,60;11.10.22;148,34;167,19;
20221012;619;181,95;149,38;258,10;12.10.22;150,67;168,73;
20221013;594;133,84;100,07;166,94;13.10.22;150,73;158,90;
20221014;630;147,23;94,35;183,63;14.10.22;148,87;159,32;
20221015;681;92,42;58,19;129,43;15.10.22;148,76;153,57;
20221016;361;64,23;54,89;76,30;16.10.22;146,66;148,75;
20221017;521;171,67;139,45;200,90;17.10.22;148,41;145,66;
20221018;565;128,98;58,45;195,01;18.10.22;150,33;131,47;
20221019;579;160,19;148,29;190,29;19.10.22;151,60;128,37;
20221020;580;159,92;148,04;180,47;20.10.22;153,27;132,09;
20221021;627;174,35;115,87;237,23;21.10.22;152,76;135,97;
20221022;703;108,38;122,14;117,55;22.10.22;148,84;138,25;
20221023;380;52,30;104,29;43,49;23.10.22;144,32;136,54;
20221024;531;93,58;37,31;124,50;24.10.22;143,84;125,39;
20221025;569;139,72;69,65;193,64;25.10.22;146,13;126,92;
20221026;596;133,39;110,82;138,65;26.10.22;145,14;123,09;
20221027;624;180,49;201,11;220,71;27.10.22;145,96;126,03;
20221028;618;203,69;128,25;267,43;28.10.22;146,00;130,22;
20221029;693;81,26;28,59;119,24;29.10.22;143,48;126,35;
20221030;384;51,76;34,40;71,73;30.10.22;139,78;126,27;
20221031;524;113,79;138,65;105,13;31.10.22;138,41;129,16;
20221101;605;136,88;163,75;127,48;01.11.22;138,95;128,75;
20221102;615;150,82;75,18;214,99;02.11.22;139,85;131,24;
20221103;657;186,55;120,63;251,55;03.11.22;140,59;132,11;
20221104;686;115,89;115,53;136,52;04.11.22;138,75;119,56;
20221105;726;95,82;72,78;121,41;05.11.22;135,19;121,64;
20221106;393;101,15;84,03;140,18;06.11.22;133,75;128,70;
20221107;569;139,72;104,47;183,96;07.11.22;133,98;132,40;
20221108;631;225,74;146,54;305,57;08.11.22;138,24;145,10;
20221109;675;137,41;156,56;163,23;09.11.22;136,38;143,18;
20221110;675;98,15;127,20;81,61;10.11.22;132,04;130,55;
20221111;656;111,09;110,75;125,97;11.11.22;129,68;129,87;
20221112;695;47,66;28,51;63,41;12.11.22;126,81;122,99;
20221113;360;46,01;73,39;45,91;13.11.22;123,43;115,11;
20221114;526;188,93;163,24;198,99;14.11.22;126,65;122,14;
20221115;590;196,51;100,75;280,12;15.11.22;131,06;117,97;
20221116;602;170,58;164,57;183,02;16.11.22;131,02;122,70;
20221117;627;153,21;158,01;193,30;17.11.22;131,83;130,57;
20221118;682;77,71;67,79;88,85;18.11.22;129,08;125,80;
20221119;687;81,97;76,91;96,23;19.11.22;126,48;130,70;
20221120;384;60,39;68,80;71,73;20.11.22;122,68;132,76;
20221121;554;107,63;83,45;159,10;21.11.22;122,66;121,14;
20221122;598;105,25;143,58;119,76;22.11.22;124,42;108,11;
20221123;596;105,60;99,74;138,65;23.11.22;124,83;98,82;
20221124;499;46,47;39,71;44,16;24.11.22;121,72;83,57;
20221125;576;80,51;80,27;76,51;25.11.22;119,95;83,97;
20221126;597;94,33;99,57;92,28;26.11.22;117,08;85,74;
20221127;349;85,42;37,85;110,50;27.11.22;113,14;89,32;
20221128;527;88,00;25,07;146,35;28.11.22;113,37;86,51;
20221129;593;100,55;66,83;111,48;29.11.22;114,99;85,84;
20221130;609;81,59;21,69;126,64;30.11.22;113,92;82,41;
20221201;653;65,95;40,46;84,36;01.12.22;111,55;85,19;
20221202;668;109,10;138,42;123,71;02.12.22;110,16;89,28;
20221203;716;106,41;138,37;84,64;03.12.22;107,49;91,00;
20221204;385;51,62;68,62;57,24;04.12.22;105,35;86,17;
20221205;569;98,97;139,29;106,50;05.12.22;105,45;87,74;
20221206;643;139,10;133,53;162,79;06.12.22;106,72;93,25;
20221207;624;127,41;74,09;150,09;07.12.22;106,31;99,79;
20221208;611;140,96;97,29;171,31;08.12.22;103,48;110,51;
20221209;593;117,31;55,69;176,51;09.12.22;102,81;111,68;
20221210;638;46,73;51,76;51,81;10.12.22;101,10;103,16;
20221211;359;18,45;18,40;15,35;11.12.22;98,01;98,42;
20221212;502;158,37;157,88;153,64;12.12.22;101,70;106,90;
20221213;586;152,63;146,52;150,42;13.12.22;105,26;108,84;
20221214;596;133,39;166,23;138,65;14.12.22;103,40;109,69;
20221215;585;73,61;45,16;84,75;15.12.22;99,31;100,07;
20221216;570;98,80;127,46;96,65;16.12.22;96,91;97,43;
20221217;665;74,72;79,46;82,84;17.12.22;94,30;101,42;
20221218;333;49,74;39,67;66,17;18.12.22;93,37;105,89;
20221219;483;171,46;164,09;159,68;19.12.22;96,35;107,76;
20221220;549;132,74;132,34;130,45;20.12.22;98,76;104,92;
20221221;508;169,54;169,02;195,20;21.12.22;100,82;110,09;
20221222;500;159,00;184,93;165,27;22.12.22;102,62;122,29;
20221223;490;114,93;161,75;78,70;23.12.22;102,93;124,59;
20221224;533;80,79;61,96;103,36;24.12.22;104,07;125,46;
20221225;268;74,16;49,29;82,22;25.12.22;103,86;128,95;
20221226;256;64,70;51,60;64,56;26.12.22;102,87;113,70;
20221227;361;146,82;128,07;152,60;27.12.22;104,92;115,71;
20221228;458;151,89;86,53;192,45;28.12.22;107,05;113,18;
20221229;455;116,49;101,61;121,08;29.12.22;107,58;107,11;
20221230;441;150,23;194,70;112,43;30.12.22;109,87;112,15;
20221231;533;74,58;99,13;82,69;31.12.22;110,15;111,27;
20230101;287;34,63;23,01;38,39;01.01.23;107,67;105,62;
20230102;283;117,05;93,35;155,73;02.01.23;108,03;113,10;
20230103;434;198,45;167,40;215,79;03.01.23;112,92;120,47;
20230104;527;94,29;100,26;94,08;04.01.23;112,76;112,24;
20230105;559;100,74;118,15;88,70;05.01.23;111,49;109,99;
20230106;560;88,73;106,15;88,54;06.01.23;110,20;101,21;
20230107;671;88,86;108,27;73,89;07.01.23;108,46;103,25;
20230108;340;29,23;19,43;32,41;08.01.23;105,52;102,48;
20230109;500;86,13;52,84;99,16;09.01.23;106,84;98,06;
20230110;578;114,62;102,84;114,37;10.01.23;110,04;86,08;
20230111;563;129,44;82,12;156,56;11.01.23;109,08;91,11;
20230112;521;114,45;126,77;105,74;12.01.23;107,81;93,07;
20230113;575;103,70;80,41;124,55;13.01.23;106,82;95,20;
20230114;625;95,40;42,27;123,40;14.01.23;107,54;96,14;
20230115;311;42,61;21,24;70,86;15.01.23;105,67;98,05;
20230116;433;107,10;152,53;114,51;16.01.23;106,75;101,05;
20230117;520;127,41;88,91;169,51;17.01.23;109,34;102,87;
20230118;604;76,78;65,61;100,33;18.01.23;106,18;95,35;
20230119;547;115,06;120,74;110,78;19.01.23;105,59;95,44;
20230120;587;152,37;123,77;168,93;20.01.23;105,02;102,39;
20230121;630;126,19;115,32;139,91;21.01.23;103,93;106,79;
20230122;319;41,54;41,41;34,54;22.01.23;101,48;106,64;
20230123;491;87,71;80,71;78,54;23.01.23;101,71;103,86;
20230124;589;89,98;67,28;121,59;24.01.23;102,24;98,52;
20230125;569;110,61;116,08;106,50;25.01.23;103,77;103,35;
20230126;556;71,49;83,15;59,45;26.01.23;101,26;97,13;
20230127;576;120,77;172,00;86,08;27.01.23;100,22;92,61;
20230128;679;82,94;58,36;89,25;28.01.23;99,10;86,43;
20230129;300;55,21;0,00;91,82;29.01.23;95,94;88,39;
20230130;491;155,17;94,16;213,18;30.01.23;98,62;98,03;
20230131;603;148,32;153,34;146,18;31.01.23;102,41;106,36;
20230201;579;108,70;114,07;123,69;01.02.23;102,13;106,09;
20230202;558;130,60;118,36;167,84;02.02.23;99,87;114,53;
20230203;598;116,33;99,40;128,97;03.02.23;100,61;113,90;
20230204;667;119,19;89,12;165,19;04.02.23;101,22;119,08;
20230205;316;83,86;20,90;122,03;05.02.23;101,06;123,17;
20230206;471;112,53;126,21;128,66;06.02.23;101,85;117,08;
20230207;528;138,02;125,09;166,94;07.02.23;105,47;115,61;
20230208;589;134,98;67,28;187,06;08.02.23;107,10;119,36;
20230209;586;169,59;169,06;188,02;09.02.23;108,94;124,93;
20230210;560;147,88;153,32;167,24;10.02.23;109,55;129,44;
20230211;704;98,81;65,67;133,03;11.02.23;109,03;126,52;
20230212;306;75,78;86,34;90,02;12.02.23;108,10;125,37;
20230213;510;110,42;142,46;86,42;13.02.23;108,60;125,07;
20230214;561;82,67;35,32;127,66;14.02.23;109,93;117,16;
20230215;611;119,27;86,48;144,26;15.02.23;110,34;114,92;
20230216;590;134,75;123,14;149,40;16.02.23;110,58;109,94;
20230217;562;106,10;58,76;156,84;17.02.23;111,56;103,97;
20230218;649;86,77;50,88;110,35;18.02.23;110,62;102,25;
20230219;345;115,22;114,87;159,68;19.02.23;109,38;107,88;
20230220;431;146,03;76,62;204,51;20.02.23;110,04;112,97;
20230221;549;174,98;132,34;220,76;21.02.23;114,49;126,16;
20230222;573;150,31;149,85;173,06;22.02.23;116,58;130,59;
20230223;544;127,87;145,69;121,52;23.02.23;117,84;129,61;
20230224;597;110,97;88,51;147,65;24.02.23;117,85;130,31;
20230225;670;84,05;78,86;106,89;25.02.23;118,27;129,92;
20230226;294;67,60;89,86;56,21;26.02.23;116,50;123,12;
20230227;501;125,63;92,28;142,95;27.02.23;117,92;120,20;
20230228;541;146,95;146,50;162,93;28.02.23;120,98;116,20;
20230301;607;92,77;97,93;108,91;01.03.23;118,90;107,98;
20230302;573;121,40;149,85;115,37;02.03.23;118,00;107,05;
20230303;557;154,63;213,44;128,58;03.03.23;119,53;113,29;
20230304;687;101,26;115,37;88,21;04.03.23;118,55;115,75;
20230305;331;60,05;19,95;83,22;05.03.23;116,68;114,67;
20230306;496;106,86;53,26;133,28;06.03.23;116,27;111,99;
20230307;513;161,43;90,12;204,04;07.03.23;118,85;114,06;
20230308;605;125,93;54,58;173,01;08.03.23;119,30;118,79;
20230309;584;147,48;79,17;198,10;09.03.23;119,61;122,52;
20230310;584;113,44;67,86;141,50;10.03.23;118,90;116,64;
20230311;708;84,22;55,97;101,15;11.03.23;116,05;114,20;
20230312;341;77,71;77,47;96,93;12.03.23;113,71;116,72;
20230313;528;144,30;87,56;177,37;13.03.23;115,23;122,07;
20230314;593;117,31;122,52;148,64;14.03.23;116,61;115,77;
20230315;586;101,75;101,44;122,21;15.03.23;116,32;112,32;
20230316;646;112,81;163,58;119,39;16.03.23;117,33;107,36;
20230317;583;85,23;90,63;103,94;17.03.23;116,19;103,33;
20230318;678;87,94;58,45;113,76;18.03.23;114,63;103,87;
20230319;310;32,06;21,31;35,54;19.03.23;112,17;97,34;
20230320;493;94,07;80,38;111,74;20.03.23;112,41;90,17;
20230321;561;129,90;141,28;157,12;21.03.23;112,90;91,97;
20230322;550;114,43;48,03;170,28;22.03.23;111,85;93,78;
20230323;527;100,57;75,20;125,44;23.03.23;109,36;92,03;
20230324;593;72,62;55,69;83,61;24.03.23;106,78;90,23;
20230325;652;101,61;101,30;101,39;25.03.23;105,90;92,18;
20230326;314;31,65;0,00;52,63;26.03.23;103,26;92,12;
20230327;493;120,95;53,59;167,62;27.03.23;104,49;95,96;
20230328;561;76,76;47,09;98,20;28.03.23;104,79;88,37;
20230329;580;79,96;79,71;75,99;29.03.23;103,27;83,45;
20230330;538;129,30;110,49;133,12;30.03.23;102,68;87,55;
20230331;586;90,45;45,08;122,21;31.03.23;102,60;90,10;
20230401;696;52,35;28,47;63,32;01.04.23;100,30;83,06;
20230402;304;43,59;43,45;72,49;02.04.23;96,60;84,76;
20230403;509;84,60;64,88;97,41;03.04.23;96,04;79,57;
20230404;527;119,43;75,20;146,35;04.04.23;98,02;85,67;
20230405;562;117,88;105,77;147,04;05.04.23;98,39;91,09;
20230406;534;173,69;123,68;226,96;06.04.23;98,80;97,43;
20230407;490;169,01;134,79;224,86;07.04.23;100,24;108,65;
20230408;664;64,85;69,63;58,08;08.04.23;97,48;110,44;
20230409;301;44,02;65,83;54,91;09.04.23;95,17;110,50;
20230410;464;142,78;56,94;201,84;10.04.23;97,12;118,81;
20230411;500;92,75;52,84;110,18;11.04.23;97,62;115,00;
20230412;527;119,43;112,79;114,99;12.04.23;96,79;115,22;
20230413;525;126,19;75,48;167,89;13.04.23;97,09;108,43;
20230414;553;119,80;47,77;169,35;14.04.23;97,69;101,41;
20230415;645;87,31;51,20;111,03;15.04.23;96,84;104,61;
20230416;315;42,06;20,97;69,96;16.04.23;95,40;104,33;
20230417;470;91,62;98,37;93,77;17.04.23;95,52;97,02;
20230418;496;106,86;146,48;88,85;18.04.23;98,02;99,04;
20230419;545;158,03;169,66;151,62;19.04.23;100,15;104,55;
20230420;554;95,67;107,30;79,55;20.04.23;99,01;100,19;
20230421;544;140,05;97,13;162,03;21.04.23;99,86;103,09;
20230422;655;70,80;100,84;50,46;22.04.23;98,87;100,73;
20230423;352;56,46;93,82;31,30;23.04.23;98,33;102,79;
20230424;457;159,47;86,71;204,93;24.04.23;100,26;112,48;
20230425;533;180,23;173,48;165,37;25.04.23;105,21;122,96;
20230426;566;105,35;116,69;97,33;26.04.23;104,69;115,43;
20230427;562;117,88;164,53;88,22;27.04.23;106,06;118,61;
20230428;562;117,88;117,52;107,83;28.04.23;107,33;115,44;
20230429;683;63,05;48,35;64,53;29.04.23;105,12;114,33;
20230430;325;71,35;101,61;84,75;30.04.23;104,48;116,46;
20230501;475;104,61;111,24;127,58;01.05.23;106,22;108,62;
20230502;516;77,04;89,60;53,38;02.05.23;107,34;93,88;
20230503;576;149,53;160,53;133,90;03.05.23;109,50;100,19;
20230504;533;118,08;136,31;103,36;04.05.23;109,46;100,22;
20230505;570;69,74;23,17;106,31;05.05.23;107,85;93,34;
20230506;652;91,45;111,43;84,49;06.05.23;105,11;97,40;
20230507;311;42,61;0,00;70,86;07.05.23;100,90;93,29;
20230508;448;51,76;58,97;49,19;08.05.23;100,46;85,74;
20230509;484;116,35;150,11;102,44;09.05.23;102,87;91,36;
20230510;559;118,52;70,89;147,83;10.05.23;102,06;86,93;
20230511;555;137,28;71,40;178,67;11.05.23;103,55;89,67;
20230512;657;146,22;100,53;184,47;12.05.23;104,44;100,60;
20230513;634;88,82;93,76;86,89;13.05.23;103,20;100,22;
20230514;358;74,02;92,25;61,55;14.05.23;101,67;104,71;
20230515;512;135,87;116,10;150,64;15.05.23;103,29;116,73;
20230516;554;137,53;143,06;119,33;16.05.23;106,47;119,75;
20230517;593;89,38;11,14;139,35;17.05.23;106,40;115,59;
20230518;582;125,22;102,14;151,45;18.05.23;107,01;113,86;
20230519;659;160,85;140,31;158,83;19.05.23;107,10;115,96;
20230520;673;98,44;107,95;106,41;20.05.23;107,19;117,33;
20230521;330;60,23;80,06;50,08;21.05.23;104,53;115,36;
20230522;508;78,25;39,00;108,45;22.05.23;104,78;107,13;
20230523;541;183,69;146,50;213,84;23.05.23;109,02;113,72;
20230524;575;115,22;80,41;153,29;24.05.23;107,55;117,41;
20230525;561;106,29;117,73;137,48;25.05.23;105,08;114,71;
20230526;594;61,34;55,60;64,92;26.05.23;103,62;100,49;
20230527;657;85,71;70,37;109,01;27.05.23;102,54;98,68;
20230528;363;36,50;54,58;15,18;28.05.23;99,83;95,29;
20230529;442;44,97;44,83;49,86;29.05.23;99,23;90,53;
20230530;506;111,29;65,26;141,54;30.05.23;100,56;80,19;
20230531;528;219,58;137,60;281,71;31.05.23;104,39;95,10;
20230601;563;182,40;140,78;225,06;01.06.23;107,90;105,97;
20230602;588;129,57;123,56;159,27;02.06.23;107,24;115,72;
20230603;668;119,01;108,76;123,71;03.06.23;107,27;120,48;
20230604;347;38,19;38,07;31,75;04.06.23;106,22;120,72;
20230605;464;107,09;42,70;142,47;05.06.23;106,74;129,59;
20230606;546;133,47;133,06;131,17;06.06.23;109,77;132,76;
20230607;582;142,29;158,88;123,05;07.06.23;112,79;121,72;
20230608;589;78,74;78,49;84,18;08.06.23;111,53;106,91;
20230609;619;96,33;53,35;124,60;09.06.23;110,79;102,16;
20230610;682;97,14;67,79;121,17;10.06.23;109,46;99,03;
20230611;326;81,29;101,30;84,49;11.06.23;107,29;105,19;
20230612;504;65,73;65,52;54,65;12.06.23;106,52;99,28;
20230613;558;77,17;59,18;108,60;13.06.23;106,63;91,24;
20230614;597;72,13;77,44;73,82;14.06.23;104,50;81,22;
20230615;544;158,32;133,55;182,28;15.06.23;105,19;92,59;
20230616;654;111,43;90,89;117,93;16.06.23;105,93;94,75;
20230617;676;93,10;78,16;122,24;17.06.23;104,86;94,17;
20230618;352;84,70;112,58;93,90;18.06.23;102,32;94,66;
20230619;461;107,78;100,29;107,55;19.06.23;102,63;100,66;
20230620;580;142,78;102,49;180,47;20.06.23;105,38;110,04;
20230621;544;127,87;72,85;162,03;21.06.23;107,04;118,00;
20230622;536;154,50;98,58;185,00;22.06.23;106,07;117,45;
20230623;571;46,41;46,27;38,59;23.06.23;103,77;108,17;
20230624;662;105,08;119,72;124,83;24.06.23;103,73;109,88;
20230625;344;125,18;134,40;192,17;25.06.23;105,86;115,66;
20230626;469;169,51;140,83;211,43;26.06.23;108,65;124,48;
20230627;560;118,31;94,35;167,24;27.06.23;111,38;120,98;
20230628;602;82,54;109,71;82,36;28.06.23;112,63;114,51;
20230629;548;120,90;72,31;160,85;29.06.23;112,95;109,70;
20230630;613;102,67;86,20;125,82;30.06.23;109,06;117,74;
20230701;643;103,03;92,45;119,95;01.07.23;106,41;117,45;
20230702;334;69,43;59,32;98,96;02.07.23;104,40;109,48;
20230703;511;45,38;38,78;53,90;03.07.23;101,95;91,75;
20230704;452;109,93;116,90;109,69;04.07.23;104,34;90,55;
20230705;553;89,85;95,55;109,58;05.07.23;103,77;91,60;
20230706;518;172,66;140,26;202,07;06.07.23;105,07;98,99;
20230707;577;120,56;171,70;85,93;07.07.23;104,35;101,55;
20230708;621;58,68;53,18;53,23;08.07.23;103,68;95,21;
20230709;349;75,93;75,70;63,14;09.07.23;103,00;96,14;
20230710;503;138,30;105,05;164,28;10.07.23;104,37;109,42;
20230711;539;141,35;134,79;122,65;11.07.23;106,37;113,91;
20230712;538;203,19;110,49;255,99;12.07.23;110,96;130,10;
20230713;576;80,51;57,33;95,64;13.07.23;111,07;116,93;
20230714;569;151,37;104,47;193,64;14.07.23;113,71;121,33;
20230715;655;65,75;20,17;100,93;15.07.23;110,62;122,34;
20230716;325;30,58;0,00;50,85;16.07.23;107,93;115,86;
20230717;508;110,85;91,01;119,29;17.07.23;108,52;111,94;
20230718;525;151,43;138,39;167,89;18.07.23;110,74;113,38;
20230719;614;188,83;139,84;260,20;19.07.23;113,45;111,33;
20230720;545;127,64;145,43;141,52;20.07.23;112,94;118,06;
20230721;560;112,39;106,15;127,89;21.07.23;112,42;112,50;
20230722;635;36,52;62,41;34,70;22.07.23;108,49;108,32;
20230723;335;49,44;78,86;65,78;23.07.23;108,59;111,01;
20230724;485;143,43;163,42;159,02;24.07.23;109,87;115,67;
20230725;483;61,72;54,70;68,43;25.07.23;107,76;102,85;
20230726;591;84,08;55,88;93,22;26.07.23;104,91;87,89;
20230727;550;132,50;60,04;190,31;27.07.23;105,38;88,58;
20230728;610;130,33;97,45;162,56;28.07.23;106,97;91,15;
20230729;599;71,89;66,16;64,38;29.07.23;105,34;96,20;
20230730;329;10,07;20,08;0,00;30.07.23;102,25;90,57;
20230731;472;154,40;111,94;175,07;31.07.23;103,97;92,14;
20230801;510;116,91;103,60;140,43;01.08.23;105,55;100,03;
20230802;524;132,76;138,65;147,19;02.08.23;108,46;106,98;
20230803;560;88,73;106,15;88,54;03.08.23;107,76;100,73;
20230804;555;119,37;95,20;119,11;04.08.23;108,74;99,16;
20230805;646;97,43;71,57;119,39;05.08.23;106,23;102,81;
20230806;439;30,18;15,04;37,65;06.08.23;103,22;105,68;
20230807;479;117,57;96,52;115,01;07.08.23;105,18;100,42;
20230808;520;108,30;88,91;127,13;08.08.23;106,26;99,19;
20230809;564;105,72;93,68;97,68;09.08.23;105,17;95,33;
20230810;531;131,01;124,38;145,25;10.08.23;104,83;101,37;
20230811;605;142,36;76,42;200,33;11.08.23;102,80;104,65;
20230812;611;119,27;129,72;144,26;12.08.23;104,09;107,77;
20230813;382;60,70;69,16;72,11;13.08.23;101,07;112,13;
20230814;461;114,97;143,27;119,50;14.08.23;102,71;111,76;
20230815;549;114,64;72,18;140,48;15.08.23;105,51;112,67;
20230816;563;100,02;105,58;127,21;16.08.23;105,15;111,85;
20230817;571;116,03;69,40;154,37;17.08.23;103,97;109,71;
20230818;599;77,42;33,08;110,36;18.08.23;100,26;100,44;
20230819;639;114,05;113,70;129,32;19.08.23;99,81;99,69;
20230820;379;43,70;52,28;43,61;20.08.23;97,52;97,26;
20230821;477;97,22;83,08;103,94;21.08.23;99,54;94,73;
20230822;531;81,10;62,19;83,00;22.08.23;100,60;89,94;
20230823;549;126,71;96,24;130,45;23.08.23;100,04;93,75;
20230824;538;61,57;49,11;71,68;24.08.23;100,03;85,97;
20230825;576;40,26;11,47;66,95;25.08.23;98,57;80,66;
20230826;655;85,98;80,67;92,52;26.08.23;97,02;76,65;
20230827;395;41,93;16,72;55,79;27.08.23;94,08;76,40;
20230828;483;75,44;68,37;79,84;28.08.23;94,19;73,28;
20230829;487;115,63;40,69;169,68;29.08.23;97,71;78,22;
20230830;568;163,30;116,28;213,38;30.08.23;98,01;83,44;
20230831;536;117,42;110,90;102,78;31.08.23;98,03;91,42;
20230901;586;73,49;45,08;84,61;01.09.23;96,05;96,17;
20230902;674;58,98;58,80;57,22;02.09.23;95,06;92,31;
20230903;405;16,36;16,31;27,20;03.09.23;91,63;88,66;
20230904;428;100,62;61,73;115,84;04.09.23;91,73;92,26;
20230905;544;121,79;24,28;182,28;05.09.23;94,78;93,13;
20230906;562;76,63;47,01;88,22;06.09.23;93,42;80,75;
20230907;536;80,34;61,61;92,50;07.09.23;92,49;75,46;
20230908;620;80,14;95,88;88,85;08.09.23;91,64;76,41;
20230909;671;44,43;59,06;32,84;09.09.23;88,75;74,33;
20230910;399;16,60;16,55;13,81;10.09.23;84,56;74,36;
20230911;496;93,50;39,95;122,18;11.09.23;83,70;73,35;
20230912;502;164,97;65,78;230,46;12.09.23;87,17;79,52;
20230913;639;134,78;31,01;198,29;13.09.23;87,83;87,82;
20230914;580;119,94;102,49;123,48;14.09.23;88,01;93,48;
20230915;621;106,68;85,09;133,07;15.09.23;88,23;97,27;
20230916;667;79,46;69,32;90,85;16.09.23;87,01;102,28;
20230917;412;64,32;48,09;93,60;17.09.23;86,58;109,09;
20230918;491;114,69;94,16;168,30;18.09.23;86,60;112,12;
20230919;543;207,42;97,31;314,51;19.09.23;92,06;118,19;
20230920;575;190,11;206,76;258,68;20.09.23;95,15;126,09;
20230921;610;162,91;108,27;225,78;21.09.23;97,88;132,23;
20230922;604;131,63;109,35;164,18;22.09.23;98,04;135,79;
20230923;615;70,02;42,96;89,58;23.09.23;98,33;134,44;
20230924;399;66,42;66,21;69,04;24.09.23;99,20;134,74;
20230925;482;109,96;41,11;171,44;25.09.23;100,00;134,07;
20230926;530;81,25;24,92;114,34;26.09.23;101,31;116,04;
20230927;555;101,47;47,60;138,97;27.09.23;102,18;103,38;
20230928;566;64,38;58,35;68,13;28.09.23;100,47;89,30;
20230929;575;86,41;91,89;76,65;29.09.23;97,90;82,84;
20230930;642;82,56;72,01;85,81;30.09.23;96,74;84,64;
20231001;425;38,97;77,70;25,92;01.10.23;95,59;80,71;
20231002;522;63,46;37,96;84,43;02.10.23;95,74;74,07;
20231003;557;107,05;83,00;148,36;03.10.23;98,76;77,76;
20231004;595;61,24;66,60;64,81;04.10.23;97,45;72,01;
20231005;549;54,30;36,09;70,24;05.10.23;95,20;70,57;
20231006;575;161,31;91,89;220,36;06.10.23;98,02;81,27;
20231007;673;54,14;68,70;32,74;07.10.23;97,15;77,21;
20231008;394;75,67;83,82;69,91;08.10.23;97,00;82,45;
20231009;496;227,07;279,64;211,03;09.10.23;103,09;105,83;
20231010;537;259,08;282,88;297,51;10.10.23;111,17;127,55;
20231011;573;265,93;265,11;278,82;11.10.23;116,92;156,79;
20231012;547;218,01;229,42;221,57;12.10.23;118,69;180,17;
20231013;588;287,31;292,05;318,55;13.10.23;123,77;198,17;
20231014;644;216,04;184,60;248,08;14.10.23;126,98;221,30;
20231015;386;154,47;136,89;171,26;15.10.23;128,57;232,56;
20231016;502;290,34;381,55;296,30;16.10.23;135,60;241,60;
20231017;543;274,52;267,60;324,66;17.10.23;142,61;243,80;
20231018;567;333,01;349,46;359,49;18.10.23;149,88;253,39;
20231019;567;338,85;431,00;330,35;19.10.23;154,26;270,65;
20231020;599;298,63;363,87;331,09;20.10.23;157,88;272,27;
20231021;619;251,52;256,08;258,10;21.10.23;160,83;277,34;
20231022;441;105,16;209,67;0,00;22.10.23;159,95;270,29;
20231023;466;312,77;467,72;307,37;23.10.23;168,04;273,50;
20231024;530;250,01;286,62;249,46;24.10.23;174,16;269,99;
20231025;589;208,09;224,27;224,48;25.10.23;177,43;252,15;
20231026;531;168,44;223,89;155,62;26.10.23;180,34;227,80;
20231027;605;251,86;283,84;236,75;27.10.23;185,35;221,12;
20231028;649;173,54;234,07;169,77;28.10.23;188,99;209,98;
20231029;423;133,13;187,37;104,19;29.10.23;190,55;213,98;
20231030;516;205,43;192,00;213,53;30.10.23;194,65;198,64;
20231031;539;172,08;208,31;173,75;31.10.23;199,08;187,51;
20231101;579;251,73;262,36;247,38;01.11.23;205,36;193,74;
20231102;528;219,58;287,71;198,24;02.11.23;209,11;201,05;
20231103;606;174,92;261,57;109,09;03.11.23;212,90;190,06;
20231104;632;157,24;188,11;148,19;04.11.23;216,33;187,73;
20231105;392;92,95;134,79;84,32;05.11.23;214,05;181,99;
20231106;489;182,90;229,61;146,46;06.11.23;218,34;178,77;
20231107;567;140,21;174,73;106,88;07.11.23;220,50;174,22;
20231108;550;132,50;204,15;120,20;08.11.23;217,34;157,19;
20231109;559;201,48;259,94;177,39;09.11.23;215,42;154,60;
20231110;604;180,98;229,64;164,18;10.11.23;212,59;155,47;
20231111;636;161,46;186,93;155,92;11.11.23;210,71;156,07;
20231112;387;128,39;119,47;156,59;12.11.23;205,41;161,13;
20231113;455;131,05;159,68;84,75;13.11.23;202,58;153,73;
20231114;514;148,23;141,35;160,77;14.11.23;202,37;154,87;
20231115;558;130,60;94,69;148,09;15.11.23;197,04;154,60;
20231116;601;170,86;219,79;155,83;16.11.23;193,59;150,23;
20231117;554;149,48;178,83;119,33;17.11.23;187,47;145,73;
20231118;623;111,66;148,42;79,58;18.11.23;179,90;138,61;
20231119;424;101,56;171,35;90,95;19.11.23;173,33;134,78;
20231120;485;204,90;217,89;227,18;20.11.23;171,77;145,33;
20231121;515;96,48;141,07;85,58;21.11.23;171,49;137,94;
20231122;571;191,44;127,24;231,55;22.11.23;167,44;146,63;
20231123;472;175,45;223,89;128,39;23.11.23;164,96;147,28;
20231124;542;152,79;231,53;111,81;24.11.23;163,11;147,76;
20231125;609;125,11;108,45;144,74;25.11.23;161,67;149,68;
20231126;377;87,87;122,63;102,29;26.11.23;156,20;147,72;
20231127;458;166,35;173,05;180,43;27.11.23;155,96;142,21;
20231128;521;184,38;215,51;169,18;28.11.23;157,67;154,77;
20231129;597;88,78;143,82;55,37;29.11.23;153,78;140,10;
20231130;574;178,90;230,13;163,16;30.11.23;154,01;140,60;
20231201;559;94,81;106,34;88,70;01.12.23;148,78;132,31;
20231202;651;122,12;152,18;93,09;02.12.23;145,53;131,89;
20231203;389;110,70;186,77;42,49;03.12.23;143,39;135,15;
20231204;510;194,86;259,01;151,23;04.12.23;144,64;139,22;
20231205;554;89,69;59,61;109,38;05.12.23;144,53;125,70;
20231206;631;131,24;177,94;113,50;06.12.23;142,81;131,76;
20231207;563;194,16;175,97;215,27;07.12.23;144,61;133,94;
20231208;561;153,52;188,37;137,48;08.12.23;145,31;142,33;
20231209;623;106,34;106,02;123,80;09.12.23;142,14;140,07;
20231210;427;124,12;154,68;154,82;10.12.23;140,25;141,99;
20231211;517;153,77;140,53;149,18;11.12.23;139,99;136,12;
20231212;554;167,42;166,91;178,99;12.12.23;141,29;147,23;
20231213;567;192,79;244,62;194,32;13.12.23;143,35;156,02;
20231214;557;148,68;213,44;118,69;14.12.23;143,36;149,52;
20231215;548;169,26;204,89;211,11;15.12.23;144,65;151,77;
20231216;635;104,33;145,62;104,11;16.12.23;142,43;151,48;
20231217;328;90,89;140,95;100,77;17.12.23;140,48;146,74;
20231218;529;144,02;237,22;83,31;18.12.23;141,56;145,34;
20231219;494;187,76;240,66;156,13;19.12.23;144,43;148,25;
20231220;576;143,77;229,33;95,64;20.12.23;142,40;141,25;
20231221;552;114,02;143,58;99,80;21.12.23;142,98;136,29;
20231222;556;89,37;71,27;138,72;22.12.23;139,58;124,88;
20231223;551;150,30;143,84;149,97;23.12.23;138,74;131,45;
20231224;313;52,92;42,20;88,00;24.12.23;135,41;126,02;
20231225;170;136,40;194,26;97,22;25.12.23;135,79;124,93;
20231226;356;139,57;222,63;92,85;26.12.23;137,51;118,05;
20231227;478;180,18;234,90;138,30;27.12.23;137,97;123,25;
20231228;459;122,69;143,89;96,02;28.12.23;135,91;124,49;
20231229;494;221,28;213,92;301,10;29.12.23;140,33;143,33;
20231230;503;190,98;236,35;197,14;30.12.23;140,73;149,15;
20231231;331;110,09;179,59;99,86;31.12.23;141,24;157,31;
20240101;336;167,60;275,20;114,77;01.01.24;142,76;161,77;
20240102;480;131,12;192,64;91,82;02.01.24;143,44;160,56;
20240103;510;149,39;259,01;108,02;03.01.24;141,92;156,16;
20240104;495;180,69;240,17;155,81;04.01.24;144,96;164,45;
20240105;534;167,49;197,89;165,06;05.01.24;146,17;156,77;
20240106;631;131,24;146,54;122,23;06.01.24;144,07;148,23;
20240107;372;89,05;142,04;74,05;07.01.24;141,92;145,23;
20240108;466;106,63;141,73;106,40;08.01.24;141,93;136,52;
20240109;508;241,27;299,03;206,05;09.01.24;145,83;152,25;
20240110;561;118,10;129,50;108,02;10.01.24;144,64;147,78;
20240111;521;165,31;190,16;148,03;11.01.24;144,57;145,58;
20240112;582;210,59;238,32;189,31;12.01.24;145,17;151,74;
20240113;621;160,03;212,71;141,94;13.01.24;145,54;155,85;
20240114;370;107,43;107,10;119,11;14.01.24;143,48;158,48;
20240115;467;106,40;141,43;94,37;15.01.24;143,55;158,45;
20240116;531;193,39;286,08;145,25;16.01.24;146,97;151,61;
20240117;564;176,20;234,21;175,82;17.01.24;148,04;159,91;
20240118;534;167,49;160,79;206,33;18.01.24;147,37;160,22;
20240119;559;207,41;212,68;246,38;19.01.24;149,49;159,76;
20240120;632;83,86;146,31;61,02;20.01.24;148,48;148,88;
20240121;378;70,11;104,84;58,30;21.01.24;147,84;143,55;
20240122;497;186,62;239,21;121,93;22.01.24;149,05;155,01;
20240123;529;169,07;249,71;124,97;23.01.24;152,92;151,54;
20240124;562;159,14;235,04;107,83;24.01.24;153,68;149,10;
20240125;524;202,29;252,09;210,27;25.01.24;155,77;154,07;
20240126;586;141,32;191,61;112,81;26.01.24;154,48;144,63;
20240127;648;178,92;234,43;161,53;27.01.24;156,35;158,21;
20240128;347;152,74;190,34;95,26;28.01.24;154,07;170,02;
20240129;495;140,53;200,14;144,68;29.01.24;152,38;163,43;
20240130;546;206,28;254,03;171,53;30.01.24;155,59;168,75;
20240131;580;205,61;250,52;170,97;31.01.24;156,86;175,38;
20240201;539;147,50;159,30;143,09;01.02.24;157,40;167,56;
20240202;618;171,52;245,81;169,37;02.02.24;158,14;171,87;
20240203;616;96,80;117,94;116,26;03.02.24;155,34;160,14;
20240204;348;85,67;113,87;126,64;04.02.24;152,62;150,56;
20240205;500;125,88;145,30;121,20;05.02.24;152,44;148,46;
20240206;530;118,75;162,00;62,37;06.02.24;153,43;135,96;
20240207;594;100,38;144,55;74,20;07.02.24;153,22;120,93;
20240208;570;116,23;162,22;77,32;08.02.24;149,05;116,46;
20240209;596;194,53;277,04;175,62;09.02.24;151,60;119,75;
20240210;639;98,50;113,70;94,83;10.02.24;149,37;119,99;
20240211;384;86,26;154,80;28,69;11.02.24;145,23;120,08;
20240212;466;156,39;184,25;189,15;12.02.24;145,11;124,43;
20240213;529;187,86;262,19;135,38;13.02.24;147,79;134,31;
20240214;561;135,81;153,05;137,48;14.02.24;148,77;139,37;
20240215;586;214,81;247,96;216,22;15.02.24;149,48;153,45;
20240216;494;160,93;133,70;167,28;16.02.24;148,97;148,65;
20240217;609;87,03;119,30;81,41;17.02.24;146,29;147,01;
20240218;369;80,79;89,50;89,58;18.02.24;142,07;146,23;
20240219;454;167,82;218,22;109,21;19.02.24;144,87;147,86;
20240220;506;170,21;221,90;141,54;20.02.24;148,21;145,34;
20240221;530;193,75;236,77;197,49;21.02.24;148,44;153,62;
20240222;528;219,58;125,09;302,58;22.02.24;150,13;154,30;
20240223;575;167,07;149,32;191,62;23.02.24;150,39;155,18;
20240224;626;111,12;147,71;70,40;24.02.24;147,35;158,62;
20240225;380;87,17;86,90;101,48;25.02.24;145,55;159,53;
20240226;478;200,97;276,35;149,83;26.02.24;146,28;164,27;
20240227;536;166,86;98,58;215,84;27.02.24;146,75;163,79;
20240228;560;177,46;188,71;157,40;28.02.24;147,99;161,46;
20240229;562;153,25;141,03;166,64;29.02.24;146,22;151,99;
20240301;555;155,18;130,90;188,60;01.03.24;144,54;150,29;
20240302;681;82,69;96,99;56,63;02.03.24;142,38;146,23;
20240303;362;82,36;127,72;45,65;03.03.24;139,40;145,54;
20240304;485;170,75;177,03;159,02;04.03.24;141,87;141,22;
20240305;516;83,46;102,40;85,41;05.03.24;141,80;129,31;
20240306;552;108,02;95,72;99,80;06.03.24;141,20;119,39;
20240307;542;122,23;146,23;91,48;07.03.24;141,32;114,96;
20240308;595;183,72;177,61;194,44;08.03.24;144,09;119,03;
20240309;628;89,67;115,69;52,63;09.03.24;143,21;120,03;
20240310;371;98,22;124,62;89,09;10.03.24;140,00;122,30;
20240311;489;155,81;202,60;157,72;11.03.24;141,91;120,16;
20240312;498;199,55;172,41;232,31;12.03.24;145,69;136,75;
20240313;553;149,75;179,15;129,51;13.03.24;145,46;142,71;
20240314;531;187,15;248,77;155,62;14.03.24;145,44;151,98;
20240315;576;138,02;183,47;105,21;15.03.24;145,51;145,45;
20240316;602;126,56;98,74;137,27;16.03.24;142,57;150,72;
20240317;383;69,19;34,49;100,69;17.03.24;139,51;146,58;
20240318;516;147,65;128,00;149,47;18.03.24;141,54;145,41;
20240319;506;183,30;221,90;152,42;19.03.24;144,95;143,09;
20240320;571;116,03;138,80;115,78;20.03.24;143,23;138,27;
20240321;533;130,51;148,70;103,36;21.03.24;141,90;130,18;
20240322;583;125,00;135,95;122,84;22.03.24;139,61;128,32;
20240323;619;107,03;138,71;106,80;23.03.24;135,86;125,53;
20240324;384;69,01;103,20;57,39;24.03.24;132,59;125,51;
20240325;511;187,99;245,58;140,15;25.03.24;135,15;131,27;
20240326;520;165,63;203,22;158,91;26.03.24;137,77;128,74;
20240327;575;126,74;149,32;105,39;27.03.24;135,29;130,27;
20240328;532;99,63;111,73;82,84;28.03.24;133,05;125,86;
20240329;525;126,19;113,22;136,41;29.03.24;131,34;126,03;
20240330;615;161,59;214,79;116,45;30.03.24;131,62;133,83;
20240331;359;119,95;183,98;92,07;31.03.24;130,45;141,10;
20240401;457;123,22;144,52;132,60;01.04.24;131,80;131,85;
20240402;502;197,96;249,98;197,53;02.04.24;135,65;136,47;
20240403;510;181,87;194,26;162,03;03.04.24;136,02;144,34;
20240404;535;160,98;172,83;123,57;04.04.24;138,61;153,11;
20240405;583;142,05;158,60;170,09;05.04.24;139,74;155,38;
20240406;661;130,30;169,86;100,01;06.04.24;140,01;150,91;
20240407;380;69,74;104,29;43,49;07.04.24;136,21;143,73;
20240408;472;126,33;153,92;81,70;08.04.24;137,43;144,17;
20240409;540;171,76;159,00;173,43;09.04.24;139,88;140,43;
20240410;556;208,52;261,34;168,44;10.04.24;141,64;144,24;
20240411;564;123,34;117,11;136,75;11.04.24;139,10;138,86;
20240412;616;161,33;160,83;160,98;12.04.24;139,49;141,62;
20240413;611;130,12;118,91;135,25;13.04.24;137,59;141,59;
20240414;361;137,64;219,55;76,30;14.04.24;137,57;151,29;
20240415;488;230,79;230,08;237,07;15.04.24;141,05;166,22;
20240416;535;340,54;283,94;453,08;16.04.24;150,09;190,33;
20240417;597;227,50;221,26;267,61;17.04.24;152,75;193,04;
20240418;532;155,67;136,56;196,75;18.04.24;151,83;197,65;
20240419;573;208,12;184,43;269,20;19.04.24;154,90;204,34;
20240420;641;134,36;123,65;171,89;20.04.24;155,03;204,95;
20240421;376;70,48;70,26;87,91;21.04.24;153,21;195,35;
20240422;488;162,91;81,21;248,36;22.04.24;155,08;185,65;
20240423;536;148,32;110,90;164,45;23.04.24;157,72;158,19;
20240424;571;139,23;150,37;154,37;24.04.24;156,09;145,59;
20240425;538;172,40;171,87;143,36;25.04.24;156,32;147,98;
20240426;571;150,83;138,80;154,37;26.04.24;157,12;139,79;
20240427;601;154,33;164,84;137,50;27.04.24;158,95;142,65;
20240428;405;106,33;146,77;54,41;28.04.24;158,28;147,77;
20240429;468;191,11;197,58;188,34;29.04.24;159,27;151,79;
20240430;533;167,80;123,92;196,38;30.04.24;160,86;154,58;
20240501;532;130,76;111,73;124,26;01.05.24;161,11;153,37;
20240502;553;137,77;214,98;59,77;02.05.24;159,11;148,42;
20240503;570;110,42;127,46;115,98;03.05.24;156,73;142,65;
20240504;613;86,46;96,97;80,88;04.05.24;154,24;132,95;
20240505;385;68,83;51,47;71,55;05.05.24;151,80;127,59;
20240506;460;93,62;172,30;23,95;06.05.24;150,58;113,67;
20240507;545;176,27;133,31;252,71;07.05.24;154,13;114,88;
20240508;567;163,58;198,03;126,31;08.05.24;155,37;119,56;
20240509;524;145,40;126,04;136,67;09.05.24;154,49;120,65;
20240510;590;185,28;223,89;186,75;10.05.24;153,72;131,35;
20240511;625;106,00;147,95;88,14;11.05.24;153,14;134,14;
20240512;368;54,01;71,79;29,94;12.05.24;149,56;132,02;
20240513;505;177,11;235,42;152,72;13.05.24;151,13;143,95;
20240514;514;154,67;167,05;150,05;14.05.24;151,70;140,86;
20240515;564;129,21;81,97;166,05;15.05.24;148,31;135,95;
20240516;610;124,90;129,93;144,50;16.05.24;141,12;133,03;
20240517;620;181,66;170,44;204,37;17.05.24;139,60;132,51;
20240518;657;110,92;140,74;92,24;18.05.24;138,10;133,21;
20240519;370;98,48;124,95;119,11;19.05.24;134,45;139,57;
20240520;515;135,08;115,42;149,76;20.05.24;134,47;133,56;
20240521;481;165,28;151,04;171,80;21.05.24;137,63;135,08;
20240522;544;140,05;121,41;172,16;22.05.24;136,87;136,62;
20240523;553;101,83;83,60;139,47;23.05.24;135,32;133,33;
20240524;568;116,64;81,40;126,09;24.05.24;134,57;124,04;
20240525;616;91,42;42,89;116,26;25.05.24;131,87;121,26;
20240526;355;121,31;148,84;77,59;26.05.24;130,88;124,52;
20240527;410;145,43;64,44;188,11;27.05.24;130,59;125,99;
20240528;508;143,46;104,01;162,67;28.05.24;131,83;122,88;
20240529;587;135,44;112,52;168,93;29.05.24;129,97;122,22;
20240530;531;93,58;111,94;83,00;30.05.24;127,50;121,04;
20240531;508;156,50;195,02;108,45;31.05.24;128,35;126,73;
20240601;656;121,19;151,02;109,17;01.06.24;127,80;130,99;
20240602;368;90,02;89,74;74,85;02.06.24;127,12;126,52;
20240603;477;111,11;83,08;127,04;03.06.24;127,94;121,61;
20240604;541;110,21;109,88;122,20;04.06.24;129,32;116,86;
20240605;583;119,32;135,95;113,39;05.06.24;130,18;114,56;
20240606;543;122,01;145,96;111,60;06.06.24;128,37;118,62;
20240607;594;122,69;166,79;92,74;07.06.24;127,01;113,79;
20240608;646;66,66;30,67;102,33;08.06.24;124,38;106,00;
20240609;392;92,95;101,09;70,27;09.06.24;121,30;106,42;
20240610;494;107,29;120,33;144,97;10.06.24;121,35;105,88;
20240611;544;121,79;133,55;131,65;11.06.24;123,61;107,53;
20240612;563;117,68;140,78;88,07;12.06.24;121,63;107,29;
20240613;546;133,47;157,26;110,99;13.06.24;120,92;108,93;
20240614;588;90,14;67,40;121,80;14.06.24;119,62;104,28;
20240615;633;109,90;73,04;174,06;15.06.24;119,12;110,46;
20240616;356;102,35;92,76;92,85;16.06.24;116,47;111,80;
20240617;493;120,95;133,97;111,74;17.06.24;116,81;113,75;
20240618;533;142,94;148,70;165,37;18.06.24;118,29;116,78;
20240619;519;114,89;89,08;137,99;19.06.24;117,62;116,38;
20240620;524;177,01;151,25;231,29;20.06.24;118,01;122,60;
20240621;568;128,30;46,51;184,28;21.06.24;117,62;128,05;
20240622;561;64,95;47,09;78,56;22.06.24;116,39;121,63;
20240623;389;85,16;101,87;70,81;23.06.24;115,34;119,17;
20240624;483;212,61;232,47;205,30;24.06.24;119,38;132,27;
20240625;512;109,99;103,20;150,64;25.06.24;119,00;127,56;
20240626;541;128,58;109,88;183,29;26.06.24;118,44;129,51;
20240627;549;120,68;72,18;170,59;27.06.24;117,68;121,47;
20240628;600;121,46;143,10;128,54;28.06.24;117,21;120,49;
20240629;623;42,54;42,41;44,21;29.06.24;115,51;117,29;
20240630;353;46,92;37,42;46,82;30.06.24;111,86;111,82;
20240701;510;71,45;90,65;54,01;01.07.24;110,20;91,66;
20240702;541;79,60;97,67;91,65;02.07.24;109,85;87,32;
20240703;553;107,82;131,38;99,62;03.07.24;109,74;84,35;
20240704;477;90,28;83,08;80,84;04.07.24;109,08;80,01;
20240705;589;73,11;56,07;74,83;05.07.24;107,54;73,10;
20240706;567;87,63;81,54;77,73;06.07.24;106,39;79,55;
20240707;349;94,92;132,47;63,14;07.07.24;105,47;86,40;
20240708;520;89,18;88,91;127,13;08.07.24;106,22;88,94;
20240709;515;90,05;89,77;96,27;09.07.24;106,12;90,43;
20240710;558;124,67;177,55;88,85;10.07.24;106,70;92,83;
20240711;570;127,85;139,05;125,64;11.07.24;106,90;98,20;
20240712;614;86,32;64,54;98,70;12.07.24;105,86;100,09;
20240713;626;31,75;10,55;44,00;13.07.24;102,47;92,11;
20240714;368;45,01;53,84;29,94;14.07.24;100,96;84,98;
20240715;488;67,88;121,81;22,58;15.07.24;99,56;81,93;
20240716;534;68,24;49,47;92,85;16.07.24;98,42;78,82;
20240717;535;105,26;86,42;113,27;17.07.24;97,90;76,04;
20240718;521;133,52;126,77;126,89;18.07.24;97,59;76,85;
20240719;576;143,77;126,13;162,59;19.07.24;98,55;85,06;
20240720;625;79,50;126,81;52,89;20.07.24;95,30;91,88;
20240721;326;81,29;121,56;67,60;21.07.24;93,73;97,07;
20240722;484;130,04;136,46;136,59;22.07.24;95,90;105,95;
20240723;545;36,47;36,36;30,32;23.07.24;94,28;101,41;
20240724;546;78,87;84,68;70,63;24.07.24;89,82;97,64;
20240725;579;91,54;114,07;85,63;25.07.24;89,21;91,64;
20240726;588;95,77;89,86;103,06;26.07.24;88,11;84,78;
20240727;568;81,65;69,77;106,69;27.07.24;86,81;85,09;
20240728;378;105,16;104,84;131,17;28.07.24;86,27;88,50;
20240729;506;124,38;65,26;174,20;29.07.24;89,00;87,69;
20240730;495;107,07;93,40;111,29;30.07.24;91,00;97,78;
20240731;587;112,86;101,27;168,93;31.07.24;92,38;102,63;
20240801;572;133,20;161,65;144,47;01.08.24;94,17;108,59;
20240802;589;191,22;246,70;187,06;02.08.24;96,95;122,22;
20240803;575;92,18;126,35;67,07;03.08.24;97,01;123,72;
20240804;391;76,25;101,35;56,36;04.08.24;97,12;119,59;
20240805;496;187,00;119,84;211,03;05.08.24;100,43;128,54;
20240806;529;131,50;124,85;166,62;06.08.24;101,65;132,03;
20240807;537;172,72;221,39;153,88;07.08.24;104,43;140,58;
20240808;531;174,67;199,01;134,87;08.08.24;107,25;146,51;
20240809;591;151,34;201,16;111,86;09.08.24;108,14;140,81;
20240810;570;122,04;139,05;115,98;10.08.24;107,95;145,07;
20240811;375;61,83;35,23;88,14;11.08.24;107,13;143,02;
20240812;504;118,31;170,36;98,38;12.08.24;110,02;133,20;
20240813;437;151,60;181,37;126,06;13.08.24;113,57;136,07;
20240814;490;175,77;188,71;191,13;14.08.24;117,17;136,51;
20240815;522;139,61;101,22;168,86;15.08.24;119,55;131,50;
20240816;557;118,94;166,01;118,69;16.08.24;120,00;126,87;
20240817;556;137,03;178,19;118,90;17.08.24;120,12;129,01;
20240818;353;75,07;130,97;15,61;18.08.24;117,83;130,91;
20240819;461;136,53;186,25;83,65;19.08.24;119,73;133,51;
20240820;503;151,47;183,83;98,57;20.08.24;122,07;133,49;
20240821;518;140,69;114,75;148,89;21.08.24;122,42;128,48;
20240822;539;184,37;159,30;183,97;22.08.24;127,36;134,87;
20240823;553;143,76;203,04;99,62;23.08.24;129,52;138,42;
20240824;607;87,32;54,40;99,83;24.08.24;129,38;131,32;
20240825;359;110,73;202,37;30,69;25.08.24;129,88;136,41;
20240826;414;176,03;191,44;172,99;26.08.24;133,02;142,05;
20240827;513;174,35;141,62;171,82;27.08.24;135,33;145,32;
20240828;509;156,19;220,59;119,06;28.08.24;136,39;147,54;
20240829;525;132,50;176,13;94,44;29.08.24;137,24;140,13;
20240830;537;166,55;258,29;102,59;30.08.24;139,03;143,38;
20240831;585;124,58;158,06;94,17;31.08.24;138,74;148,70;
20240901;408;113,67;145,69;81,01;01.09.24;136,15;149,12;
20240902;387;145,51;204,80;99,65;02.09.24;137,93;144,76;
20240903;503;171,23;144,44;208,09;03.09.24;141,10;144,32;
20240904;496;180,32;226,37;177,71;04.09.24;140,87;147,77;
20240905;560;141,97;165,12;127,89;05.09.24;141,22;149,12;
20240906;594;100,38;100,07;102,02;06.09.24;138,81;139,66;
20240907;659;90,48;60,13;125,39;07.09.24;136,01;134,79;
20240908;379;122,36;191,69;72,68;08.09.24;135,04;136,04;
20240909;474;146,76;97,54;185,96;09.09.24;135,86;136,21;
20240910;543;97,61;85,14;131,89;10.09.24;137,06;125,70;
20240911;529;212,91;249,71;197,87;11.09.24;140,21;130,35;
20240912;514;103,11;64,25;117,90;12.09.24;138,59;124,80;
20240913;571;185,64;219,77;125,42;13.09.24;138,92;136,98;
20240914;660;100,38;80,06;133,55;14.09.24;137,61;138,40;
20240915;415;55,87;79,58;53,10;15.09.24;135,51;128,90;
20240916;484;88,97;81,88;79,68;16.09.24;133,91;120,64;
20240917;493;100,79;80,38;111,74;17.09.24;134,77;121,10;
20240918;543;122,01;145,96;101,46;18.09.24;134,28;108,11;
20240919;530;93,75;137,08;62,37;19.09.24;132,36;106,77;
20240920;585;175,54;191,93;188,34;20.09.24;133,52;105,33;
20240921;587;90,29;78,76;84,47;21.09.24;130,39;103,89;
20240922;370;8,95;17,85;0,00;22.09.24;125,89;97,19;
20240923;440;158,10;150,11;212,85;23.09.24;128,25;107,06;
20240924;514;161,12;154,20;171,49;24.09.24;129,93;115,68;
20240925;548;175,30;132,58;231,22;25.09.24;129,91;123,29;
20240926;551;240,48;263,71;289,95;26.09.24;132,11;144,25;
20240927;565;134,85;116,90;136,51;27.09.24;131,40;138,44;
20240928;597;66,58;88,51;46,14;28.09.24;129,20;135,05;
20240929;356;102,35;111,32;108,32;29.09.24;127,06;148,40;
20240930;516;160,49;179,20;160,15;30.09.24;128,26;148,74;
20241001;512;135,87;232,20;75,32;01.10.24;129,00;145,13;
20241002;519;178,71;216,34;191,06;02.10.24;130,11;145,62;
20241003;531;237,06;223,89;321,62;03.10.24;132,30;145,13;
20241004;574;144,28;161,09;143,96;04.10.24;131,10;146,48;
20241005;639;72,58;72,35;86,21;05.10.24;128,79;147,33;
20241006;371;89,29;71,21;133,64;06.10.24;128,42;145,47;
20241007;493;80,63;107,18;67,05;07.10.24;128,09;134,06;
20241008;504;98,59;91,73;120,24;08.10.24;127,30;128,73;
20241009;556;137,03;142,55;128,81;09.10.24;126,97;122,78;
20241010;554;119,59;178,83;69,61;10.10.24;127,70;106,00;
20241011;547;157,45;217,34;151,07;11.10.24;125,86;107,88;
20241012;621;96,02;85,09;88,71;12.10.24;125,62;111,23;
20241013;381;52,17;69,34;28,92;13.10.24;121,17;105,92;
20241014;503;151,47;210,09;87,62;14.10.24;122,87;116,04;
20241015;527;125,71;112,79;125,44;15.10.24;125,20;119,92;
20241016;535;117,64;123,45;102,97;16.10.24;126,16;117,15;
20241017;572;104,24;57,73;134,84;17.10.24;126,27;114,96;
20241018;557;124,89;130,43;118,69;18.10.24;126,37;110,31;
20241019;596;72,25;88,65;64,70;19.10.24;125,65;106,91;
20241020;383;77,84;103,47;86,30;20.10.24;122,39;110,58;
20241021;473;119,06;111,71;139,76;21.10.24;123,35;105,95;
20241022;495;214,15;173,46;222,59;22.10.24;130,19;118,58;
20241023;446;215,39;207,32;209,98;23.10.24;132,10;132,55;
20241024;534;136,47;160,79;123,80;24.10.24;131,28;137,15;
20241025;565;170,03;233,80;136,51;25.10.24;131,10;143,60;
20241026;668;114,06;128,54;107,21;26.10.24;126,89;149,57;
20241027;388;93,91;34,05;127,79;27.10.24;125,53;151,87;
20241028;502;145,17;171,04;131,69;28.10.24;128,15;155,60;
20241029;515;160,80;102,60;213,94;29.10.24;130,09;147,98;
20241030;544;133,96;157,83;151,90;30.10.24;129,21;136,34;
20241031;569;133,90;174,11;77,46;31.10.24;129,14;135,98;
20241101;556;131,07;130,67;128,81;01.11.24;127,56;130,41;
20241102;623;79,76;74,21;79,58;02.11.24;122,31;125,51;
20241103;392;101,41;101,09;98,38;03.11.24;120,88;126,58;
20241104;491;114,69;107,61;134,64;04.11.24;122,29;122,23;
20241105;519;57,44;38,18;63,69;05.11.24;121,23;107,46;
20241106;579;120,14;114,07;123,69;06.11.24;122,54;105,49;
20241107;570;98,80;115,87;115,98;07.11.24;122,55;100,47;
20241108;578;108,89;68,56;152,50;08.11.24;121,61;97,30;
20241109;642;77,40;92,59;60,07;09.11.24;120,21;96,97;
20241110;368;54,01;89,74;44,91;10.11.24;116,76;90,20;
20241111;494;154,23;147,07;178,43;11.11.24;118,70;95,84;
20241112;496;106,86;93,21;155,50;12.11.24;120,52;102,90;
20241113;540;116,55;97,85;122,42;13.11.24;119,36;102,39;
20241114;565;58,63;35,07;68,25;14.11.24;117,12;96,65;
20241115;611;97,59;118,91;108,20;15.11.24;116,45;95,04;
20241116;613;97,27;86,20;98,86;16.11.24;116,22;97,88;
20241117;391;33,89;16,89;42,27;17.11.24;113,19;95,00;
20241118;458;253,14;346,10;192,45;18.11.24;119,22;109,13;
20241119;520;197,48;152,42;233,07;19.11.24;123,20;122,08;
20241120;577;195,19;160,25;267,33;20.11.24;125,74;133,31;
20241121;547;193,79;217,34;241,71;21.11.24;125,06;152,62;
20241122;584;102,10;67,86;122,63;22.11.24;121,29;153,27;
20241123;632;183,45;135,86;217,92;23.11.24;122,85;165,58;
20241124;387;85,60;17,07;128,12;24.11.24;120,04;172,96;
20241125;482;123,71;164,43;91,44;25.11.24;120,36;154,47;
20241126;548;169,26;192,84;130,69;26.11.24;122,87;150,44;
20241127;531;199,63;236,33;176,37;27.11.24;124,69;151,07;
20241128;451;176,28;161,09;195,44;28.11.24;125,20;148,57;
20241129;540;226,97;293,54;234,64;29.11.24;128,30;166,41;
20241130;596;105,60;110,82;110,92;30.11.24;127,36;155,29;
20241201;359;184,54;239,17;184,15;01.12.24;129,14;169,43;
20241202;454;197,00;320,05;121,34;02.12.24;133,05;179,90;
20241203;522;164,99;189,79;168,86;03.12.24;135,17;179,29;
20241204;485;136,60;95,33;147,66;04.12.24;135,90;170,28;
20241205;493;127,66;107,18;167,62;05.12.24;138,24;163,34;
20241206;549;150,85;156,40;150,52;06.12.24;139,27;152,46;
20241207;614;151,06;193,62;107,67;07.12.24;141,01;158,96;
20241208;386;68,65;85,55;42,82;08.12.24;139,67;142,40;
20241209;465;170,97;298,28;71,08;09.12.24;142,79;138,68;
20241210;545;194,50;254,49;202,17;10.12.24;147,47;142,90;
20241211;581;153,94;181,89;142,23;11.12.24;147,46;145,38;
20241212;510;233,83;323,76;140,43;12.12.24;151,69;160,54;
20241213;502;191,36;249,98;131,69;13.12.24;154,18;166,33;
20241214;586;101,75;112,71;94,01;14.12.24;155,62;159,29;
20241215;360;64,41;91,73;30,61;15.12.24;154,52;158,68;
20241216;478;194,04;179,63;207,45;16.12.24;157,74;161,98;
20241217;497;133,30;93,02;166,27;17.12.24;161,06;153,23;
20241218;527;182,29;187,99;229,98;18.12.24;158,69;157,28;
20241219;521;152,59;202,83;137,46;19.12.24;157,20;145,68;
20241220;515;128,64;153,90;106,97;20.12.24;154,98;136,72;
20241221;557;89,21;106,72;69,23;21.12.24;151,49;134,93;
20241222;356;37,22;55,66;15,47;22.12.24;149,33;131,04;
20241223;452;146,57;102,29;158,44;23.12.24;148,10;124,26;
20241224;439;143,37;135,40;150,59;24.12.24;150,03;125,70;
20241225;193;120,14;102,66;171,26;25.12.24;149,91;116,82;
20241226;374;132,86;158,94;88,38;26.12.24;148,70;114,00;
20241227;452;168,56;219,18;121,88;27.12.24;147,66;119,70;
20241228;499;106,21;79,42;121,44;28.12.24;145,32;122,13;
20241229;292;79,41;90,48;56,60;29.12.24;140,41;128,16;
20241230;398;108,20;82,97;110,73;30.12.24;140,49;122,68;
20241231;418;63,40;79,00;52,72;31.12.24;136,45;111,26;
20250101;323;112,81;143,14;68,22;01.01.25;133,65;110,21;
20250102;484;198,48;272,92;102,44;02.01.25;134,76;119,58;
20250103;530;137,50;137,08;155,92;03.01.25;134,79;115,15;
20250104;569;69,86;46,43;87,14;04.01.25;132,87;109,95;
20250105;344;48,15;76,80;16,01;05.01.25;129,44;105,49;
20250106;438;98,32;120,63;62,89;06.01.25;127,69;104,07;
20250107;535;117,64;61,73;164,76;07.01.25;129,32;111,82;
20250108;519;70,21;50,90;84,92;08.01.25;125,96;105,74;
20250109;538;123,14;85,94;143,36;09.01.25;123,58;94,97;
20250110;556;65,54;59,40;69,36;10.01.25;120,63;84,69;
20250111;601;71,65;43,96;100,83;11.01.25;115,23;84,95;
20250112;364;81,90;54,43;121,08;12.01.25;111,58;89,77;
20250113;465;106,86;71,02;154,02;13.01.25;111,75;90,99;
20250114;517;147,37;89,43;202,46;14.01.25;114,52;95,24;
20250115;563;147,09;152,51;156,56;15.01.25;112,95;106,22;
20250116;571;92,82;115,67;67,54;16.01.25;111,60;101,89;
20250117;600;88,34;66,05;101,00;17.01.25;108,47;105,15;
20250118;644;77,16;112,81;51,33;18.01.25;105,95;105,93;
20250119;388;68,30;51,07;70,99;19.01.25;103,94;103,99;
20250120;458;151,89;173,05;120,28;20.01.25;106,03;110,42;
20250121;529;50,10;37,46;62,48;21.01.25;106,46;96,53;
20250122;568;157,46;174,42;145,48;22.01.25;106,82;98,01;
20250123;550;126,48;120,09;130,21;23.01.25;106,26;102,82;
20250124;624;148,64;116,43;194,23;24.01.25;107,21;111,43;
20250125;626;84,67;126,61;52,80;25.01.25;105,61;112,50;
20250126;388;128,06;136,18;127,79;26.01.25;104,26;121,04;
20250127;491;209,14;269,03;213,18;27.01.25;107,69;129,22;
20250128;548;163,21;192,84;150,79;28.01.25;110,48;145,38;
20250129;535;105,26;86,42;113,27;29.01.25;110,38;137,92;
20250130;549;120,68;72,18;140,48;30.01.25;112,29;137,09;
20250131;573;109,84;69,16;134,60;31.01.25;112,19;131,55;
20250201;660;65,25;80,06;66,78;01.02.25;107,75;128,78;
20250202;374;62,00;52,98;88,38;02.02.25;105,23;119,34;
20250203;499;146,05;145,60;143,52;03.02.25;107,77;110,33;
20250204;562;141,46;152,78;127,43;04.02.25;110,88;107,22;
20250205;562;135,57;117,52;156,84;05.02.25;112,13;111,55;
20250206;551;162,32;119,87;199,96;06.02.25;113,61;117,50;
20250207;559;124,44;141,78;108,41;07.02.25;115,42;119,58;
20250208;653;131,89;111,26;143,42;08.02.25;115,71;129,10;
20250209;333;0,00;0,00;0,00;09.02.25;113,53;120,25;
20250210;438;121,01;105,56;138,35;10.02.25;115,18;116,67;
20250211;553;119,80;83,60;149,43;11.02.25;116,44;113,58;
20250212;521;95,37;76,06;116,31;12.02.25;116,06;107,83;
20250213;554;167,42;178,83;188,94;13.02.25;116,72;108,56;
20250214;582;119,53;102,14;123,05;14.02.25;115,81;107,86;
20250215;643;108,19;92,45;111,38;15.02.25;116,32;104,47;
20250216;421;86,55;94,13;91,60;16.02.25;116,26;116,84;
20250217;424;156,25;155,77;194,89;17.02.25;118,89;121,87;
20250218;548;217,61;180,79;251,32;18.02.25;123,87;135,85;
20250219;538;166,24;171,87;174,08;19.02.25;124,35;145,97;
20250220;549;265,49;336,85;200,69;20.02.25;131,53;159,98;
20250221;583;181,82;203,92;188,99;21.02.25;132,34;168,88;
20250222;637;124,81;165,90;95,13;22.02.25;132,29;171,25;
20250223;376;96,91;140,53;102,56;23.02.25;130,56;172,73;
20250224;506;144,02;182,74;108,87;24.02.25;132,54;170,99;
20250225;541;165,32;207,54;112,01;25.02.25;133,78;163,52;
20250226;510;162,38;233,11;108,02;26.02.25;132,22;162,96;
20250227;576;143,77;126,13;172,16;27.02.25;131,58;145,58;
20250228;594;122,69;88,95;139,12;28.02.25;132,16;137,13;
20250301;608;119,86;108,63;126,85;01.03.25;132,13;136,42;
20250302;356;83,74;55,66;108,32;02.03.25;131,26;134,54;
20250303;494;154,23;160,44;156,13;03.03.25;134,23;136,00;
20250304;562;253,45;211,54;303,88;04.03.25;140,61;148,59;
20250305;569;180,47;116,08;242,05;05.03.25;141,75;151,18;
20250306;562;229,88;176,28;245,06;06.03.25;144,70;163,48;
20250307;572;179,53;138,56;221,52;07.03.25;146,17;171,60;
20250308;660;195,74;150,11;233,72;08.03.25;147,28;182,44;
20250309;376;105,72;140,53;87,91;09.03.25;146,66;185,57;
20250310;514;238,45;205,60;267,95;10.03.25;150,21;197,61;
20250311;553;221,64;226,93;219,16;11.03.25;157,60;193,06;
20250312;592;218,23;234,29;214,03;12.03.25;160,84;198,45;
20250313;585;254,81;214,51;282,51;13.03.25;165,34;202,02;
20250314;622;223,68;212,37;265,71;14.03.25;169,61;208,32;
20250315;638;150,57;113,87;189,97;15.03.25;169,05;201,87;
20250316;392;92,95;101,09;126,48;16.03.25;168,17;200,05;
20250317;531;155,96;136,82;186,75;17.03.25;169,76;188,26;
20250318;560;201,12;271,27;206,59;18.03.25;173,58;185,33;
20250319;578;275,09;251,39;314,53;19.03.25;177,54;193,46;
20250320;592;246,20;223,13;251,26;20.03.25;178,49;192,23;
20250321;584;158,82;135,71;160,36;21.03.25;178,25;182,96;
20250322;628;110,77;178,79;70,18;22.03.25;173,09;177,27;
20250323;376;96,91;70,26;131,86;23.03.25;170,26;177,84;
20250324;515;141,51;192,37;96,27;24.03.25;170,81;175,78;
20250325;569;139,72;81,25;174,27;25.03.25;172,24;167,00;
20250326;554;155,46;119,22;208,83;26.03.25;172,62;149,91;
20250327;616;155,95;160,83;143,09;27.03.25;172,31;137,02;
20250328;614;156,46;139,84;188,42;28.03.25;172,11;136,68;
20250329;626;132,29;126,61;132,00;29.03.25;171,73;139,76;
20250330;361;55,06;36,59;76,30;30.03.25;169,48;133,78;
20250331;510;188,36;90,65;259,25;31.03.25;171,76;140,47;
20250401;583;90,91;79,30;94,49;01.04.25;172,00;133,50;
20250402;601;115,75;109,90;119,16;02.04.25;170,72;127,82;
20250403;575;97,94;114,87;86,23;03.04.25;165,53;119,54;
20250404;599;176,97;187,45;183,94;04.04.25;165,41;122,47;
20250405;668;148,77;98,87;189,68;05.04.25;162,71;124,82;
20250406;372;115,76;71,02;148,09;06.04.25;160,59;133,49;
20250407;527;125,71;137,86;104,54;07.04.25;158,25;124,54;
20250408;543;128,11;133,80;142,04;08.04.25;159,00;129,86;
20250409;577;189,45;206,04;152,76;09.04.25;157,36;140,39;
20250410;578;166,20;148,55;162,03;10.04.25;155,52;150,14;
20250411;590;134,75;100,75;168,07;11.04.25;152,73;144,11;
20250412;672;98,59;68,80;131,17;12.04.25;147,53;136,94;
20250413;398;91,55;99,57;83,05;13.04.25;143,12;133,48;
20250414;532;168,12;161,39;196,75;14.04.25;143,71;139,54;
20250415;561;141,71;141,28;147,30;15.04.25;145,33;141,48;
20250416;551;156,31;191,79;169,97;16.04.25;145,34;136,75;
20250417;541;122,46;97,67;142,56;17.04.25;142,72;130,50;
20250418;547;187,73;156,97;241,71;18.04.25;139,81;138,07;
20250419;649;117,39;122,12;144,30;19.04.25;135,52;140,75;
20250420;370;170,10;107,10;238,23;20.04.25;135,89;151,98;
20250421;481;158,40;137,31;171,80;21.04.25;137,48;150,59;
20250422;547;133,23;193,19;100,71;22.04.25;138,69;149,38;
20250423;564;146,83;105,39;185,59;23.04.25;138,87;148,02;
20250424;573;179,21;149,85;221,13;24.04.25;140,18;156,13;
20250425;575;190,11;206,76;249,10;25.04.25;141,34;156,47;
20250426;644;123,45;123,07;128,32;26.04.25;140,26;157,33;
20250427;430;154,07;153,60;204,99;27.04.25;140,18;155,04;
20250428;524;113,79;75,63;168,21;28.04.25;139,56;148,67;
20250429;544;127,87;109,27;162,03;29.04.25;141,99;147,91;
20250430;567;140,21;139,78;136,02;30.04.25;140,38;146,96;
20250501;566;105,35;128,36;97,33;01.05.25;140,86;136,41;
20250502;622;181,07;180,52;221,42;02.05.25;143,04;135,12;
20250503;700;85,18;75,48;94,44;03.05.25;142,62;129,65;
20250504;382;95,39;103,74;100,95;04.05.25;139,90;121,27;
20250505;511;213,92;193,88;280,30;05.05.25;142,07;135,57;
20250506;540;214,70;281,31;214,24;06.05.25;145,37;147,98;
20250507;609;250,21;357,89;262,33;07.05.25;149,52;163,69;
20250508;605;246,39;251,09;309,60;08.05.25;153,46;183,84;
20250509;618;150,08;128,25;160,46;09.05.25;152,15;179,41;
20250510;623;106,34;84,81;141,48;10.05.25;150,15;182,43;
20250511;412;104,52;144,28;147,09;11.05.25;149,14;183,74;
20250512;513;200,17;193,12;214,78;12.05.25;152,53;181,78;
20250513;552;150,03;83,76;199,60;13.05.25;154,48;172,54;
20250514;548;145,08;96,42;180,95;14.05.25;153,71;157,52;
20250515;574;213,53;138,08;287,93;15.05.25;156,11;152,82;
20250516;625;206,70;116,24;308,50;16.05.25;157,79;160,91;
20250517;673;142,74;127,58;188,27;17.05.25;158,46;166,11;
20250518;433;137,70;137,28;152,67;18.05.25;156,79;170,85;
20250519;500;231,88;303,82;220,36;19.05.25;160,61;175,38;
20250520;515;167,24;153,90;224,64;20.05.25;160,51;177,84;
20250521;551;222,44;95,89;349,94;21.05.25;162,65;188,89;
20250522;581;205,25;170,52;246,53;22.05.25;165,05;187,71;
20250523;607;103,69;65,29;117,99;23.05.25;163,61;172,99;
20250524;629;89,53;42,00;140,13;24.05.25;160,62;165,39;
20250525;396;142,21;150,11;208,67;25.05.25;159,03;166,03;
20250526;403;180,83;163,89;232,39;26.05.25;160,94;158,74;
20250527;505;203,35;222,34;218,18;27.05.25;162,58;163,90;
20250528;552;228,04;167,51;279,44;28.05.25;166,39;164,70;
20250529;567;169,43;104,84;223,47;29.05.25;167,77;159,58;
20250530;572;185,32;150,11;221,52;30.05.25;169,28;171,24;
20250531;604;71,30;21,87;100,33;31.05.25;168,14;168,64;
20250601;390;161,38;169,35;197,76;01.06.25;167,49;171,38;
20250602;538;246,29;196,42;255,99;02.06.25;172,86;180,73;
20250603;533;205,09;223,05;248,06;03.06.25;176,51;180,98;
20250604;538;197,03;184,15;235,52;04.06.25;175,95;176,55;
20250605;581;245,16;181,89;341,35;05.06.25;176,97;187,37;
20250606;601;137,79;142,86;128,33;06.06.25;173,22;180,58;
20250607;638;109,03;103,52;103,62;07.06.25;168,64;185,97;
20250608;387;102,72;68,27;142,35;08.06.25;167,06;177,59;
20250609;547;145,34;144,89;201,43;09.06.25;168,36;163,17;
20250610;580;188,47;113,87;246,96;10.06.25;171,16;160,79;
20250611;579;177,36;68,44;256,90;11.06.25;170,40;157,98;
20250612;591;168,15;89,40;233,04;12.06.25;171,00;146,98;
20250613;576;166,78;80,27;267,80;13.06.25;171,73;151,12;
20250614;690;307,25;258,45;455,09;14.06.25;174,85;179,44;
20250615;431;169,09;137,92;178,95;15.06.25;173,60;188,92;
20250616;520;273,92;177,82;413,18;16.06.25;177,97;207,29;
20250617;531;293,20;199,01;435,74;17.06.25;183,15;222,25;
20250618;537;320,77;159,89;482,17;18.06.25;186,12;242,74;
20250619;483;205,75;177,77;250,93;19.06.25;187,40;248,11;
20250620;594;284,41;344,69;352,43;20.06.25;189,46;264,91;
20250621;617;193,28;224,80;232,15;21.06.25;189,07;248,63;
20250622;387;239,67;290,13;355,88;22.06.25;193,60;258,72;
20250623;509;540,16;583,92;606,10;23.06.25;208,62;296,75;
20250624;518;351,72;318,76;436,04;24.06.25;215,60;305,11;
20250625;595;328,47;188,71;462,94;25.06.25;220,52;306,21;
20250626;538;233,97;171,87;296,95;26.06.25;221,55;310,24;
20250627;573;231,24;138,32;317,27;27.06.25;221,65;302,65;
20250628;590;106,68;145,53;84,04;28.06.25;219,56;290,27;
20250629;382;95,39;69,16;115,37;29.06.25;216,56;269,66;
20250630;516;147,65;89,60;181,50;30.06.25;219,11;213,59;
20250701;542;189,46;182,79;233,78;01.07.25;220,04;190,41;
20250702;553;95,84;131,38;99,62;02.07.25;215,03;157,18;
20250703;582;96,76;113,48;75,73;03.07.25;211,42;137,58;
20250704;486;156,77;149,49;147,36;04.07.25;210,08;126,94;
20250705;623;101,03;63,61;132,64;05.07.25;205,27;126,13;
20250706;408;48,71;64,75;40,51;06.07.25;202,30;119,46;
20250707;516;115,55;76,80;138,79;07.07.25;202,52;114,88;
20250708;524;151,72;138,65;168,21;08.07.25;204,15;109,48;
20250709;559;136,30;59,08;187,25;09.07.25;203,85;115,26;
20250710;567;146,06;104,84;194,32;10.07.25;202,44;122,30;
20250711;591;134,52;178,81;139,82;11.07.25;201,01;119,13;
20250712;645;123,26;102,40;162,28;12.07.25;199,51;122,30;
20250713;388;42,69;17,02;70,99;13.07.25;195,38;121,44;
20250714;554;107,63;71,53;129,27;14.07.25;188,72;120,31;
20250715;537;166,55;147,59;184,66;15.07.25;188,64;122,43;
20250716;540;177,90;134,54;244,84;16.07.25;185,44;128,37;
20250717;577;155,01;160,25;162,31;17.07.25;180,83;129,65;
20250718;615;140,04;107,39;179,15;18.07.25;174,81;130,44;
20250719;567;70,11;58,24;97,16;19.07.25;170,29;122,85;
20250720;410;88,87;112,76;53,75;20.07.25;163,77;129,44;
20250721;482;144,32;95,92;171,44;21.07.25;162,14;134,69;
20250722;475;118,56;83,43;162,37;22.07.25;158,10;127,83;
20250723;533;142,94;123,92;144,70;23.07.25;144,86;122,84;
20250724;548;199,48;132,58;261,38;24.07.25;139,78;129,19;
20250725;566;122,90;105,02;146,00;25.07.25;132,93;126,74;
20250726;721;124,05;73,28;168,10;26.07.25;129,27;134,45;
20250727;369;152,61;214,79;134,37;27.07.25;126,65;143,55;
20250728;489;142,26;175,59;135,19;28.07.25;127,83;143,26;
20250729;522;126,92;88,57;158,30;29.07.25;128,88;144,45;
20250730;514;219,12;269,84;257,23;30.07.25;131,26;155,33;
20250731;563;176,51;164,24;176,13;31.07.25;130,83;152,05;
20250801;555;179,06;107,10;238,23;01.08.25;133,61;160,08;
20250802;698;113,90;75,70;157,85;02.08.25;134,18;158,63;
20250803;333;89,53;39,67;115,80;03.08.25;131,94;149,61;
20250804;492;127,92;120,82;134,37;04.08.25;132,83;147,57;
20250805;505;163,99;117,71;207,27;05.08.25;136,68;152,86;
20250806;521;133,52;114,09;158,61;06.08.25;137,27;140,63;
20250807;533;149,16;136,31;144,70;07.08.25;137,19;136,73;
20250808;548;175,30;132,58;201,06;08.08.25;138,49;136,19;
20250809;688;115,55;124,80;136,12;09.08.25;137,47;136,43;
20250810;351;103,81;94,08;141,26;10.08.25;136,45;138,47;
20250811;487;176,85;189,87;192,31;11.08.25;138,24;145,46;
20250812;520;140,15;101,61;211,88;12.08.25;141,48;142,05;
20250813;520;159,26;165,12;190,70;13.08.25;143,21;145,73;
20250814;516;173,33;166,40;202,85;14.08.25;143,43;149,18;
20250815;524;139,08;88,23;168,21;15.08.25;142,14;144,00;
20250816;632;99,59;125,41;78,45;16.08.25;140,29;141,72;
20250817;342;154,97;135,18;193,30;17.08.25;140,79;149,03;
20250818;443;224,33;223,64;236,28;18.08.25;145,93;155,81;
20250819;513;135,60;167,37;107,39;19.08.25;147,49;155,17;
20250820;511;155,58;116,33;183,27;20.08.25;147,86;154,64;
20250821;515;122,21;115,42;128,37;21.08.25;147,98;147,34;
20250822;507;104,54;52,11;141,26;22.08.25;146,70;142,40;
20250823;601;110,24;54,95;174,16;23.08.25;143,73;143,92;
20250824;346;86,17;57,27;111,45;24.08.25;142,50;134,09;
20250825;452;131,92;146,12;121,88;25.08.25;142,77;120,89;
20250826;457;108,73;101,17;96,44;26.08.25;141,30;117,05;
20250827;514;186,90;154,20;203,64;27.08.25;142,79;121,53;
20250828;525;170,36;150,97;188,88;28.08.25;144,24;128,41;
20250829;528;175,67;137,60;219,11;29.08.25;142,79;138,57;
20250830;593;100,55;122,52;92,90;30.08.25;140,26;137,18;
20250831;370;44,76;89,25;29,78;31.08.25;135,78;131,27;
20250901;368;144,02;143,58;179,64;01.09.25;136,79;133,00;
20250902;459;122,69;100,73;132,02;02.09.25;137,89;134,99;
20250903;530;187,50;199,39;187,10;03.09.25;139,88;135,08;
20250904;519;114,89;76,36;148,61;04.09.25;138,24;127,15;
20250905;534;142,68;86,58;196,01;05.09.25;138,55;122,44;
20250906;676;102,91;97,70;122,24;06.09.25;137,00;122,78;
20250907;357;74,23;92,50;77,16;07.09.25;133,64;126,99;
20250908;460;115,22;114,87;131,74;08.09.25;133,62;122,87;
20250909;521;95,37;126,77;84,59;09.09.25;133,34;118,97;
20250910;504;236,61;235,88;273,26;10.09.25;135,33;125,99;
20250911;518;179,06;178,51;212,70;11.09.25;136,63;135,15;
20250912;511;103,72;77,55;140,15;12.09.25;134,78;129,59;
20250913;673;103,36;88,32;114,60;13.09.25;132,45;129,65;
20250914;386;94,40;85,55;85,63;14.09.25;130,96;132,53;
20250915;494;100,58;106,96;100,37;15.09.25;130,99;130,44;
20250916;517;102,52;102,20;106,56;16.09.25;129,24;131,46;
20250917;511;142,62;155,10;118,59;17.09.25;126,52;118,04;
20250918;515;96,48;115,42;85,58;18.09.25;125,22;106,24;
20250919;541;140,83;73,25;203,66;19.09.25;124,72;111,54;
20250920;685;101,55;77,14;120,64;20.09.25;124,04;111,28;
20250921;361;110,11;146,37;91,56;21.09.25;124,22;113,53;
20250922;504;131,45;91,73;163,96;22.09.25;124,93;117,94;
20250923;517;115,33;102,20;138,52;23.09.25;125,90;119,77;
20250924;537;117,20;86,10;153,88;24.09.25;125,41;116,14;
20250925;534;148,88;136,05;185,70;25.09.25;126,75;123,62;
20250926;541;159,20;122,08;173,11;26.09.25;125,83;126,25;
20250927;663;54,96;59,77;41,55;27.09.25;121,98;119,59;
20250928;337;78,64;78,39;98,08;28.09.25;118,74;115,09;
20250929;525;119,88;100,64;136,41;29.09.25;119,39;113,44;
20250930;512;161,75;154,80;150,64;30.09.25;123,29;120,07;
20251001;548;169,26;156,68;211,11;01.10.25;124,13;127,51;
20251002;520;184,74;241,33;180,10;02.10.25;126,20;132,63;
20251003;565;293,15;268,87;282,76;03.10.25;129,72;151,77;
20251004;667;139,06;227,75;82,59;04.10.25;130,52;163,78;
20251005;361;64,23;73,18;91,56;05.10.25;127,91;161,72;
20251006;523;190,01;202,06;158,00;06.10.25;130,81;171,74;
20251007;485;163,92;108,94;181,74;07.10.25;133,80;172,05;
20251008;514;83,78;128,50;42,87;08.10.25;132,76;159,84;
20251009;511;194,48;180,95;204,84;09.10.25;136,06;161,23;
20251010;558;184,03;177,55;197,46;10.10.25;134,31;145,64;
20251011;686;135,21;163,67;120,46;11.10.25;132,84;145,09;
20251012;343;96,58;134,79;64,24;12.10.25;132,61;149,72;
20251013;485;198,07;190,65;238,53;13.10.25;135,76;150,87;
20251014;457;202,96;144,52;241,09;14.10.25;139,38;156,44;
20251015;522;184,03;113,87;221,63;15.10.25;142,16;170,76;
20251016;486;149,95;95,13;204,04;16.10.25;143,74;164,40;
20251017;569;133,90;162,51;145,23;17.10.25;143,45;157,24;
20251018;694;114,56;104,69;127,01;18.10.25;144,06;154,29;
20251019;353;103,22;130,97;140,46;19.10.25;142,80;155,24;
20251020;473;161,08;237,38;151,41;20.10.25;144,79;149,96;
20251021;505;177,11;143,87;207,27;21.10.25;147,02;146,26;
20251022;512;122,93;129,00;139,88;22.10.25;146,74;137,53;
20251023;514;193,34;141,35;257,23;23.10.25;149,34;143,73;
20251024;522;158,65;113,87;189,97;24.10.25;150,72;147,27;
20251025;642;103,20;113,17;111,55;25.10.25;149,20;145,65;
20251026;346;124,46;57,27;159,22;26.10.25;148,04;148,68;
20251027;467;163,15;127,29;188,75;27.10.25;151,64;148,97;
20251028;511;129,65;155,10;107,81;28.10.25;153,34;142,20;
20251029;492;100,99;134,24;111,97;29.10.25;152,71;139,06;
20251030;552;132,02;83,76;159,68;30.10.25;151,72;130,30;
20251031;605;158,78;141,92;236,75;31.10.25;151,37;130,32;
20251101;616;53,78;32,17;71,55;01.11.25;147,01;123,26;
20251102;405;57,25;65,23;54,41;02.11.25;139,15;113,66;
20251103;546;236,61;350,80;141,26;03.11.25;142,40;124,16;
20251104;526;107,06;138,12;104,73;04.11.25;143,83;120,93;
20251105;564;140,96;93,68;195,35;05.11.25;142,19;126,64;
20251106;565;82,08;93,52;87,75;06.11.25;139,46;119,50;
20251107;601;99,21;87,92;100,83;07.11.25;139,98;110,99;
20251108;618;85,76;85,50;80,23;08.11.25;136,35;115,56;
20251109;402;24,72;16,43;27,41;09.11.25;131,04;110,92;
20251110;504;105,16;117,94;98,38;10.11.25;130,04;92,14;
20251111;571;104,42;80,97;144,72;11.11.25;130,30;91,76;
20251112;599;77,42;99,24;101,17;12.11.25;126,28;82,68;
20251113;513;71,03;64,37;64,43;13.11.25;121,88;81,10;
20251114;607;81,86;43,52;108,91;14.11.25;118,48;78,63;
20251115;608;76,28;86,90;63,43;15.11.25;116,02;77,27;
20251116;416;79,63;95,26;92,70;16.11.25;114,21;85,11;
20251117;474;111,82;69,67;127,85;17.11.25;114,12;86,07;
20251118;530;81,25;49,85;93,55;18.11.25;113,39;82,75;
20251119;557;59,47;59,29;59,34;19.11.25;110,00;80,19;
20251120;586;84,79;67,63;94,01;20.11.25;106,92;82,16;
20251121;569;163,01;23,22;261,41;21.11.25;108,26;93,75;
20251122;603;38,45;43,81;45,68;22.11.25;103,10;88,35;
20251123;409;113,39;113,04;121,23;23.11.25;101,59;93,17;
20251124;478;173,25;234,90;138,30;24.11.25;103,92;101,95;
20251125;581;188,15;45,47;293,94;25.11.25;106,05;117,22;
20251126;560;118,31;47,18;167,24;26.11.25;104,55;125,62;
20251127;420;181,40;172,98;170,52;27.11.25;106,28;139,42;
20251128;569;151,37;81,25;213,00;28.11.25;107,96;137,76;
20251129;568;75,82;81,40;58,19;29.11.25;106,08;143,10;
20251130;344;77,04;38,40;96,09;30.11.25;103,36;137,90;
20251201;486;149,95;135,90;147,36;01.12.25;106,56;134,58;
20251202;542;110,01;109,67;121,97;02.12.25;108,32;123,41;
20251203;560;106,48;117,94;127,89;03.12.25;103,98;121,72;
20251204;557;154,63;142,29;187,92;04.12.25;105,57;117,90;
20251205;551;150,30;131,86;189,97;05.12.25;105,88;117,74;
20251206;603;82,40;21,91;118,77;06.12.25;105,89;118,69;
20251207;405;40,90;48,92;27,20;07.12.25;103,95;113,52;
20251208;509;110,64;116,78;97,41;08.12.25;104,78;107,91;
20251209;539;104,48;61,27;122,65;09.12.25;107,44;107,12;
20251210;554;95,67;59,61;119,33;10.12.25;107,12;105,57;
20251211;559;142,22;106,34;187,25;11.12.25;108,38;103,80;
20251212;548;175,30;108,47;201,06;12.12.25;111,64;107,37;
20251213;616;75,29;32,17;98,38;13.12.25;111,78;106,36;
20251214;429;185,32;277,12;166,94;14.12.25;115,23;126,99;
20251215;475;202,24;250,28;173,97;15.12.25;119,43;140,07;
20251216;525;145,12;150,97;136,41;16.12.25;121,61;145,88;
20251217;556;125,11;130,67;118,90;17.12.25;122,06;150,09;
20251218;538;209,34;270,08;194,56;18.12.25;126,33;159,68;
20251219;562;100,20;82,27;147,04;19.12.25;127,69;148,95;
20251220;565;105,53;128,59;78,00;20.12.25;128,38;153,27;
20251221;410;113,11;64,44;147,80;21.12.25;126,71;142,95;
20251222;466;106,63;127,56;70,93;22.12.25;128,99;129,29;
20251223;475;97,63;83,43;127,58;23.12.25;128,46;122,51;
20251224;444;134,29;89,25;186,12;24.12.25;127,16;123,82;
20251225;225;147,23;234,84;73,45;25.12.25;125,80;114,95;
20251226;414;144,02;159,53;186,29;26.12.25;126,66;121,21;
20251227;459;223,72;187,06;240,04;27.12.25;128,07;138,09;
20251228;332;79,82;79,58;99,56;28.12.25;125,68;133,34;
20251229;421;62,95;47,06;65,43;29.12.25;125,25;127,10;
20251230;454;218,89;160,03;266,96;30.12.25;129,98;144,42;
20251231;471;161,76;140,23;210,54;31.12.25;130,37;148,34;
20260101;342;164,66;77,25;225,51;01.01.26;132,20;150,83;
20260102;473;175,08;111,71;232,94;02.01.26;134,48;155,27;
20260103;502;197,96;184,20;208,51;03.01.26;135,93;151,59;
20260104;391;135,55;84,46;169,07;04.01.26;135,44;159,55;
20260105;478;263,34;165,81;299,65;05.01.26;141,47;188,18;
20260106;493;255,33;66,99;379,93;06.01.26;148,62;193,38;
20260107;506;242,22;65,26;348,40;07.01.26;153,00;204,88;
20260108;545;267,44;169,66;333,57;08.01.26;158,43;219,56;
20260109;604;131,63;142,16;118,57;09.01.26;159,63;213,35;
20260110;586;192,20;112,71;272,63;10.01.26;161,30;212,53;
20260111;390;118,91;33,87;197,76;11.01.26;159,42;210,15;
20260112;480;186,33;151,36;241,02;12.01.26;163,12;199,15;
20260113;554;167,42;119,22;228,71;13.01.26;162,52;186,59;
20260114;525;119,88;62,90;178,39;14.01.26;159,78;169,12;
20260115;563;152,98;46,93;225,06;15.01.26;160,04;152,76;
20260116;544;194,86;84,99;283,55;16.01.26;162,36;161,80;
20260117;602;71,53;32,91;100,66;17.01.26;157,77;144,56;
20260118;408;89,31;97,13;81,01;18.01.26;157,41;140,33;
20260119;397;191,91;116,46;222,03;19.01.26;160,29;141,13;
20260120;527;251,43;137,86;303,15;20.01.26;164,90;153,13;
20260121;551;180,36;143,84;219,96;21.01.26;167,36;161,77;
20260122;545;133,72;84,83;151,62;22.01.26;168,56;159,02;
20260123;583;193,19;135,95;255,13;23.01.26;170,52;158,78;
20260124;590;123,52;67,17;168,07;24.01.26;169,73;166,20;
20260125;389;85,16;67,92;99,13;25.01.26;167,77;165,61;
20260126;574;80,79;69,04;76,78;26.01.26;163,00;149,74;
20260127;546;206,28;96,77;282,51;27.01.26;167,22;143,29;
20260128;568;134,14;93,02;184,28;28.01.26;169,59;136,68;
20260129;541;177,57;122,08;244,39;29.01.26;168,22;142,95;
20260130;636;161,46;72,69;233,87;30.01.26;168,21;138,42;
20260131;641;129,20;61,82;180,48;31.01.26;167,02;139,23;
20260201;403;106,86;65,56;136,70;01.02.26;164,75;142,33;
20260202;546;109,21;72,58;121,08;02.02.26;161,79;146,39;
20260203;562;141,46;105,77;156,84;03.02.26;161,99;137,13;
20260204;553;239,61;226,93;338,71;04.02.26;161,20;152,19;
20260205;547;139,29;169,04;120,86;05.02.26;157,33;146,72;
20260206;577;114,82;80,13;143,22;06.02.26;153,08;140,06;
20260207;602;132,06;120,68;146,42;07.02.26;148,57;140,47;
20260208;361;64,23;54,89;76,30;08.02.26;146,32;134,38;
20260209;523;114,01;101,03;115,87;09.02.26;143,72;135,07;
20260210;559;59,26;23,63;78,84;10.02.26;141,73;123,32;
20260211;557;107,05;142,29;69,23;11.02.26;139,08;104,39;
20260212;580;125,65;91,10;161,47;12.02.26;137,69;102,44;
20260213;624;116,79;74,09;158,91;13.02.26;137,59;102,72;
20260214;624;69,01;74,09;79,46;14.02.26;134,79;93,71;
20260215;308;21,51;0,00;35,77;15.02.26;129,01;87,61;
20260216;454;72,96;0,00;121,34;16.02.26;129,06;81,75;
20260217;519;76,59;63,63;84,92;17.02.26;128,64;84,22;
20260218;570;122,04;46,35;183,63;18.02.26;126,31;86,37;
20260219;585;113,25;33,87;178,93;19.02.26;121,70;84,59;
20260220;582;153,68;56,74;236,64;20.02.26;120,81;89,86;
20260221;594;78,07;33,36;102,02;21.02.26;118,96;91,16;
20260222;427;62,06;15,47;103,21;22.02.26;114,59;96,95;
20260223;547;139,29;108,67;171,21;23.02.26;115,11;106,43;
20260224;553;197,68;83,60;298,86;24.02.26;118,86;123,72;
20260225;575;138,26;68,92;201,20;25.02.26;120,78;126,04;
20260226;594;167,30;66,71;250,41;26.02.26;119,48;133,76;
20260227;605;197,11;141,92;273,17;27.02.26;121,58;139,97;
20260228;629;110,59;105,00;140,13;28.02.26;119,35;144,61;
20260301;387;273,91;341,33;270,47;01.03.26;123,09;174,88;
20260302;549;500,81;553,40;602,08;02.03.26;135,48;226,52;
20260303;576;391,07;447,20;478,21;03.03.26;144,95;254,15;
20260304;583;465,92;611,76;548,07;04.03.26;156,84;300,96;
20260305;585;413,36;485,48;461,44;05.03.26;165,91;336,11;
20260306;642;314,75;390,93;240,27;06.03.26;168,41;352,91;
20260307;676;225,41;351,73;130,39;07.03.26;171,28;369,32;
20260308;434;213,71;304,37;177,71;08.03.26;174,58;360,72;
20260309;543;372,13;608,17;365,24;09.03.26;182,58;342,34;
20260310;558;457,11;627,33;434,40;10.03.26;195,68;351,77;
20260311;620;368,66;543,29;346,53;11.03.26;204,17;337,88;
20260312;645;313,28;460,80;230,61;12.03.26;212,63;323,58;
20260313;627;322,28;505,63;246,02;13.03.26;219,81;324,65;
20260314;649;270,52;386,72;246,17;14.03.26;224,64;331,10;
20260315;406;236,61;374,16;176,40;15.03.26;228,63;334,37;
20260316;497;259,94;318,94;277,11;16.03.26;235,00;318,34;
20260317;552;354,06;562,36;289,42;17.03.26;246,08;303,62;
20260318;608;337,79;467,11;308,07;18.03.26;254,91;299,21;
20260319;582;375,65;476,63;359,69;19.03.26;264,88;308,12;
20260320;605;328,52;403,93;309,60;20.03.26;271,76;309,01;
20260321;662;300,23;329,24;307,91;21.03.26;277,99;313,26;
20260322;417;174,76;205,90;198,17;22.03.26;278,69;304,42;
20260323;540;300,58;452,55;285,65;23.03.26;286,11;310,23;
20260324;552;402,07;502,53;459,08;24.03.26;297,45;317,09;
20260325;596;316,81;387,86;351,25;25.03.26;303,36;314,09;
20260326;576;310,55;470,13;334,75;26.03.26;307,13;304,79;
20260327;608;294,21;445,39;244,64;27.03.26;312,32;299,89;
20260328;673;241,18;372,93;163,71;28.03.26;314,79;291,45;
20260329;397;233,63;382,64;222,03;29.03.26;316,00;299,86;
20260330;522;266,53;379,58;253,29;30.03.26;321,20;295,00;
20260331;503;447,82;590,88;492,85;31.03.26;327,00;301,53;
20260401;551;282,56;419,54;319,94;01.04.26;319,72;296,64;
20260402;585;271,80;372,58;273,10;02.04.26;315,75;291,10;
20260403;519;217,01;330,87;201,68;03.04.26;307,45;280,08;
20260404;630;220,84;387,90;157,40;04.04.26;301,03;277,17;
20260405;384;138,02;189,20;143,46;05.04.26;295,14;263,51;
20260406;434;305,31;334,80;279,26;06.04.26;297,81;269,05;
20260407;486;265,82;298,98;272,05;07.04.26;299,54;243,05;
20260408;540;294,45;440,32;295,85;08.04.26;296,95;244,75;
20260409;541;446,98;524,96;488,78;09.04.26;296,62;269,78;
20260410;598;321,29;342,39;285,58;10.04.26;295,04;284,67;
20260411;644;267,47;307,67;299,40;11.04.26;293,51;291,34;
20260412;418;206,04;284,41;210,87;12.04.26;289,64;301,05;
20260413;522;374,41;506,11;474,91;13.04.26;293,10;310,92;
20260414;579;337,55;330,81;475,73;14.04.26;296,46;321,17;
20260415;607;256,49;261,14;299,50;15.04.26;296,35;315,75;
20260416;533;348,04;359,36;403,10;16.04.26;296,15;301,61;
20260417;608;305,10;347,62;289,95;17.04.26;295,06;299,30;
20260418;680;155,89;145,69;186,33;18.04.26;287,73;283,36;
20260419;396;175,67;166,79;250,41;19.04.26;282,64;279,02;
20260420;545;218,81;290,85;262,82;20.04.26;279,92;256,79;
20260421;523;164,68;126,29;221,20;21.04.26;279,59;232,10;
20260422;546;224,48;229,84;221,97;22.04.26;277,05;227,52;
20260423;549;241,35;336,85;280,97;23.04.26;271,69;212,28;
20260424;578;257,90;262,82;305,00;24.04.26;269,73;205,54;
20260425;631;178,49;209,34;148,42;25.04.26;265,33;208,77;
20260426;380;139,48;191,19;159,47;26.04.26;260,17;203,60;
20260427;504;124,88;183,47;131,17;27.04.26;256,29;190,18;
20260428;521;203,46;278,90;169,18;28.04.26;255,29;195,72;
20260429;547;248,29;326,01;241,71;29.04.26;254,68;199,12;
20260430;565;193,48;245,49;204,76;30.04.26;246,20;192,28;
20260501;557;249,78;260,87;306,61;01.05.26;245,11;191,12;
20260502;629;131,66;210,01;122,62;02.05.26;240,44;184,43;
20260503;388;145,14;221,29;127,79;03.05.26;238,04;185,24;
20260504;496;207,04;279,64;211,03;04.05.26;237,58;196,98;
20260505;496;287,18;292,95;366,53;05.05.26;242,55;208,94;
20260506;535;284,82;234,56;381,00;06.05.26;241,87;214,16;
20260507;499;298,73;317,66;386,40;07.05.26;242,97;229,19;
20260508;594;250,95;289,10;278,23;08.05.26;241,52;229,36;
20260509;607;174,63;184,98;172,44;09.05.26;232,44;235,50;
20260510;379;139,84;191,69;116,29;10.05.26;226,39;234,74;
20260511;482;274,90;287,76;285,74;11.05.26;226,64;244,44;
20260512;546;218,41;254,03;191,71;12.05.26;227,05;234,61;
20260513;541;238,80;244,17;264,76;13.05.26;222,53;228,04;
20260514;542;207,80;243,72;193,12;14.05.26;218,21;215,05;
20260515;609;201,26;173,52;271,38;15.05.26;216,36;207,95;
20260516;668;168,60;138,42;222,67;16.05.26;210,38;207,09;
20260517;356;130,27;111,32;154,75;17.05.26;204,56;205,72;
20260518;500;225,25;343,45;209,34;18.05.26;206,87;198,63;
20260519;551;222,44;227,75;269,95;19.05.26;208,43;199,20;
20260520;542;256,69;207,16;304,93;20.05.26;209,69;201,76;
20260521;522;190,38;240,40;211,07;21.05.26;210,55;199,27;
20260522;599;149,31;110,26;183,94;22.05.26;208,04;191,85;
20260523;625;116,60;137,38;114,59;23.05.26;203,88;184,42;
20260524;333;179,06;238,01;215,07;24.05.26;201,25;191,39;
20260525;384;198,41;172,00;286,93;25.05.26;201,92;187,56;
20260526;526;163,74;163,24;198,99;26.05.26;202,73;179,17;
20260527;511;181,51;142,18;226,40;27.05.26;204,61;168,43;
20260528;503;184,40;210,09;230,00;28.05.26;203,98;167,58;
20260529;600;193,23;176,13;220,36;29.05.26;202,14;173,85;
20260530;600;204,28;154,11;257,09;30.05.26;202,50;186,37;
20260531;363;109,51;90,97;136,59;31.05.26;197,83;176,44;
20260601;499;152,68;185,30;154,56;01.06.26;198,53;169,91;
20260602;550;198,75;252,18;220,36;02.06.26;200,32;174,91;
20260603;532;242,84;161,39;321,01;03.06.26;201,51;183,67;
20260604;521;190,74;253,54;222,05;04.06.26;198,29;184,58;
20260605;570;127,85;127,46;125,64;05.06.26;193,06;175,24;
20260606;660;110,42;130,09;125,20;06.06.26;186,79;161,83;
20260607;415;111,75;159,15;106,20;07.06.26;182,15;162,15;
20260608;503;237,08;249,48;295,71;08.06.26;184,23;174,21;
20260609;573;219,68;172,90;259,59;09.06.26;186,89;177,20;
20260610;552;168,03;119,65;249,50;10.06.26;183,33;166,51;
20260611;591;173,76;201,16;186,43;11.06.26;181,84;164,08;
20260612;610;168,34;184,07;180,62;12.06.26;179,49;169,87;
20260613;602;176,08;219,43;192,17;13.06.26;178,43;179,25;
20260614;386;214,54;256,66;242,62;14.06.26;178,87;193,93;
20260615;508;208,67;208,02;314,49;15.06.26;180,21;189,87;
20260616;543;280,62;316,25;365,24;16.06.26;185,22;198,58;
20260617;586;254,38;202,88;357,24;17.06.26;186,19;210,91;
20260618;558;249,33;248,57;315,93;18.06.26;187,09;221,71;
20260619;521;152,59;164,80;179,76;19.06.26;183,62;219,46;
20260620;644;190,32;153,84;256,63;20.06.26;183,62;221,49;
20260621;380;78,46;104,29;86,98;21.06.26;181,26;202,05;
20260622;476;180,94;55,50;277,77;22.06.26;183,40;198,09;
20260623;511;168,55;180,95;172,49;23.06.26;183,05;182,08;
20260624;567;116,85;163,08;165,17;24.06.26;180,33;162,43;
20260625;540;226,97;342,47;142,83;25.06.26;182,44;159,24;
20260626;614;124,09;75,30;188,42;26.06.26;180,52;155,17;
20260627;643;128,79;154,08;111,38;27.06.26;178,67;146,38;
20260628;380;113,32;104,29;144,97;28.06.26;176,01;151,36;
20260629;495;173,99;186,80;178,07;29.06.26;175,00;150,37;
20260630;522;139,61;139,18;158,30;30.06.26;176,00;146,23;
20260701;585;152,89;158,06;188,34;01.07.26;176,01;151,38;
20260702;557;89,21;106,72;59,34;02.07.26;172,36;131,70;
20260703;525;56,79;50,32;62,96;03.07.26;166,15;122,09;
20260704;536;61,80;36,97;82,22;04.07.26;161,86;112,52;
20260705;368;36,01;17,95;44,91;05.07.26;158,80;101,47;
20260706;518;95,92;89,25;85,08;06.07.26;158,31;90,32;
20260707;502;158,37;184,20;153,64;07.07.26;159,87;93,00;
20260708;519;191,48;89,08;244,14;08.07.26;158,35;98,51;
20260709;535;185,75;172,83;247,13;09.07.26;157,21;112,30;
20260710;577;155,01;171,70;200,50;10.07.26;156,78;126,33;
20260711;617;144,96;128,46;160,72;11.07.26;155,82;138,21;
20260712;365;163,36;253,33;196,21;12.07.26;155,65;156,41;
20260713;468;191,11;254,03;188,34;13.07.26;156,16;170,00;
20260714;507;333,22;390,81;358,57;14.07.26;160,11;194,98;
20260715;547;163,51;193,19;191,35;15.07.26;158,61;190,99;
20260716;506;209,49;313,27;141,54;16.07.26;156,24;194,38;
20260717;539;165,94;208,31;183,97;17.07.26;153,29;195,94;
20260718;604;148,08;131,22;173,30;18.07.26;149,91;196,39;
20260719;389;127,73;152,81;141,62;19.07.26;149,08;191,30;
20260720;463;221,79;185,45;297,46;20.07.26;150,13;195,68;
20260721;485;143,43;204,27;204,46;21.07.26;152,30;168,57;
20260722;522;203,07;177,14;284,95;22.07.26;153,04;174,22;
20260723;515;270,15;294,97;299,52;23.07.26;156,42;182,88;
20260724;536;309,01;357,35;328,90;24.07.26;162,83;203,32;
20260725;592;134,29;156,19;158,20;25.07.26;159,74;201,35;
20260726;395;167,72;117,05;223,15;26.07.26;161,19;207,07;
20260727;442;187,36;254,03;174,49;27.07.26;163,15;202,15;
20260728;520;152,89;139,72;190,70;28.07.26;164,46;203,50;
20260729;523;139,34;126,29;210,67;29.07.26;163,31;194,40;
20260730;526;226,72;263,69;251,36;30.07.26;166,21;188,19;
20260731;586;169,59;191,61;159,82;31.07.26;166,77;168,27;
20260801;611;119,27;86,48;162,29;01.08.26;167,77;166,13;
20260802;364;81,90;90,72;105,94;02.08.26;168,61;153,87;
20260803;444;179,06;252,88;136,48;03.08.26;172,52;152,68;
20260804;497;166,63;186,05;133,01;04.08.26;176,87;154,64;
20260805;501;138,85;92,28;164,94;05.08.26;178,30;154,57;
20260806;501;119,01;118,65;153,94;06.08.26;176,99;139,19;
20260807;513;167,89;218,87;139,60;07.08.26;176,20;138,95;
20260808;569;104,79;139,29;87,14;08.08.26;173,51;136,88;
20260809;377;61,51;70,08;43,84;09.08.26;170,39;133,96;
20260810;451;88,14;117,16;97,72;10.08.26;168,50;120,97;
20260811;509;97,62;103,81;97,41;11.08.26;166,30;111,12;
20260812;536;142,14;147,87;154,17;12.08.26;164,67;111,59;
20260813;485;109,28;81,71;124,95;13.08.26;157,21;110,20;
20260814;512;109,99;90,30;150,64;14.08.26;155,42;101,92;
20260815;601;38,58;32,97;36,67;15.08.26;149,73;92,47;
20260816;352;47,05;18,76;78,25;16.08.26;145,76;90,40;
20260817;465;156,72;198,85;154,02;17.08.26;146,05;100,20;
20260818;512;200,57;193,50;279,75;18.08.26;148,48;114,91;
20260819;508;97,81;91,01;108,45;19.08.26;144,35;108,57;
20260820;509;169,21;168,69;173,17;20.08.26;145,21;117,13;
20260821;497;159,96;93,02;210,61;21.08.26;143,77;124,27;
20260822;597;127,62;121,70;156,87;22.08.26;139,02;136,99;
20260823;349;47,46;0,00;78,93;23.08.26;130,30;137,05;
20260824;451;154,24;146,45;146,58;24.08.26;130,96;136,70;
20260825;457;166,72;115,62;204,93;25.08.26;130,93;131,86;
20260826;510;149,39;181,31;172,83;26.08.26;129,67;139,23;
20260827;522;158,65;101,22;200,52;27.08.26;129,86;137,72;
20260828;535;148,60;185,18;164,76;28.08.26;130,17;136,10;
20260829;652;101,61;151,95;67,60;29.08.26;126,00;132,38;
20260830;378;78,87;87,36;87,44;30.08.26;122,97;136,87;
20260831;386;145,89;222,44;185,54;31.08.26;123,86;135,68;
20260901;455;167,45;130,64;205,83;01.09.26;126,71;135,78;
20260902;462;222,27;185,85;286,18;02.09.26;128,15;146,19;
20260903;472;168,44;209,90;233,43;03.09.26;128,21;147,59;
20260904;453;160,88;218,70;121,61;04.09.26;128,95;149,34;
20260905;491;161,92;121,06;224,40;05.09.26;130,38;157,96;
20260906;391;110,14;152,03;112,72;06.09.26;128,45;162,43;
20260907;346;143,61;152,71;191,06;07.09.26;129,74;162,10;
20260908;460;100,82;71,79;107,78;08.09.26;131,05;152,58;
20260909;464;221,31;128,11;332,44;09.09.26;135,49;152,44;
20260910;505;190,23;209,26;240,00;10.09.26;138,58;155,56;
20260911;475;209,21;222,48;185,57;11.09.26;140,82;162,46;
20260912;526;107,06;113,01;94,26;12.09.26;140,74;154,63;
20260913;407;130,22;146,05;162,43;13.09.26;141,42;157,49;
20260914;468;198,19;239,92;235,43;14.09.26;146,74;165,29;
20260915;484;212,17;204,69;227,64;15.09.26;152,24;181,20;
20260916;468;226,50;211,69;247,20;16.09.26;154,57;181,94;
20260917;483;82,30;109,40;68,43;17.09.26;150,62;166,52;
20260918;545;121,56;109,07;131,41;18.09.26;151,42;154,00;
20260919;489;128,71;81,04;180,25;19.09.26;150,07;157,09;
20260920;421;149,50;156,88;170,11;20.09.26;149,72;159,85;
20260921;423;172,28;109,30;221,40;21.09.26;151,21;156,15;
20260922;465;170,97;113,63;248,79;22.09.26;155,32;150,26;
20260923;470;211,44;182,68;304,75;23.09.26;157,23;148,11;
20260924;483;144,02;136,74;159,68;24.09.26;156,47;156,93;
20260925;507;241,75;221,46;315,11;25.09.26;159,55;174,10;
20260926;502;158,37;184,20;186,56;26.09.26;159,54;178,33;
20260927;378;140,21;87,36;204,04;27.09.26;159,26;177,01;
20260928;385;232,31;274,48;286,18;28.09.26;163,62;185,58;